Cluster,Center_Latitude,Center_Longitude,Total_Accidents,Dominant_Severity,Dominant_Weather,Dominant_Road_Type,Average_Speed,Average_Casualties,Peak_Hour,Fatal_Count,Serious_Count,Slight_Count
0,51.51517,-0.1632317,484266,Slight,Fine No High Winds,Single Carriageway,34.53,1.26,17.0,3522,55283,425461
633,52.51914,-1.9546542,83307,Slight,Fine No High Winds,Single Carriageway,33.63,1.37,17.0,765,10295,72247
140,53.496063,-2.24795,62855,Slight,Fine No High Winds,Single Carriageway,33.28,1.39,17.0,639,7514,54702
446,53.758736,-1.6638473,58862,Slight,Fine No High Winds,Single Carriageway,33.53,1.42,17.0,515,7751,50596
91,53.43649,-2.8289125,41049,Slight,Fine No High Winds,Single Carriageway,33.16,1.46,17.0,381,5877,34791
509,53.406013,-1.4184225,34744,Slight,Fine No High Winds,Single Carriageway,35.82,1.39,17.0,306,4409,30029
255,54.959965,-1.5423435,33473,Slight,Fine No High Winds,Single Carriageway,36.52,1.35,16.0,222,3708,29543
853,53.00352,-1.209756,31312,Slight,Fine No High Winds,Single Carriageway,35.36,1.31,17.0,237,4381,26694
2858,55.8473,-4.2288647,31221,Slight,Fine No High Winds,Single Carriageway,33.56,1.26,17.0,304,4205,26712
2270,51.467903,-2.574156,20121,Slight,Fine No High Winds,Single Carriageway,32.54,1.24,17.0,169,1981,17971
2007,50.831997,-0.24442491,18261,Slight,Fine No High Winds,Single Carriageway,33.39,1.24,17.0,130,2999,15132
1096,52.62995,-1.133977,17143,Slight,Fine No High Winds,Single Carriageway,33.87,1.3,17.0,119,1405,15619
1733,50.833317,-1.0965703,17096,Slight,Fine No High Winds,Single Carriageway,35.07,1.2,17.0,87,2837,14172
1732,50.94072,-1.3816397,15659,Slight,Fine No High Winds,Single Carriageway,37.55,1.23,17.0,91,2509,13059
2797,55.942593,-3.2013917,15275,Slight,Fine No High Winds,Single Carriageway,32.08,1.17,17.0,87,1942,13246
1777,50.739906,-1.8924999,14132,Slight,Fine No High Winds,Single Carriageway,33.19,1.25,17.0,86,1970,12076
66,53.77274,-2.364841,13297,Slight,Fine No High Winds,Single Carriageway,33.24,1.41,17.0,89,2015,11193
206,53.01845,-2.1825354,13030,Slight,Fine No High Winds,Single Carriageway,33.84,1.33,17.0,112,861,12057
648,52.436363,-1.4952573,13028,Slight,Fine No High Winds,Single Carriageway,34.9,1.31,17.0,130,1818,11080
82,53.735878,-2.6835759,12870,Slight,Fine No High Winds,Single Carriageway,36.48,1.44,17.0,117,1921,10832
582,53.757458,-0.35333365,11557,Slight,Fine No High Winds,Single Carriageway,31.6,1.28,17.0,67,1706,9784
162,53.341557,-2.5207376,10292,Slight,Fine No High Winds,Single Carriageway,45.75,1.45,17.0,102,1267,8923
2608,51.493076,-3.1845577,10131,Slight,Fine No High Winds,Single Carriageway,33.83,1.37,17.0,95,965,9071
854,52.912525,-1.4686214,9597,Slight,Fine No High Winds,Single Carriageway,35.49,1.31,17.0,67,1177,8353
2178,50.389305,-4.1334968,9594,Slight,Fine No High Winds,Single Carriageway,35.81,1.28,17.0,55,874,8665
147,53.357815,-3.0157626,9562,Slight,Fine No High Winds,Single Carriageway,34.35,1.43,17.0,81,1684,7797
2609,51.63598,-3.9157372,9332,Slight,Fine No High Winds,Single Carriageway,35.76,1.39,17.0,87,917,8328
618,54.56582,-1.2569438,7998,Slight,Fine No High Winds,Single Carriageway,35.26,1.39,17.0,52,1171,6775
60,53.82527,-3.0284064,7994,Slight,Fine No High Winds,Single Carriageway,31.62,1.37,17.0,43,1144,6807
1207,52.577286,-0.25069678,7655,Slight,Fine No High Winds,Single Carriageway,39.52,1.34,17.0,48,835,6772
1637,51.76683,-1.2400391,7289,Slight,Fine No High Winds,Single Carriageway,37.07,1.26,17.0,58,1045,6186
507,53.52072,-1.1260437,6959,Slight,Fine No High Winds,Single Carriageway,38.48,1.4,17.0,64,760,6135
1296,52.635635,1.283562,6581,Slight,Fine No High Winds,Single Carriageway,33.08,1.22,17.0,37,886,5658
1205,52.210423,0.12350838,6567,Slight,Fine No High Winds,Single Carriageway,35.86,1.19,17.0,44,857,5666
1884,51.28563,0.4850484,5839,Slight,Fine No High Winds,Single Carriageway,42.5,1.34,17.0,60,588,5191
549,53.558727,-0.07749496,5435,Slight,Fine No High Winds,Single Carriageway,31.75,1.43,17.0,22,838,4575
2457,51.566685,-1.7796688,5435,Slight,Fine No High Winds,Single Carriageway,37.79,1.3,17.0,46,682,4707
2241,50.475967,-3.5652955,5395,Slight,Fine No High Winds,Single Carriageway,35.17,1.28,17.0,32,568,4795
1165,52.244354,-0.8831164,5392,Slight,Fine No High Winds,Single Carriageway,35.25,1.24,17.0,45,894,4453
1356,52.053314,1.1558577,5317,Slight,Fine No High Winds,Single Carriageway,37.42,1.28,17.0,38,589,4690
355,53.963593,-1.0870771,4796,Slight,Fine No High Winds,Single Carriageway,33.58,1.19,17.0,32,562,4202
1069,53.221478,-0.5537257,4534,Slight,Fine No High Winds,Single Carriageway,35.49,1.3,17.0,28,466,4040
1894,51.364735,1.39254,4516,Slight,Fine No High Winds,Single Carriageway,31.81,1.29,17.0,29,499,3988
2011,50.86111,0.53798926,4198,Slight,Fine No High Winds,Single Carriageway,31.75,1.28,17.0,40,773,3385
2203,50.719536,-3.5124512,4015,Slight,Fine No High Winds,Single Carriageway,35.36,1.24,17.0,28,373,3614
1559,51.890446,0.8972079,3844,Slight,Fine No High Winds,Single Carriageway,36.25,1.22,17.0,34,620,3190
1416,52.13154,-0.4656001,3728,Slight,Fine No High Winds,Single Carriageway,34.03,1.28,17.0,29,466,3233
2009,50.7885,0.28067482,3691,Slight,Fine No High Winds,Single Carriageway,33.62,1.3,17.0,22,605,3064
2387,51.856403,-2.2285643,3666,Slight,Fine No High Winds,Single Carriageway,35.1,1.25,17.0,31,499,3136
73,54.056114,-2.8250875,3663,Slight,Fine No High Winds,Single Carriageway,32.32,1.37,17.0,29,643,2991
1515,51.734608,0.4829422,3490,Slight,Fine No High Winds,Single Carriageway,39.84,1.24,17.0,34,567,2889
2732,57.151535,-2.1156545,3484,Slight,Fine No High Winds,Single Carriageway,31.33,1.14,17.0,48,725,2711
1589,51.619995,-0.72845787,3459,Slight,Fine No High Winds,Single Carriageway,40.13,1.36,17.0,44,456,2959
2581,51.586945,-2.992758,3286,Slight,Fine No High Winds,Single Carriageway,40.65,1.35,17.0,38,340,2908
794,52.68466,-2.467154,3244,Slight,Fine No High Winds,Single Carriageway,37.26,1.35,17.0,25,370,2849
191,53.19459,-2.8870816,3225,Slight,Fine No High Winds,Single Carriageway,37.52,1.34,17.0,24,465,2736
187,53.09031,-2.4584632,3168,Slight,Fine No High Winds,Single Carriageway,34.67,1.28,17.0,35,488,2645
1881,51.160206,0.27219576,3082,Slight,Fine No High Winds,Single Carriageway,35.34,1.29,16.0,26,365,2691
452,53.707428,-1.3354234,3064,Slight,Fine No High Winds,Single Carriageway,35.34,1.42,17.0,30,481,2553
694,52.806404,-1.6370279,2992,Slight,Fine No High Winds,Single Carriageway,34.64,1.33,17.0,29,186,2777
558,53.58043,-0.65617025,2789,Slight,Fine No High Winds,Single Carriageway,33.46,1.38,16.0,26,410,2353
718,52.193027,-2.2114882,2710,Slight,Fine No High Winds,Single Carriageway,34.63,1.26,15.0,13,301,2396
2752,56.473522,-2.9671102,2603,Slight,Fine No High Winds,Single Carriageway,31.89,1.2,17.0,31,526,2046
695,52.619972,-1.671762,2511,Slight,Fine No High Winds,Single Carriageway,36.7,1.33,17.0,16,200,2295
352,54.529392,-1.5504359,2505,Slight,Fine No High Winds,Single Carriageway,31.73,1.32,17.0,12,283,2210
1735,51.263756,-1.0946997,2498,Slight,Fine No High Winds,Single Carriageway,42.32,1.25,8.0,29,396,2073
113,53.6403,-2.9960682,2457,Slight,Fine No High Winds,Single Carriageway,30.34,1.39,15.0,29,350,2078
800,52.287296,-1.5484365,2450,Slight,Fine No High Winds,Single Carriageway,33.56,1.25,17.0,25,310,2115
2388,51.90028,-2.0929792,2448,Slight,Fine No High Winds,Single Carriageway,34.43,1.21,17.0,28,365,2055
1879,51.144245,0.87678236,2369,Slight,Fine No High Winds,Single Carriageway,39.14,1.31,17.0,13,236,2120
2283,51.347122,-2.9486802,2326,Slight,Fine No High Winds,Single Carriageway,33.96,1.28,17.0,13,242,2071
18,54.893044,-2.9342995,2319,Slight,Fine No High Winds,Single Carriageway,32.53,1.25,17.0,21,201,2097
1883,51.284096,1.0898012,2217,Slight,Fine No High Winds,Single Carriageway,35.02,1.25,8.0,25,253,1939
1465,51.76086,0.11193641,2119,Slight,Fine No High Winds,Single Carriageway,41.09,1.25,17.0,28,372,1719
2569,53.051334,-3.000636,2118,Slight,Fine No High Winds,Single Carriageway,37.13,1.36,17.0,9,217,1892
1401,52.47648,1.7325268,2062,Slight,Fine No High Winds,Single Carriageway,32.38,1.24,17.0,15,258,1789
2271,51.380177,-2.3705428,2038,Slight,Fine No High Winds,Single Carriageway,30.39,1.19,17.0,21,170,1847
126,53.698788,-2.2896526,1961,Slight,Fine No High Winds,Single Carriageway,37.71,1.45,17.0,26,313,1622
2273,51.01894,-3.0984325,1924,Slight,Fine No High Winds,Single Carriageway,33.79,1.23,17.0,20,195,1709
823,52.376682,-1.2601321,1916,Slight,Fine No High Winds,Single Carriageway,34.11,1.25,8.0,18,259,1639
1588,51.814167,-0.80945206,1915,Slight,Fine No High Winds,Single Carriageway,33.09,1.3,17.0,15,201,1699
359,53.990875,-1.5303293,1912,Slight,Fine No High Winds,Single Carriageway,33.51,1.29,17.0,13,302,1597
746,52.29693,-1.925391,1857,Slight,Fine No High Winds,Single Carriageway,38.42,1.3,17.0,20,230,1607
1878,51.087917,1.1615564,1848,Slight,Fine No High Winds,Single Carriageway,38.37,1.31,17.0,11,206,1631
764,52.71205,-2.7433445,1788,Slight,Fine No High Winds,Single Carriageway,36.52,1.25,16.0,18,232,1538
2844,56.008255,-3.7751265,1762,Slight,Fine No High Winds,Single Carriageway,34.97,1.26,17.0,9,271,1482
14,54.1217,-3.2192414,1748,Slight,Fine No High Winds,Single Carriageway,31.34,1.24,16.0,14,189,1545
2800,55.900787,-3.5116093,1739,Slight,Fine No High Winds,Single Carriageway,35.86,1.34,17.0,14,201,1524
1294,52.595123,1.722652,1729,Slight,Fine No High Winds,Single Carriageway,32.77,1.28,16.0,15,220,1494
2272,51.130875,-2.9953902,1722,Slight,Fine No High Winds,Single Carriageway,37.88,1.28,16.0,17,174,1531
1099,52.768654,-1.2234175,1662,Slight,Fine No High Winds,Single Carriageway,35.21,1.24,17.0,24,156,1482
316,54.779648,-1.5762196,1640,Slight,Fine No High Winds,Single Carriageway,38.41,1.39,16.0,16,175,1449
739,52.384636,-2.2485135,1640,Slight,Fine No High Winds,Single Carriageway,34.79,1.29,15.0,24,210,1406
935,53.075367,-0.8010992,1621,Slight,Fine No High Winds,Single Carriageway,40.12,1.26,17.0,21,234,1366
613,54.682587,-1.2227134,1609,Slight,Fine No High Winds,Single Carriageway,31.62,1.4,17.0,11,256,1342
753,52.055534,-2.7200754,1603,Slight,Fine No High Winds,Single Carriageway,30.74,1.24,17.0,10,168,1425
2875,55.942867,-4.74953,1598,Slight,Fine No High Winds,Single Carriageway,32.02,1.28,17.0,15,211,1372
1893,51.345543,0.73025155,1581,Slight,Fine No High Winds,Single Carriageway,35.21,1.27,15.0,12,174,1395
2016,50.836594,-0.7756848,1550,Slight,Fine No High Winds,Single Carriageway,42.99,1.25,17.0,14,227,1309
1037,52.975048,-0.025730254,1549,Slight,Fine No High Winds,Single Carriageway,33.47,1.24,17.0,7,178,1364
447,53.867214,-1.9100659,1546,Slight,Fine No High Winds,Single Carriageway,31.86,1.41,15.0,11,226,1309
2612,51.517715,-3.5756698,1521,Slight,Fine No High Winds,Single Carriageway,37.4,1.42,17.0,16,147,1358
1892,51.134773,1.3040224,1509,Slight,Fine No High Winds,Single Carriageway,36.58,1.32,15.0,16,162,1331
1158,52.397568,-0.72168416,1501,Slight,Fine No High Winds,Single Carriageway,37.46,1.27,15.0,19,243,1239
1293,52.751354,0.41105884,1476,Slight,Fine No High Winds,Single Carriageway,37.74,1.34,15.0,21,152,1303
2020,50.791725,-0.67986524,1412,Slight,Fine No High Winds,Single Carriageway,32.29,1.23,8.0,14,275,1123
259,55.125603,-1.5427232,1410,Slight,Fine No High Winds,Single Carriageway,34.66,1.37,15.0,8,158,1244
1547,51.798084,1.1521648,1404,Slight,Fine No High Winds,Single Carriageway,30.94,1.27,17.0,11,209,1184
1206,52.33399,-0.17508401,1395,Slight,Fine No High Winds,Single Carriageway,45.9,1.39,17.0,13,148,1234
356,54.28094,-0.4120729,1390,Slight,Fine No High Winds,Single Carriageway,30.35,1.22,16.0,5,254,1131
2110,50.230095,-5.2593594,1385,Slight,Fine No High Winds,Single Carriageway,39.94,1.27,15.0,17,155,1213
2617,51.59053,-3.3191085,1383,Slight,Fine No High Winds,Single Carriageway,39.52,1.44,17.0,18,132,1233
542,53.311123,-1.1227188,1371,Slight,Fine No High Winds,Single Carriageway,35.92,1.32,15.0,8,196,1167
2799,55.881226,-3.0800674,1329,Slight,Fine No High Winds,Single Carriageway,39.04,1.26,16.0,8,184,1137
2803,55.886246,-3.6384602,1301,Slight,Fine No High Winds,Single Carriageway,40.99,1.4,16.0,20,154,1127
2508,50.61345,-2.4656563,1268,Slight,Fine No High Winds,Single Carriageway,31.47,1.25,17.0,7,178,1083
990,52.91169,-0.6462,1264,Slight,Fine No High Winds,Single Carriageway,34.72,1.28,17.0,7,138,1119
264,55.082565,-1.5817534,1253,Slight,Fine No High Winds,Single Carriageway,46.99,1.39,8.0,13,122,1118
2623,51.62916,-3.454333,1247,Slight,Fine No High Winds,Single Carriageway,32.34,1.45,16.0,18,128,1101
1634,52.063248,-1.3368508,1223,Slight,Fine No High Winds,Single Carriageway,35.73,1.24,17.0,9,168,1046
2282,50.945312,-2.6401672,1221,Slight,Fine No High Winds,Single Carriageway,32.35,1.25,17.0,7,134,1080
2428,51.07301,-1.8014627,1221,Slight,Fine No High Winds,Single Carriageway,32.75,1.28,17.0,11,188,1022
827,52.538925,-1.3780437,1204,Slight,Fine No High Winds,Single Carriageway,36.1,1.29,8.0,4,116,1084
2615,51.409725,-3.2677894,1200,Slight,Fine No High Winds,Single Carriageway,32.72,1.34,17.0,6,116,1078
257,55.176003,-1.5602483,1193,Slight,Fine No High Winds,Single Carriageway,36.45,1.34,15.0,10,144,1039
1648,51.401173,-1.305346,1189,Slight,Fine No High Winds,Single Carriageway,35.18,1.21,17.0,12,136,1041
1361,52.24819,0.7112101,1187,Slight,Fine No High Winds,Single Carriageway,38.43,1.27,17.0,13,148,1026
186,53.256527,-2.5080411,1182,Slight,Fine No High Winds,Single Carriageway,37.54,1.27,16.0,12,182,988
2024,51.070732,-0.3291588,1177,Slight,Fine No High Winds,Single Carriageway,40.48,1.26,8.0,13,215,949
2530,53.31229,-3.4871697,1175,Slight,Fine No High Winds,Single Carriageway,32.28,1.38,16.0,10,140,1025
1736,50.706764,-1.2854536,1139,Slight,Fine No High Winds,Single Carriageway,35.15,1.25,17.0,8,180,951
1496,51.87696,0.562242,1138,Slight,Fine No High Winds,Single Carriageway,40.13,1.27,17.0,12,213,913
1186,52.29998,-0.6978219,1126,Slight,Fine No High Winds,Single Carriageway,36.1,1.26,17.0,13,186,927
2611,51.751186,-3.3732426,1125,Slight,Fine No High Winds,Single Carriageway,39.24,1.54,17.0,19,118,988
192,53.191536,-2.4951668,1122,Slight,Fine No High Winds,Single Carriageway,37.27,1.31,17.0,11,166,945
1211,52.66226,0.16073275,1115,Slight,Fine No High Winds,Single Carriageway,34.84,1.29,17.0,10,153,952
696,52.687332,-1.8173131,1108,Slight,Fine No High Winds,Single Carriageway,41.32,1.36,16.0,15,49,1044
1159,52.488068,-0.7074315,1107,Slight,Fine No High Winds,Single Carriageway,34.65,1.25,17.0,20,207,880
2666,51.682594,-4.152103,1087,Slight,Fine No High Winds,Single Carriageway,32.38,1.33,16.0,6,121,960
189,53.258583,-2.1320393,1054,Slight,Fine No High Winds,Single Carriageway,31.67,1.25,15.0,7,189,858
747,52.34457,-2.0586357,1051,Slight,Fine No High Winds,Single Carriageway,42.09,1.35,8.0,16,115,920
2904,55.76431,-4.177561,1042,Slight,Fine No High Winds,Single Carriageway,36.21,1.25,17.0,12,124,906
24,54.540314,-3.5742342,1020,Slight,Fine No High Winds,Single Carriageway,35.3,1.4,15.0,11,106,903
1898,51.426105,0.7733234,1007,Slight,Fine No High Winds,Single Carriageway,34.61,1.32,15.0,9,120,878
2540,53.205585,-3.0438612,989,Slight,Fine No High Winds,Single Carriageway,36.81,1.37,17.0,13,132,844
2843,56.106976,-3.927911,985,Slight,Fine No High Winds,Single Carriageway,38.93,1.26,17.0,10,119,856
1494,51.795513,0.62869513,983,Slight,Fine No High Winds,Single Carriageway,46.17,1.32,17.0,9,163,811
992,52.79222,-0.14700033,968,Slight,Fine No High Winds,Single Carriageway,35.1,1.27,16.0,10,108,850
2934,55.46422,-4.6150856,968,Slight,Fine No High Winds,Single Carriageway,33.88,1.23,15.0,13,135,820
2159,50.343388,-4.7622066,957,Slight,Fine No High Winds,Single Carriageway,36.37,1.31,17.0,10,91,856
1740,51.211243,-1.4868846,947,Slight,Fine No High Winds,Single Carriageway,37.17,1.22,17.0,12,168,767
1456,51.80168,-0.059599224,940,Slight,Fine No High Winds,Single Carriageway,41.21,1.28,8.0,12,93,835
61,53.75002,-3.003825,935,Slight,Fine No High Winds,Single Carriageway,30.05,1.37,17.0,12,171,752
328,54.760555,-1.3414029,916,Slight,Fine No High Winds,Single Carriageway,38.07,1.44,17.0,6,128,782
2584,51.662315,-3.2154253,904,Slight,Fine No High Winds,Single Carriageway,35.19,1.46,17.0,10,120,774
1633,51.6774,-1.288081,901,Slight,Fine No High Winds,Single Carriageway,39.39,1.23,8.0,14,144,743
1036,53.15572,0.33719718,900,Slight,Fine No High Winds,Single Carriageway,31.71,1.4,15.0,10,98,792
536,53.424213,-1.2461772,894,Slight,Fine No High Winds,Single Carriageway,38.88,1.46,16.0,9,106,779
2122,50.262924,-5.0673566,875,Slight,Fine No High Winds,Single Carriageway,37.83,1.33,16.0,2,76,797
2190,51.075882,-4.06002,864,Slight,Fine No High Winds,Single Carriageway,36.03,1.25,17.0,10,75,779
911,52.77405,-1.5573921,857,Slight,Fine No High Winds,Single Carriageway,31.42,1.27,17.0,10,112,735
2465,51.3153,-2.2058933,857,Slight,Fine No High Winds,Single Carriageway,33.17,1.24,16.0,7,103,747
299,54.650043,-1.6820375,854,Slight,Fine No High Winds,Single Carriageway,34.7,1.44,15.0,11,95,748
1103,52.723625,-1.3606328,843,Slight,Fine No High Winds,Single Carriageway,35.15,1.26,8.0,10,90,743
165,53.45234,-1.983742,825,Slight,Fine No High Winds,Single Carriageway,33.24,1.32,16.0,4,115,706
636,52.62954,-1.9252452,822,Slight,Fine No High Winds,Single Carriageway,32.46,1.36,15.0,11,106,705
1909,51.365154,1.1248996,813,Slight,Fine No High Winds,Single Carriageway,33.68,1.28,16.0,6,89,718
23,54.636665,-3.5512261,811,Slight,Fine No High Winds,Single Carriageway,31.47,1.37,14.0,3,85,723
467,53.606968,-1.326416,792,Slight,Fine No High Winds,Single Carriageway,34.36,1.49,16.0,17,151,624
2526,53.298157,-3.7300458,778,Slight,Fine No High Winds,Single Carriageway,33.01,1.3,16.0,7,93,678
581,54.087837,-0.20052424,771,Slight,Fine No High Winds,Single Carriageway,30.66,1.3,15.0,9,128,634
453,53.86829,-1.6969936,765,Slight,Fine No High Winds,Single Carriageway,32.04,1.4,17.0,6,110,649
2015,50.799,-0.025941294,759,Slight,Fine No High Winds,Single Carriageway,31.15,1.3,17.0,6,134,619
2461,51.460682,-2.1291113,745,Slight,Fine No High Winds,Single Carriageway,38.34,1.26,16.0,7,93,645
2027,51.00036,-0.10131725,744,Slight,Fine No High Winds,Single Carriageway,34.69,1.25,17.0,5,113,626
92,53.56664,-2.889384,743,Slight,Fine No High Winds,Single Carriageway,34.16,1.46,15.0,7,106,630
802,52.19547,-1.7143177,733,Slight,Fine No High Winds,Single Carriageway,35.74,1.22,16.0,4,117,612
74,53.914566,-3.0261483,724,Slight,Fine No High Winds,Single Carriageway,32.2,1.26,16.0,7,101,616
578,53.84168,-0.4281908,722,Slight,Fine No High Winds,Single Carriageway,32.44,1.22,16.0,7,100,615
1840,51.232964,-0.3287734,722,Slight,Fine No High Winds,Single Carriageway,38.88,1.24,17.0,12,105,605
857,53.049625,-1.397981,716,Slight,Fine No High Winds,Single Carriageway,39.71,1.29,17.0,7,97,612
1764,50.84703,-1.7853862,707,Slight,Fine No High Winds,Single Carriageway,51.68,1.37,17.0,10,112,585
620,54.608425,-1.0713074,706,Slight,Fine No High Winds,Single Carriageway,32.95,1.39,16.0,4,108,594
1731,50.721764,-1.1622832,704,Slight,Fine No High Winds,Single Carriageway,34.91,1.33,17.0,5,115,584
2210,50.627777,-3.4030828,693,Slight,Fine No High Winds,Single Carriageway,34.23,1.24,16.0,3,81,609
2621,51.70838,-3.4370735,691,Slight,Fine No High Winds,Single Carriageway,34.86,1.57,17.0,10,45,636
2926,55.60581,-4.4918694,688,Slight,Fine No High Winds,Single Carriageway,35.12,1.26,13.0,5,108,575
721,52.11955,-2.31628,683,Slight,Fine No High Winds,Single Carriageway,30.81,1.23,15.0,6,77,600
1890,51.3539,1.0373493,681,Slight,Fine No High Winds,Single Carriageway,36.27,1.3,15.0,7,73,601
343,54.8573,-1.8228084,676,Slight,Fine No High Winds,Single Carriageway,38.02,1.48,16.0,11,96,569
2506,50.709667,-2.4415605,676,Slight,Fine No High Winds,Single Carriageway,42.59,1.47,17.0,9,93,574
338,54.86745,-1.7050409,669,Slight,Fine No High Winds,Single Carriageway,33.81,1.41,16.0,7,85,577
2753,56.401463,-3.4493465,665,Slight,Fine No High Winds,Single Carriageway,32.36,1.17,16.0,7,137,521
1889,51.21576,1.3928086,665,Slight,Fine No High Winds,Single Carriageway,30.9,1.26,17.0,1,84,580
2783,56.124947,-3.1560218,661,Slight,Fine No High Winds,Single Carriageway,35.25,1.23,15.0,5,87,569
2026,50.87164,0.0015090441,658,Slight,Fine No High Winds,Single Carriageway,43.57,1.31,17.0,5,114,539
1747,50.649445,-1.1650575,647,Slight,Fine No High Winds,Single Carriageway,30.57,1.35,16.0,2,109,536
330,54.82926,-1.3618559,647,Slight,Fine No High Winds,Single Carriageway,39.58,1.51,15.0,7,111,529
1651,51.89902,-1.1528918,644,Slight,Fine No High Winds,Single Carriageway,40.02,1.24,17.0,7,94,543
1187,52.298183,-0.6013292,641,Slight,Fine No High Winds,Single Carriageway,37.82,1.22,15.0,10,118,513
2919,55.645523,-4.7600045,641,Slight,Fine No High Winds,Single Carriageway,32.11,1.21,15.0,6,105,530
1839,51.097588,-0.7319652,635,Slight,Fine No High Winds,Single Carriageway,39.37,1.49,8.0,7,89,539
1393,51.965412,1.3376255,630,Slight,Fine No High Winds,Single Carriageway,35.24,1.27,12.0,4,72,554
2116,50.120216,-5.537556,626,Slight,Fine No High Winds,Single Carriageway,36.6,1.22,15.0,6,71,549
1458,51.87023,0.1654443,620,Slight,Fine No High Winds,Single Carriageway,34.26,1.29,17.0,7,73,540
1237,52.222782,-0.2730363,620,Slight,Fine No High Winds,Single Carriageway,37.35,1.32,17.0,9,85,526
508,53.57446,-1.1949911,619,Slight,Fine No High Winds,Single Carriageway,42.54,1.51,17.0,8,82,529
2591,51.583046,-3.2208729,617,Slight,Fine No High Winds,Single Carriageway,33.7,1.32,15.0,3,90,524
2585,51.651146,-3.0237136,612,Slight,Fine No High Winds,Single Carriageway,36.09,1.32,16.0,9,72,531
16,54.32686,-2.7433453,607,Slight,Fine No High Winds,Single Carriageway,30.84,1.2,17.0,3,68,536
1743,50.750923,-1.6640261,607,Slight,Fine No High Winds,Single Carriageway,31.42,1.22,15.0,6,120,481
2294,51.29373,-2.4590948,598,Slight,Fine No High Winds,Single Carriageway,34.52,1.39,15.0,9,53,536
510,53.58739,-1.0058082,597,Slight,Fine No High Winds,Single Carriageway,43.32,1.37,15.0,8,83,506
2588,51.792503,-3.1988447,594,Slight,Fine No High Winds,Single Carriageway,34.98,1.54,17.0,8,72,514
2918,55.616505,-4.6506643,585,Slight,Fine No High Winds,Single Carriageway,38.03,1.26,17.0,9,82,494
1638,51.783245,-1.4915917,581,Slight,Fine No High Winds,Single Carriageway,37.28,1.22,17.0,10,61,510
2781,56.013657,-3.4082477,576,Slight,Fine No High Winds,Single Carriageway,42.4,1.23,17.0,6,78,492
1737,50.84415,-1.39372,574,Slight,Fine No High Winds,Single Carriageway,35.84,1.27,15.0,7,123,444
2117,50.158707,-5.0875187,558,Slight,Fine No High Winds,Single Carriageway,35.48,1.27,16.0,8,66,484
1360,52.25368,0.39855015,557,Slight,Fine No High Winds,Single Carriageway,38.82,1.27,16.0,8,84,465
2136,50.412815,-5.0714583,555,Slight,Fine No High Winds,Single Carriageway,35.33,1.28,15.0,5,61,489
1368,52.039448,0.73962486,551,Slight,Fine No High Winds,Single Carriageway,32.14,1.31,16.0,9,58,484
1827,51.19373,-0.6074243,543,Slight,Fine No High Winds,Single Carriageway,32.5,1.3,17.0,3,63,477
1292,52.41446,0.7421611,543,Slight,Fine No High Winds,Single Carriageway,39.12,1.3,15.0,5,68,470
733,52.265472,-2.1530404,541,Slight,Fine No High Winds,Single Carriageway,45.43,1.35,17.0,8,62,471
654,53.102673,-2.0285816,526,Slight,Fine No High Winds,Single Carriageway,32.62,1.35,16.0,6,44,476
196,53.16446,-2.2145398,525,Slight,Fine No High Winds,Single Carriageway,33.03,1.3,17.0,8,110,407
667,52.75695,-1.9355813,522,Slight,Fine No High Winds,Single Carriageway,34.56,1.27,17.0,6,33,483
2945,55.07154,-3.6145113,517,Slight,Fine No High Winds,Single Carriageway,32.69,1.18,17.0,2,94,421
1071,53.39886,-0.77158415,506,Slight,Fine No High Winds,Single Carriageway,32.79,1.32,15.0,3,45,458
2892,55.943592,-4.004242,506,Slight,Fine No High Winds,Single Carriageway,42.25,1.42,17.0,8,80,418
2303,51.53924,-2.4180157,503,Slight,Fine No High Winds,Single Carriageway,32.37,1.28,17.0,6,42,455
2008,50.958622,-0.13566887,501,Slight,Fine No High Winds,Single Carriageway,31.3,1.25,8.0,1,86,414
2727,57.4804,-4.2227917,496,Slight,Fine No High Winds,Single Carriageway,32.96,1.2,16.0,8,60,428
261,54.844624,-1.4834172,496,Slight,Fine No High Winds,Single Carriageway,33.97,1.3,17.0,3,71,422
727,52.08885,-1.9402633,493,Slight,Fine No High Winds,Single Carriageway,35.58,1.21,17.0,7,71,415
1235,52.552647,0.08303816,493,Slight,Fine No High Winds,Single Carriageway,34.65,1.25,16.0,4,60,429
856,53.019733,-1.4611586,491,Slight,Fine No High Winds,Single Carriageway,34.99,1.29,15.0,3,64,424
2152,50.466526,-4.713652,490,Slight,Fine No High Winds,Single Carriageway,42.27,1.41,16.0,2,41,447
1863,51.131092,-0.01762449,490,Slight,Fine No High Winds,Single Carriageway,31.65,1.25,8.0,2,93,395
1104,52.764557,-0.8883297,489,Slight,Fine No High Winds,Single Carriageway,30.76,1.29,8.0,5,47,437
1887,51.309895,0.887104,487,Slight,Fine No High Winds,Single Carriageway,40.88,1.33,17.0,4,53,430
2393,51.743515,-2.2253392,483,Slight,Fine No High Winds,Single Carriageway,31.41,1.19,16.0,5,70,408
2524,53.31931,-3.8234956,482,Slight,Fine No High Winds,Single Carriageway,32.01,1.32,15.0,5,58,419
940,53.319523,-0.9448015,474,Slight,Fine No High Winds,Single Carriageway,32.7,1.31,17.0,3,84,387
2191,51.023617,-4.2074304,473,Slight,Fine No High Winds,Single Carriageway,34.9,1.35,16.0,2,55,416
1358,52.186703,1.0019344,470,Slight,Fine No High Winds,Single Carriageway,38.6,1.28,17.0,6,64,400
692,52.67973,-1.9287896,468,Slight,Fine No High Winds,Single Carriageway,32.18,1.34,8.0,6,39,423
1435,51.91512,-0.6590599,467,Slight,Fine No High Winds,Single Carriageway,31.41,1.25,8.0,4,50,413
697,52.90575,-1.8737671,465,Slight,Fine No High Winds,Single Carriageway,42.15,1.4,15.0,7,31,427
2531,53.32757,-3.410989,463,Slight,Fine No High Winds,Single Carriageway,31.92,1.46,15.0,4,63,396
1482,51.816654,-0.35241294,462,Slight,Fine No High Winds,Single Carriageway,31.41,1.25,16.0,2,67,393
2772,56.189114,-3.0219479,459,Slight,Fine No High Winds,Single Carriageway,30.04,1.23,16.0,5,78,376
363,53.77874,-1.0678637,456,Slight,Fine No High Winds,Single Carriageway,35.15,1.22,15.0,0,53,403
2025,50.86328,0.25403473,454,Slight,Fine No High Winds,Single Carriageway,38.88,1.27,16.0,8,92,354
1833,51.175938,-0.64978844,451,Slight,Fine No High Winds,Single Carriageway,47.29,1.49,8.0,4,71,376
2610,51.654053,-3.3229945,449,Slight,Fine No High Winds,Single Carriageway,45.35,1.49,15.0,6,53,390
2582,51.6956,-3.030905,448,Slight,Fine No High Winds,Single Carriageway,41.83,1.34,17.0,3,61,384
2525,53.282665,-3.8060834,446,Slight,Fine No High Winds,Single Carriageway,37.69,1.4,17.0,2,39,405
19,54.659973,-2.753344,440,Slight,Fine No High Winds,Single Carriageway,40.75,1.23,16.0,7,44,389
2667,51.853775,-4.31116,439,Slight,Fine No High Winds,Single Carriageway,38.66,1.41,17.0,2,55,382
1900,51.326805,0.65638244,438,Slight,Fine No High Winds,Dual Carriageway,67.19,1.68,17.0,5,49,384
306,54.69825,-1.5978098,436,Slight,Fine No High Winds,Single Carriageway,40.67,1.36,12.0,3,52,381
2689,51.800514,-4.971973,436,Slight,Fine No High Winds,Single Carriageway,34.56,1.38,16.0,1,59,376
991,53.00413,-0.41461462,435,Slight,Fine No High Winds,Single Carriageway,39.77,1.24,16.0,2,42,391
2284,51.435093,-2.8430555,434,Slight,Fine No High Winds,Single Carriageway,44.59,1.4,16.0,7,44,383
1591,51.671246,-0.59908533,432,Slight,Fine No High Winds,Single Carriageway,34.68,1.28,8.0,6,59,367
2028,50.795456,0.051807582,427,Slight,Fine No High Winds,Single Carriageway,33.63,1.35,17.0,2,74,351
1654,51.727062,-1.0615132,425,Slight,Fine No High Winds,Dual Carriageway,61.48,1.53,17.0,13,89,323
2396,51.713024,-1.9631661,424,Slight,Fine No High Winds,Single Carriageway,40.59,1.3,8.0,3,53,368
652,52.90179,-2.1456583,423,Slight,Fine No High Winds,Single Carriageway,39.34,1.25,8.0,9,33,381
1519,51.62643,0.4199536,421,Slight,Fine No High Winds,Single Carriageway,31.33,1.24,16.0,2,68,351
1646,51.608696,-1.2444892,421,Slight,Fine No High Winds,Single Carriageway,34.11,1.2,18.0,5,69,347
1039,53.37076,-0.0012261999,420,Slight,Fine No High Winds,Single Carriageway,35.98,1.26,12.0,4,62,354
2690,51.687267,-4.929652,417,Slight,Fine No High Winds,Single Carriageway,32.45,1.24,16.0,4,41,372
2301,51.135414,-2.7317228,409,Slight,Fine No High Winds,Single Carriageway,31.49,1.26,8.0,5,43,361
1365,52.08205,0.43532792,403,Slight,Fine No High Winds,Single Carriageway,31.39,1.23,17.0,2,42,359
2121,50.184185,-5.42084,403,Slight,Fine No High Winds,Single Carriageway,43.8,1.36,15.0,10,49,344
1210,52.32953,-0.07338009,402,Slight,Fine No High Winds,Single Carriageway,35.87,1.27,17.0,3,50,349
2039,50.77588,0.10321324,399,Slight,Fine No High Winds,Single Carriageway,32.96,1.26,15.0,2,88,309
2274,51.229126,-2.320332,396,Slight,Fine No High Winds,Single Carriageway,33.96,1.3,18.0,4,50,342
1394,52.061512,1.2616609,393,Slight,Fine No High Winds,Single Carriageway,46.34,1.29,17.0,3,46,344
512,53.6162,-0.95981187,392,Slight,Fine No High Winds,Single Carriageway,34.29,1.43,16.0,6,52,334
801,52.3397,-1.5698844,389,Slight,Fine No High Winds,Single Carriageway,40.08,1.31,8.0,1,52,336
305,54.61977,-1.5750357,389,Slight,Fine No High Winds,Single Carriageway,34.45,1.43,17.0,4,48,337
1314,52.67526,0.9402543,388,Slight,Fine No High Winds,Single Carriageway,36.03,1.22,15.0,7,47,334
62,53.781517,-2.8759265,385,Slight,Fine No High Winds,Single Carriageway,40.73,1.43,17.0,6,64,315
744,52.341053,-2.278864,385,Slight,Fine No High Winds,Single Carriageway,32.44,1.31,16.0,10,51,324
2232,50.386597,-3.9424112,384,Slight,Fine No High Winds,Single Carriageway,48.88,1.47,17.0,4,49,331
1216,52.39638,0.26156878,381,Slight,Fine No High Winds,Single Carriageway,36.3,1.21,17.0,3,49,329
584,53.705288,-0.8759838,381,Slight,Fine No High Winds,Single Carriageway,30.42,1.25,17.0,6,58,317
835,52.40464,-1.1917363,380,Slight,Fine No High Winds,Dual Carriageway,68.47,1.57,17.0,24,51,305
870,53.25721,-1.9078013,379,Slight,Fine No High Winds,Single Carriageway,31.42,1.19,15.0,6,36,337
2456,51.372993,-2.1376922,378,Slight,Fine No High Winds,Single Carriageway,36.3,1.3,8.0,5,45,328
1417,52.085518,-0.26010028,376,Slight,Fine No High Winds,Single Carriageway,44.71,1.31,15.0,2,51,323
538,53.36551,-1.2195605,375,Slight,Fine No High Winds,Single Carriageway,36.61,1.49,16.0,3,53,319
995,52.65424,-0.479446,375,Slight,Fine No High Winds,Single Carriageway,31.04,1.18,17.0,2,46,327
2879,55.947975,-4.5627403,374,Slight,Fine No High Winds,Single Carriageway,33.64,1.28,16.0,5,53,316
2634,51.52232,-3.695096,374,Slight,Fine No High Winds,Single Carriageway,42.67,1.44,17.0,4,50,320
1367,52.343163,0.5241642,372,Slight,Fine No High Winds,Single Carriageway,44.54,1.38,17.0,6,54,312
2779,56.06985,-3.4559307,371,Slight,Fine No High Winds,Single Carriageway,29.84,1.2,17.0,1,60,310
1336,52.456387,1.5677756,370,Slight,Fine No High Winds,Single Carriageway,36.05,1.31,15.0,4,39,327
2877,55.992973,-4.5817213,368,Slight,Fine No High Winds,Single Carriageway,37.39,1.26,16.0,7,61,300
207,53.269657,-2.7904012,368,Slight,Fine No High Winds,Dual Carriageway,59.05,1.63,16.0,5,60,303
1097,52.70132,-1.29169,367,Slight,Fine No High Winds,Dual Carriageway,63.19,1.48,17.0,8,48,311
5,51.345337,0.1436522,362,Slight,Fine No High Winds,Dual Carriageway,54.86,1.42,12.0,4,54,304
2839,56.119434,-3.7896821,357,Slight,Fine No High Winds,Single Carriageway,30.22,1.23,15.0,2,53,302
1600,51.576286,-0.76740944,355,Slight,Fine No High Winds,Single Carriageway,41.35,1.23,8.0,2,44,309
1594,51.707882,-0.6112139,354,Slight,Fine No High Winds,Single Carriageway,32.2,1.19,18.0,2,59,293
2035,50.981644,-0.19801989,352,Slight,Fine No High Winds,Dual Carriageway,62.05,1.42,8.0,6,51,295
1167,52.257156,-1.1640167,351,Slight,Fine No High Winds,Single Carriageway,35.44,1.24,17.0,9,59,283
770,52.8607,-3.0480058,350,Slight,Fine No High Winds,Single Carriageway,34.54,1.21,17.0,4,50,296
2226,50.906975,-3.483485,350,Slight,Fine No High Winds,Single Carriageway,36.43,1.22,17.0,5,38,307
380,54.482296,-0.6271312,346,Slight,Fine No High Winds,Single Carriageway,36.65,1.44,12.0,2,55,289
891,53.176952,-1.4013656,345,Slight,Fine No High Winds,Single Carriageway,32.75,1.35,12.0,5,52,288
2859,55.91864,-4.330799,344,Slight,Fine No High Winds,Single Carriageway,31.8,1.23,17.0,3,42,299
2619,51.532036,-3.380684,343,Slight,Fine No High Winds,Single Carriageway,40.06,1.56,17.0,7,43,293
1550,51.93497,1.2644595,343,Slight,Fine No High Winds,Single Carriageway,32.01,1.17,15.0,3,50,290
152,53.55149,-3.0560231,342,Slight,Fine No High Winds,Single Carriageway,39.62,1.32,15.0,10,53,279
2774,56.190098,-3.159174,339,Slight,Fine No High Winds,Single Carriageway,43.3,1.27,16.0,4,47,288
2862,55.938007,-4.1511984,338,Slight,Fine No High Winds,Single Carriageway,31.24,1.23,15.0,0,43,295
123,53.87251,-2.3895164,338,Slight,Fine No High Winds,Single Carriageway,31.21,1.25,16.0,5,57,276
2804,55.949814,-2.9646184,338,Slight,Fine No High Winds,Single Carriageway,36.83,1.23,15.0,0,48,290
2480,50.793526,-1.9811561,337,Slight,Fine No High Winds,Single Carriageway,35.82,1.36,8.0,6,56,275
2247,50.548447,-3.5032904,337,Slight,Fine No High Winds,Single Carriageway,34.07,1.26,8.0,3,42,292
2560,53.222687,-4.1349382,335,Slight,Fine No High Winds,Single Carriageway,32.42,1.3,15.0,3,49,283
1754,51.149887,-0.9715009,334,Slight,Fine No High Winds,Single Carriageway,37.01,1.18,8.0,3,55,276
1522,51.73193,0.6811482,330,Slight,Fine No High Winds,Single Carriageway,34.33,1.22,17.0,4,62,264
2305,51.229633,-2.9861605,330,Slight,Fine No High Winds,Single Carriageway,30.61,1.17,17.0,2,37,291
516,53.477875,-1.064758,330,Slight,Fine No High Winds,Single Carriageway,33.85,1.44,18.0,1,33,296
2512,50.731632,-2.7543259,324,Slight,Fine No High Winds,Single Carriageway,33.98,1.28,15.0,5,41,278
651,53.110657,-2.1748703,323,Slight,Fine No High Winds,Single Carriageway,31.46,1.31,17.0,3,18,302
362,54.339504,-1.4355917,321,Slight,Fine No High Winds,Single Carriageway,31.03,1.23,16.0,2,47,272
1752,50.7589,-1.5498407,320,Slight,Fine No High Winds,Single Carriageway,31.53,1.19,15.0,4,61,255
2149,50.634,-4.3613076,319,Slight,Fine No High Winds,Single Carriageway,40.66,1.37,15.0,4,27,288
2391,51.997456,-2.1354682,317,Slight,Fine No High Winds,Single Carriageway,37.73,1.22,8.0,7,46,264
1642,51.94968,-1.2032915,314,Slight,Fine No High Winds,Dual Carriageway,61.18,1.42,13.0,5,41,268
1920,51.25731,0.62323546,313,Slight,Fine No High Winds,Dual Carriageway,60.06,1.41,18.0,4,43,266
2668,51.790154,-3.9952095,312,Slight,Fine No High Winds,Single Carriageway,31.41,1.38,15.0,2,48,262
1739,50.752956,-1.2980512,312,Slight,Fine No High Winds,Single Carriageway,31.22,1.27,16.0,0,61,251
2481,50.804607,-1.9337238,312,Slight,Fine No High Winds,Single Carriageway,48.04,1.39,16.0,4,54,254
456,53.788414,-1.3909938,311,Slight,Fine No High Winds,Single Carriageway,37.01,1.34,17.0,8,56,247
22,54.190914,-3.0981982,309,Slight,Fine No High Winds,Single Carriageway,34.85,1.29,16.0,1,44,264
2756,56.56179,-2.5896914,309,Slight,Fine No High Winds,Single Carriageway,30.26,1.18,16.0,4,56,249
2018,51.053417,0.16759722,306,Slight,Fine No High Winds,Single Carriageway,32.39,1.33,17.0,6,58,242
2867,55.797546,-4.395189,306,Slight,Fine No High Winds,Single Carriageway,33.24,1.21,16.0,4,42,260
2801,55.946934,-3.4061184,306,Slight,Fine No High Winds,Single Carriageway,46.83,1.45,16.0,3,38,265
1432,52.01458,-0.4974797,305,Slight,Fine No High Winds,Single Carriageway,35.34,1.27,8.0,4,51,250
1110,52.570107,-1.330572,305,Slight,Fine No High Winds,Single Carriageway,35.8,1.34,15.0,6,30,269
1750,50.992054,-1.4890987,303,Slight,Fine No High Winds,Single Carriageway,36.7,1.23,13.0,4,58,241
1753,50.796413,-0.97763485,302,Slight,Fine No High Winds,Single Carriageway,32.58,1.32,13.0,1,54,247
459,53.904877,-1.693511,298,Slight,Fine No High Winds,Single Carriageway,33.66,1.33,16.0,8,55,235
268,55.165867,-1.688756,296,Slight,Fine No High Winds,Single Carriageway,31.52,1.24,15.0,1,26,269
2012,50.97804,0.096760795,296,Slight,Fine No High Winds,Single Carriageway,39.43,1.24,13.0,9,50,237
1215,52.2986,-0.077747904,296,Slight,Fine No High Winds,Dual Carriageway,64.83,1.64,17.0,2,35,259
1546,51.841255,1.2448313,290,Slight,Fine No High Winds,Single Carriageway,30.72,1.33,15.0,5,47,238
1395,52.09363,1.3036153,290,Slight,Fine No High Winds,Single Carriageway,40.55,1.22,14.0,3,34,253
537,53.364483,-1.3171443,288,Slight,Fine No High Winds,Single Carriageway,37.81,1.39,8.0,4,43,241
2435,51.175438,-1.7674453,288,Slight,Fine No High Winds,Single Carriageway,45.42,1.38,17.0,5,49,234
2695,51.715927,-5.035656,288,Slight,Fine No High Winds,Single Carriageway,31.22,1.28,15.0,1,40,247
2583,51.608204,-3.1017108,287,Slight,Fine No High Winds,Single Carriageway,40.21,1.37,12.0,4,51,232
1098,52.748123,-1.4618096,286,Slight,Fine No High Winds,Single Carriageway,40.35,1.31,8.0,7,30,249
1787,50.947594,-1.5311435,286,Slight,Fine No High Winds,Dual Carriageway,63.53,1.36,17.0,4,37,245
1498,51.86926,0.19874988,283,Slight,Fine No High Winds,Dual Carriageway,60.49,1.42,12.0,2,41,240
178,53.640568,-2.3221288,282,Slight,Fine No High Winds,Single Carriageway,33.3,1.42,17.0,4,44,234
383,53.959846,-2.0197034,281,Slight,Fine No High Winds,Single Carriageway,31.89,1.21,15.0,3,38,240
1756,50.916336,-1.5927042,281,Slight,Fine No High Winds,Dual Carriageway,60.96,1.4,15.0,2,48,231
2630,51.607834,-3.655028,280,Slight,Fine No High Winds,Single Carriageway,30.68,1.32,17.0,3,29,248
369,54.132763,-1.5213828,279,Slight,Fine No High Winds,Single Carriageway,35.84,1.27,16.0,3,52,224
967,52.94334,-1.0407674,279,Slight,Fine No High Winds,Single Carriageway,47.31,1.42,12.0,4,40,235
934,53.20298,-1.0128412,278,Slight,Fine No High Winds,Single Carriageway,38.31,1.31,17.0,4,51,223
1291,52.05559,-0.021510523,277,Slight,Fine No High Winds,Single Carriageway,42.17,1.25,17.0,8,41,228
2448,51.35373,-1.9891171,275,Slight,Fine No High Winds,Single Carriageway,32.47,1.2,15.0,4,31,240
465,53.71119,-2.09749,272,Slight,Fine No High Winds,Single Carriageway,30.62,1.32,17.0,5,59,208
2595,51.77876,-3.2462964,272,Slight,Fine No High Winds,Single Carriageway,36.62,1.5,14.0,4,33,235
1113,52.456573,-1.1960481,270,Slight,Fine No High Winds,Single Carriageway,52.89,1.4,17.0,8,23,239
988,52.678448,-0.31557158,270,Slight,Fine No High Winds,Single Carriageway,40.78,1.23,8.0,5,34,231
810,52.258762,-1.6090792,268,Slight,Fine No High Winds,Dual Carriageway,63.17,1.54,8.0,2,42,224
2613,51.520428,-3.4965553,267,Slight,Fine No High Winds,Single Carriageway,46.4,1.47,17.0,2,38,227
825,52.576126,-1.5406379,266,Slight,Fine No High Winds,Single Carriageway,41.35,1.26,18.0,2,43,221
2747,57.647297,-3.307882,266,Slight,Fine No High Winds,Single Carriageway,32.29,1.14,15.0,4,45,217
361,54.007275,-1.4614782,266,Slight,Fine No High Winds,Single Carriageway,34.1,1.31,17.0,1,60,205
461,53.678776,-1.3567919,265,Slight,Fine No High Winds,Single Carriageway,31.25,1.51,15.0,5,44,216
655,52.98432,-1.9915453,265,Slight,Fine No High Winds,Single Carriageway,34.94,1.37,17.0,3,19,243
586,53.727882,-0.5398239,263,Slight,Fine No High Winds,Single Carriageway,48.21,1.44,8.0,0,41,222
2703,52.5114,-3.3191044,263,Slight,Fine No High Winds,Single Carriageway,34.33,1.21,15.0,2,34,227
266,54.973167,-2.099263,263,Slight,Fine No High Winds,Single Carriageway,37.72,1.24,15.0,2,34,227
754,51.91897,-2.5768592,262,Slight,Fine No High Winds,Single Carriageway,43.28,1.28,15.0,3,26,233
2642,51.679,-3.3753753,262,Slight,Fine No High Winds,Single Carriageway,34.66,1.52,15.0,1,32,229
1911,51.30208,0.9257032,261,Slight,Fine No High Winds,Dual Carriageway,64.79,1.51,8.0,2,25,234
2262,50.432583,-3.6875846,259,Slight,Fine No High Winds,Single Carriageway,35.06,1.26,17.0,2,21,236
1769,51.005066,-0.9363494,258,Slight,Fine No High Winds,Single Carriageway,34.73,1.23,8.0,1,44,213
90,53.597565,-2.8464272,256,Slight,Fine No High Winds,Single Carriageway,31.6,1.45,15.0,1,33,222
430,53.839474,-1.34287,256,Slight,Fine No High Winds,Dual Carriageway,64.96,1.48,17.0,4,30,222
2806,55.613987,-2.8016887,256,Slight,Fine No High Winds,Single Carriageway,31.02,1.2,16.0,0,46,210
426,53.9357,-1.3787566,255,Slight,Fine No High Winds,Single Carriageway,48.35,1.42,12.0,4,33,218
2014,50.9713,0.24512462,255,Slight,Fine No High Winds,Single Carriageway,38.27,1.32,11.0,4,42,209
258,54.815117,-1.4457948,255,Slight,Fine No High Winds,Single Carriageway,31.69,1.28,17.0,2,44,209
2907,55.742867,-3.969934,254,Slight,Fine No High Winds,Single Carriageway,41.06,1.32,18.0,5,47,202
564,53.546543,-0.5530427,252,Slight,Fine No High Winds,Single Carriageway,60.52,1.49,7.0,6,25,221
1002,52.80661,0.009809532,250,Slight,Fine No High Winds,Single Carriageway,42.4,1.36,16.0,2,26,222
1108,52.476677,-0.9211153,248,Slight,Fine No High Winds,Single Carriageway,29.96,1.16,15.0,2,24,222
869,53.13996,-1.555903,248,Slight,Fine No High Winds,Single Carriageway,32.22,1.24,17.0,1,32,215
2218,50.798054,-3.1927593,248,Slight,Fine No High Winds,Single Carriageway,41.98,1.28,17.0,1,20,227
2840,56.016205,-3.9119372,246,Slight,Fine No High Winds,Single Carriageway,42.15,1.22,15.0,2,50,194
458,53.577984,-1.7766743,246,Slight,Fine No High Winds,Single Carriageway,31.42,1.39,8.0,5,35,206
2167,50.45436,-4.4619427,245,Slight,Fine No High Winds,Single Carriageway,39.96,1.33,17.0,0,19,226
1649,51.787884,-1.3643799,245,Slight,Fine No High Winds,Single Carriageway,55.59,1.44,17.0,1,55,189
200,53.09531,-2.3000493,242,Slight,Fine No High Winds,Single Carriageway,38.76,1.42,16.0,4,42,196
1640,51.620438,-1.3013037,241,Slight,Fine No High Winds,Single Carriageway,50.75,1.36,17.0,2,32,207
69,54.127422,-2.7636106,241,Slight,Fine No High Winds,Single Carriageway,43.28,1.48,17.0,1,56,184
2684,52.415504,-4.0774016,240,Slight,Fine No High Winds,Single Carriageway,33.04,1.17,15.0,2,36,202
32,54.71096,-3.4947433,238,Slight,Fine No High Winds,Single Carriageway,31.13,1.42,15.0,1,34,203
1785,50.904503,-1.1924075,237,Slight,Fine No High Winds,Single Carriageway,39.07,1.35,7.0,3,52,182
381,54.134247,-0.79315966,236,Slight,Fine No High Winds,Single Carriageway,30.68,1.22,8.0,0,43,193
1656,51.534687,-0.9023106,235,Slight,Fine No High Winds,Single Carriageway,31.19,1.19,8.0,1,40,194
2538,53.169167,-3.138102,235,Slight,Fine No High Winds,Single Carriageway,33.96,1.29,13.0,1,30,204
1524,51.64724,0.60730207,234,Slight,Fine No High Winds,Single Carriageway,39.7,1.28,8.0,2,33,199
1392,51.974316,0.9888923,234,Slight,Fine No High Winds,Dual Carriageway,67.22,1.48,14.0,7,37,190
13,54.373344,-2.912348,232,Slight,Fine No High Winds,Single Carriageway,32.28,1.27,11.0,6,28,198
2548,53.246696,-3.1337693,232,Slight,Fine No High Winds,Single Carriageway,31.85,1.4,17.0,1,41,190
177,53.36308,-2.3774462,231,Slight,Fine No High Winds,Dual Carriageway,63.38,1.65,16.0,3,24,204
1251,52.557667,-0.12330396,231,Slight,Fine No High Winds,Single Carriageway,31.82,1.25,16.0,0,30,201
2286,50.873955,-2.9610581,231,Slight,Fine No High Winds,Single Carriageway,31.13,1.23,16.0,1,24,206
572,53.683636,-0.44588414,230,Slight,Fine No High Winds,Single Carriageway,41.04,1.42,17.0,5,41,184
1208,52.329285,-0.24024148,230,Slight,Fine No High Winds,Roundabout,54.26,1.33,8.0,4,29,197
449,53.926662,-1.8157673,228,Slight,Fine No High Winds,Single Carriageway,31.97,1.37,12.0,3,50,175
2242,50.391502,-3.5173662,227,Slight,Fine No High Winds,Single Carriageway,33.17,1.12,15.0,2,28,197
2510,50.554455,-2.444209,227,Slight,Fine No High Winds,Single Carriageway,33.83,1.29,15.0,5,42,180
639,52.400906,-1.7568166,227,Slight,Fine No High Winds,Dual Carriageway,55.95,1.52,17.0,1,18,208
386,54.01033,-1.3809904,226,Slight,Fine No High Winds,Single Carriageway,63.72,1.73,17.0,6,36,184
2236,50.54584,-4.146409,226,Slight,Fine No High Winds,Single Carriageway,35.27,1.34,16.0,2,31,193
1902,51.07114,1.083231,226,Slight,Fine No High Winds,Single Carriageway,32.26,1.29,10.0,3,33,190
787,52.534153,-2.4168909,224,Slight,Fine No High Winds,Single Carriageway,32.95,1.27,15.0,5,24,195
1243,52.58608,-0.40974835,223,Slight,Fine No High Winds,Single Carriageway,62.78,1.7,17.0,4,30,189
975,53.085068,-1.1704564,223,Slight,Fine No High Winds,Single Carriageway,44.75,1.52,8.0,7,47,169
1491,51.685734,-0.31994283,223,Slight,Fine No High Winds,Single Carriageway,33.81,1.3,12.0,1,27,195
364,54.240433,-0.40638012,222,Slight,Fine No High Winds,Single Carriageway,38.47,1.26,15.0,2,43,177
1631,51.6696,-0.9539651,220,Slight,Fine No High Winds,Dual Carriageway,62.82,1.58,7.0,10,35,175
1561,51.878345,0.771202,220,Slight,Fine No High Winds,Single Carriageway,52.18,1.4,10.0,5,31,184
1748,51.11229,-0.86264855,219,Slight,Fine No High Winds,Single Carriageway,34.79,1.26,8.0,5,49,165
148,53.373596,-3.1745393,219,Slight,Fine No High Winds,Single Carriageway,31.42,1.27,15.0,0,51,168
702,52.64874,-1.8328058,218,Slight,Fine No High Winds,Single Carriageway,52.25,1.44,17.0,1,18,199
932,53.064087,-1.2691562,218,Slight,Fine No High Winds,Roundabout,62.8,1.44,8.0,3,25,190
2486,50.857674,-2.1581423,216,Slight,Fine No High Winds,Single Carriageway,39.68,1.3,15.0,2,26,188
2528,53.286797,-3.5782354,216,Slight,Fine No High Winds,Single Carriageway,38.56,1.42,18.0,4,35,177
213,53.304794,-2.3715396,216,Slight,Fine No High Winds,Single Carriageway,30.51,1.2,17.0,0,39,177
2114,50.101383,-5.2706237,216,Slight,Fine No High Winds,Single Carriageway,35.79,1.24,11.0,4,21,191
464,53.904015,-1.9440241,215,Slight,Fine No High Winds,Single Carriageway,36.6,1.35,17.0,2,32,181
929,53.207237,-1.1530209,214,Slight,Fine No High Winds,Single Carriageway,31.31,1.21,17.0,3,30,181
1582,51.599716,0.65818864,213,Slight,Fine No High Winds,Single Carriageway,30.42,1.33,15.0,0,26,187
1886,50.986584,0.9398359,213,Slight,Fine No High Winds,Single Carriageway,38.92,1.45,17.0,8,35,170
2253,50.579723,-3.4685535,212,Slight,Fine No High Winds,Single Carriageway,35.66,1.34,16.0,4,18,190
2013,50.897884,-0.16992135,212,Slight,Fine No High Winds,Dual Carriageway,64.53,1.54,7.0,6,41,165
675,52.666706,-1.970759,212,Slight,Fine No High Winds,Single Carriageway,40.47,1.39,8.0,2,21,189
77,53.904694,-2.779588,210,Slight,Fine No High Winds,Single Carriageway,40.43,1.43,13.0,4,48,158
2624,51.55316,-3.3501318,210,Slight,Fine No High Winds,Single Carriageway,37.76,1.61,19.0,1,21,188
1476,51.762306,-0.5697542,210,Slight,Fine No High Winds,Single Carriageway,30.71,1.25,8.0,2,31,177
318,54.733246,-1.5221148,209,Slight,Fine No High Winds,Single Carriageway,54.31,1.67,8.0,4,24,181
454,53.61586,-1.2292178,209,Slight,Fine No High Winds,Dual Carriageway,63.44,1.8,12.0,4,26,179
680,52.880882,-2.1713483,209,Slight,Fine No High Winds,Dual Carriageway,69.0,1.78,15.0,3,14,192
2571,52.98157,-3.0562873,208,Slight,Fine No High Winds,Single Carriageway,37.02,1.28,15.0,3,34,171
1000,52.76618,-0.37245175,208,Slight,Fine No High Winds,Single Carriageway,34.47,1.17,16.0,6,24,178
2123,50.279892,-5.1627474,207,Slight,Fine No High Winds,Single Carriageway,55.75,1.42,17.0,4,20,183
1635,51.592304,-1.4263401,206,Slight,Fine No High Winds,Single Carriageway,32.18,1.25,17.0,1,34,171
263,55.045467,-1.5467933,206,Slight,Fine No High Winds,Single Carriageway,53.2,1.42,16.0,5,27,174
1781,51.275414,-0.9580547,205,Slight,Fine No High Winds,Single Carriageway,52.34,1.18,18.0,2,39,164
539,53.39555,-1.2612277,203,Slight,Fine No High Winds,Single Carriageway,43.84,1.35,16.0,4,29,170
2458,51.544437,-1.8967601,203,Slight,Fine No High Winds,Single Carriageway,39.7,1.33,7.0,5,26,172
976,52.9498,-0.9785755,202,Slight,Fine No High Winds,Roundabout,49.5,1.49,17.0,2,28,172
1166,52.1353,-0.9943526,201,Slight,Fine No High Winds,Single Carriageway,48.66,1.28,18.0,3,38,160
2643,51.50718,-3.308887,201,Slight,Fine No High Winds,Dual Carriageway,62.79,1.51,11.0,4,13,184
1422,52.183285,-0.30429342,199,Slight,Fine No High Winds,Dual Carriageway,62.01,1.44,13.0,4,28,167
551,53.615593,-0.21214703,198,Slight,Fine No High Winds,Single Carriageway,32.78,1.46,16.0,2,31,165
1501,51.867973,0.36694837,198,Slight,Fine No High Winds,Single Carriageway,48.13,1.3,15.0,0,49,149
2462,51.203842,-2.1816351,197,Slight,Fine No High Winds,Single Carriageway,30.1,1.15,15.0,2,27,168
2325,51.18629,-2.5433705,197,Slight,Fine No High Winds,Single Carriageway,32.59,1.2,13.0,1,20,176
2214,50.687935,-3.2394588,197,Slight,Fine No High Winds,Single Carriageway,31.88,1.24,8.0,0,25,172
1935,51.073975,0.6909746,197,Slight,Fine No High Winds,Single Carriageway,37.46,1.31,16.0,3,17,177
460,53.658173,-1.2595868,196,Slight,Fine No High Winds,Dual Carriageway,66.22,1.78,16.0,4,19,173
184,53.628647,-2.0289638,196,Slight,Fine No High Winds,Dual Carriageway,67.5,1.62,13.0,2,20,174
1305,52.37368,1.1138513,196,Slight,Fine No High Winds,Single Carriageway,33.57,1.25,15.0,1,29,166
2645,51.48428,-3.6992176,196,Slight,Fine No High Winds,Single Carriageway,33.21,1.49,15.0,2,30,164
1047,53.206814,-0.11611234,196,Slight,Fine No High Winds,Single Carriageway,36.73,1.34,11.0,2,23,171
36,54.523743,-3.5222278,195,Slight,Fine No High Winds,Single Carriageway,33.49,1.32,17.0,3,26,166
2554,53.27137,-3.2181675,195,Slight,Fine No High Winds,Single Carriageway,38.46,1.39,8.0,2,35,158
900,53.20354,-1.2185268,195,Slight,Fine No High Winds,Single Carriageway,33.44,1.29,15.0,1,38,156
567,53.58496,-0.41330376,194,Slight,Fine No High Winds,Roundabout,61.34,1.68,15.0,1,17,176
743,52.37456,-2.3074489,193,Slight,Fine No High Winds,Single Carriageway,40.98,1.34,15.0,4,12,177
579,54.00682,-0.44045636,193,Slight,Fine No High Winds,Single Carriageway,33.83,1.31,11.0,0,35,158
1328,52.456356,1.4421984,191,Slight,Fine No High Winds,Single Carriageway,36.13,1.25,15.0,3,36,152
2229,50.856026,-3.39023,189,Slight,Fine No High Winds,Single Carriageway,43.54,1.4,15.0,3,21,165
1727,51.35424,-1.1471301,189,Slight,Fine No High Winds,Single Carriageway,34.92,1.37,17.0,3,35,151
2468,51.2617,-2.1866877,189,Slight,Fine No High Winds,Single Carriageway,30.69,1.16,8.0,0,16,173
803,52.24706,-1.5586448,189,Slight,Fine No High Winds,Single Carriageway,57.25,1.57,16.0,4,24,161
2243,50.566696,-3.6555057,188,Slight,Fine No High Winds,Single Carriageway,46.49,1.34,8.0,2,16,170
2460,51.514763,-2.1184344,188,Slight,Fine No High Winds,Dual Carriageway,65.16,1.51,17.0,4,17,167
234,53.23201,-2.9946034,187,Slight,Fine No High Winds,Dual Carriageway,56.74,1.45,16.0,2,24,161
370,54.405457,-1.7335812,186,Slight,Fine No High Winds,Single Carriageway,31.67,1.19,15.0,0,29,157
2539,53.16821,-2.9829183,186,Slight,Fine No High Winds,Single Carriageway,45.97,1.41,17.0,2,30,154
2739,57.506977,-1.7896458,186,Slight,Fine No High Winds,Single Carriageway,31.83,1.13,13.0,5,47,134
2556,53.140232,-4.2688427,186,Slight,Fine No High Winds,Single Carriageway,30.75,1.35,17.0,2,31,153
1213,52.12642,0.22213645,186,Slight,Fine No High Winds,Single Carriageway,60.16,1.5,16.0,2,25,159
2350,51.202194,-3.4698772,186,Slight,Fine No High Winds,Single Carriageway,32.2,1.25,15.0,2,23,161
71,52.237637,-1.3625442,185,Slight,Fine No High Winds,Single Carriageway,45.62,1.34,16.0,0,32,153
2119,50.210087,-5.4829173,184,Slight,Fine No High Winds,Single Carriageway,32.01,1.14,15.0,1,21,162
2302,51.482018,-2.7689407,181,Slight,Fine No High Winds,Single Carriageway,30.22,1.15,15.0,3,17,161
1926,51.09237,1.0502802,181,Slight,Fine No High Winds,Single Carriageway,60.72,1.35,8.0,3,19,159
2878,56.00473,-4.7316422,181,Slight,Fine No High Winds,Single Carriageway,30.28,1.28,13.0,2,30,149
752,52.41897,-2.1425462,180,Slight,Fine No High Winds,Single Carriageway,39.39,1.56,16.0,1,27,152
871,53.364372,-1.9997702,179,Slight,Fine No High Winds,Single Carriageway,31.23,1.28,16.0,1,20,158
2534,53.18703,-3.4164276,179,Slight,Fine No High Winds,Single Carriageway,33.74,1.18,16.0,0,22,157
2019,50.951134,0.73238003,179,Slight,Fine No High Winds,Single Carriageway,32.01,1.3,11.0,4,31,144
805,52.349915,-1.828148,179,Slight,Fine No High Winds,Dual Carriageway,66.37,1.84,17.0,3,31,145
561,53.552414,-0.4982271,179,Slight,Fine No High Winds,Single Carriageway,36.37,1.47,17.0,1,30,148
384,54.23144,-1.3372015,178,Slight,Fine No High Winds,Single Carriageway,39.16,1.39,16.0,4,38,136
2497,50.946335,-2.5195403,178,Slight,Fine No High Winds,Single Carriageway,35.11,1.25,17.0,0,23,155
546,53.480003,-1.5844238,178,Slight,Fine No High Winds,Single Carriageway,34.94,1.39,16.0,2,31,145
2175,50.5034,-4.3095765,177,Slight,Fine No High Winds,Single Carriageway,40.62,1.41,15.0,0,24,153
1944,51.3935,0.3018062,177,Slight,Fine No High Winds,Single Carriageway,32.15,1.38,8.0,1,18,158
272,55.76632,-2.008494,176,Slight,Fine No High Winds,Single Carriageway,30.23,1.22,14.0,3,23,150
2776,56.109093,-3.3424249,176,Slight,Fine No High Winds,Single Carriageway,38.18,1.24,16.0,4,29,143
1326,52.82169,1.3865374,175,Slight,Fine No High Winds,Single Carriageway,31.6,1.23,14.0,1,27,147
202,53.335922,-2.5713897,175,Slight,Fine No High Winds,Dual Carriageway,54.51,1.41,17.0,2,21,152
874,53.335686,-1.9855647,175,Slight,Fine No High Winds,Single Carriageway,36.46,1.39,14.0,1,30,144
331,54.78611,-1.3464522,175,Slight,Fine No High Winds,Single Carriageway,40.97,1.41,17.0,2,16,157
2633,51.580868,-3.432074,174,Slight,Fine No High Winds,Single Carriageway,39.25,1.57,16.0,0,15,159
2866,55.77534,-4.3249125,173,Slight,Fine No High Winds,Single Carriageway,33.35,1.22,16.0,0,23,150
2814,55.896534,-3.695534,173,Slight,Fine No High Winds,Single Carriageway,33.87,1.26,12.0,2,25,146
2204,50.647682,-3.5417666,173,Slight,Fine No High Winds,Dual Carriageway,66.07,1.41,16.0,3,21,149
1461,51.809795,0.14493044,173,Slight,Fine No High Winds,Single Carriageway,32.54,1.4,15.0,1,28,144
307,54.686752,-1.5521533,172,Slight,Fine No High Winds,Single Carriageway,34.42,1.36,16.0,2,28,142
912,52.866993,-1.5662507,172,Slight,Fine No High Winds,Dual Carriageway,59.94,1.45,7.0,1,8,163
1772,51.210617,-1.1754774,171,Slight,Fine No High Winds,Dual Carriageway,65.73,1.44,8.0,5,30,136
2483,51.00623,-2.1910336,171,Slight,Fine No High Winds,Single Carriageway,39.47,1.37,15.0,1,24,146
1184,52.226944,-1.0006589,171,Slight,Fine No High Winds,Dual Carriageway,65.03,1.47,16.0,5,35,131
368,53.99206,-1.0214819,171,Slight,Fine No High Winds,Single Carriageway,55.03,1.58,11.0,1,33,137
1598,51.653862,-0.90097505,170,Slight,Fine No High Winds,Dual Carriageway,58.88,1.48,18.0,2,28,140
2339,51.043335,-3.0444324,170,Slight,Fine No High Winds,Single Carriageway,56.18,1.59,17.0,2,22,146
2915,55.73422,-3.8362293,170,Slight,Fine No High Winds,Single Carriageway,32.06,1.31,15.0,1,29,140
2636,51.735676,-3.5043898,169,Slight,Fine No High Winds,Single Carriageway,43.79,1.48,17.0,1,14,154
127,53.824062,-2.4033668,169,Slight,Fine No High Winds,Single Carriageway,45.98,1.53,14.0,2,33,134
2399,51.8204,-2.500432,169,Slight,Fine No High Winds,Single Carriageway,32.13,1.27,17.0,2,24,143
2663,51.745857,-4.064141,168,Slight,Fine No High Winds,Roundabout,53.69,1.43,12.0,2,10,156
1844,51.278996,-0.37147287,168,Slight,Fine No High Winds,Single Carriageway,31.79,1.32,16.0,2,25,141
2295,51.20817,-2.6521668,168,Slight,Fine No High Winds,Single Carriageway,30.42,1.3,16.0,6,24,138
308,54.630264,-1.6424334,167,Slight,Fine No High Winds,Single Carriageway,33.53,1.24,16.0,1,24,142
1505,51.94258,0.63554114,166,Slight,Fine No High Winds,Single Carriageway,33.86,1.16,8.0,1,38,127
279,54.968285,-1.7544637,166,Slight,Fine No High Winds,Single Carriageway,43.98,1.46,8.0,3,33,130
1923,51.242428,0.20632997,166,Slight,Fine No High Winds,Single Carriageway,60.36,1.55,8.0,3,19,144
2589,51.67139,-3.1398087,165,Slight,Fine No High Winds,Single Carriageway,38.61,1.48,17.0,6,33,126
111,53.590355,-2.6929233,164,Slight,Fine No High Winds,Single Carriageway,47.62,1.63,15.0,1,27,136
2597,51.823402,-3.0194614,164,Slight,Fine No High Winds,Single Carriageway,33.72,1.32,17.0,4,19,141
1532,51.692715,0.4195051,164,Slight,Fine No High Winds,Dual Carriageway,64.45,1.5,18.0,3,24,137
2603,51.811123,-2.71219,164,Slight,Fine No High Winds,Single Carriageway,45.73,1.64,15.0,1,24,139
224,53.34715,-2.1211114,164,Slight,Fine No High Winds,Single Carriageway,30.55,1.24,15.0,1,25,138
2882,55.925854,-4.458218,163,Slight,Fine No High Winds,Dual Carriageway,59.75,1.23,7.0,3,20,140
580,53.74045,-0.8648616,163,Slight,Fine No High Winds,Single Carriageway,48.9,1.55,15.0,1,24,138
357,53.902218,-1.9886013,162,Slight,Fine No High Winds,Single Carriageway,36.11,1.24,16.0,0,31,131
2543,53.16792,-3.0805192,161,Slight,Fine No High Winds,Single Carriageway,30.19,1.25,17.0,1,22,138
2491,50.695484,-2.10901,161,Slight,Fine No High Winds,Single Carriageway,34.16,1.28,17.0,3,35,123
271,55.073353,-1.529125,161,Slight,Fine No High Winds,Single Carriageway,33.29,1.25,16.0,1,17,143
373,53.87949,-1.2628278,161,Slight,Fine No High Winds,Single Carriageway,48.39,1.47,16.0,2,32,127
2227,50.91772,-3.3557508,161,Slight,Fine No High Winds,Roundabout,57.45,1.37,8.0,1,7,153
1236,52.457516,0.046145808,161,Slight,Fine No High Winds,Single Carriageway,38.39,1.25,17.0,3,24,134
26,54.484467,-3.529366,160,Slight,Fine No High Winds,Single Carriageway,43.0,1.22,16.0,1,18,141
2520,53.30708,-4.6299925,160,Slight,Fine No High Winds,Single Carriageway,30.69,1.23,15.0,1,22,137
1761,50.979286,-1.4487139,160,Slight,Fine No High Winds,Single Carriageway,36.75,1.29,17.0,1,48,111
2280,51.23793,-2.9511704,159,Slight,Fine No High Winds,Single Carriageway,57.55,1.4,17.0,2,28,129
150,53.39699,-3.1658087,158,Slight,Fine No High Winds,Single Carriageway,30.57,1.37,16.0,1,25,132
76,53.986946,-2.7847009,158,Slight,Fine No High Winds,Single Carriageway,53.8,1.68,18.0,2,27,129
1868,51.142452,-0.49205235,158,Slight,Fine No High Winds,Single Carriageway,31.96,1.28,17.0,1,23,134
265,54.99088,-1.7483526,158,Slight,Fine No High Winds,Single Carriageway,33.42,1.22,13.0,2,30,126
270,55.40956,-1.7025172,158,Slight,Fine No High Winds,Single Carriageway,33.61,1.33,17.0,0,26,132
661,53.023758,-2.0715318,158,Slight,Fine No High Winds,Single Carriageway,43.54,1.56,17.0,2,16,140
2665,51.798283,-4.081583,158,Slight,Fine No High Winds,Single Carriageway,35.25,1.42,16.0,2,20,136
2818,55.427834,-2.7837374,157,Slight,Fine No High Winds,Single Carriageway,31.66,1.08,13.0,2,21,134
2052,50.82423,0.1799503,157,Slight,Fine No High Winds,Single Carriageway,56.69,1.65,8.0,1,25,131
594,53.74,-0.2007541,156,Slight,Fine No High Winds,Single Carriageway,31.15,1.4,15.0,2,34,120
1521,51.628178,0.55795467,156,Slight,Fine No High Winds,Single Carriageway,56.15,1.27,8.0,0,27,129
2627,51.69519,-3.8911421,155,Slight,Fine No High Winds,Single Carriageway,34.71,1.43,15.0,4,18,133
1940,51.186527,0.80471253,155,Slight,Fine No High Winds,Dual Carriageway,62.71,1.54,16.0,5,23,127
2629,51.718826,-3.8497615,155,Slight,Fine No High Winds,Single Carriageway,35.1,1.39,16.0,1,19,135
1663,51.749393,-0.9734355,155,Slight,Fine No High Winds,Single Carriageway,39.81,1.27,8.0,2,18,135
2889,55.833973,-3.9281569,154,Slight,Fine No High Winds,Dual Carriageway,58.9,1.47,8.0,1,11,142
1252,52.33935,0.33483747,154,Slight,Fine No High Winds,Single Carriageway,38.9,1.31,8.0,3,21,130
1497,52.020718,0.2428918,154,Slight,Fine No High Winds,Single Carriageway,32.53,1.14,17.0,3,31,120
918,52.853077,-1.5764302,154,Slight,Fine No High Winds,Single Carriageway,50.19,1.36,8.0,2,16,136
2762,56.644264,-2.8878448,153,Slight,Fine No High Winds,Single Carriageway,30.0,1.15,17.0,1,36,116
866,53.015594,-1.7338955,152,Slight,Fine No High Winds,Single Carriageway,32.37,1.26,16.0,0,23,129
65,53.807953,-2.886478,152,Slight,Fine No High Winds,Dual Carriageway,57.11,1.66,16.0,2,16,134
616,54.53588,-1.0592568,152,Slight,Fine No High Winds,Single Carriageway,36.12,1.39,15.0,1,33,118
1941,51.269634,1.3366791,152,Slight,Fine No High Winds,Single Carriageway,35.99,1.26,8.0,0,24,128
2288,50.96539,-2.7440586,150,Slight,Fine No High Winds,Roundabout,60.8,1.51,15.0,1,10,139
2802,55.92497,-3.0585415,149,Slight,Fine No High Winds,Dual Carriageway,57.11,1.5,16.0,0,12,137
117,53.539272,-2.8321302,149,Slight,Fine No High Winds,Single Carriageway,55.84,1.53,17.0,1,22,126
2692,51.673748,-4.7109823,149,Slight,Fine No High Winds,Single Carriageway,33.69,1.21,11.0,0,22,127
1837,51.228138,-0.49081278,148,Slight,Fine No High Winds,Single Carriageway,50.81,1.45,16.0,3,29,116
628,54.51307,-1.3547084,148,Slight,Fine No High Winds,Single Carriageway,30.2,1.22,8.0,2,24,122
1307,52.648777,1.7224171,148,Slight,Fine No High Winds,Single Carriageway,40.27,1.29,16.0,3,21,124
301,54.66128,-1.6330802,148,Slight,Fine No High Winds,Single Carriageway,49.59,1.61,15.0,1,21,126
1652,51.76382,-1.5905768,148,Slight,Fine No High Winds,Single Carriageway,31.62,1.18,17.0,1,18,129
1228,52.213932,0.21238801,147,Slight,Fine No High Winds,Dual Carriageway,59.05,1.27,8.0,3,14,130
64,53.75334,-2.8770816,147,Slight,Fine No High Winds,Single Carriageway,38.03,1.33,8.0,3,32,112
1910,51.115982,0.95636874,146,Slight,Fine No High Winds,Dual Carriageway,64.38,1.68,16.0,6,25,115
2454,51.440468,-2.0041003,146,Slight,Fine No High Winds,Single Carriageway,30.14,1.1,18.0,2,22,122
1317,52.678295,1.232995,146,Slight,Fine No High Winds,Single Carriageway,43.56,1.48,17.0,2,26,118
2023,50.85551,-0.6525054,146,Slight,Fine No High Winds,Dual Carriageway,64.79,1.46,16.0,2,33,111
1440,51.97659,-0.42781618,146,Slight,Fine No High Winds,Single Carriageway,53.84,1.57,9.0,1,24,121
1807,50.868942,-1.4348416,146,Slight,Fine No High Winds,Single Carriageway,45.96,1.3,8.0,1,22,123
1507,51.99795,0.19617034,145,Slight,Fine No High Winds,Dual Carriageway,69.17,1.58,12.0,2,21,122
786,52.90451,-2.4901943,145,Slight,Fine No High Winds,Single Carriageway,33.52,1.19,13.0,2,19,124
1421,52.128784,-0.2945018,145,Slight,Fine No High Winds,Single Carriageway,40.41,1.32,17.0,3,11,131
2656,51.77294,-3.7691221,145,Slight,Fine No High Winds,Single Carriageway,33.66,1.32,18.0,2,21,122
650,52.591095,-1.7842171,145,Slight,Fine No High Winds,Single Carriageway,57.86,1.47,14.0,2,15,128
846,52.567257,-1.6838526,145,Slight,Fine No High Winds,Single Carriageway,55.1,1.57,14.0,3,20,122
93,53.634663,-2.6889663,144,Slight,Fine No High Winds,Dual Carriageway,61.18,1.69,17.0,9,28,107
2403,51.838413,-2.1002226,144,Slight,Fine No High Winds,Single Carriageway,57.29,1.62,17.0,10,19,115
182,53.541996,-2.0125456,144,Slight,Fine No High Winds,Single Carriageway,33.4,1.5,15.0,2,24,118
1372,52.445187,0.6217099,144,Slight,Fine No High Winds,Single Carriageway,30.97,1.26,15.0,0,26,118
1323,52.65005,0.6892063,144,Slight,Fine No High Winds,Single Carriageway,38.89,1.3,12.0,0,27,117
392,54.375195,-1.7205395,144,Slight,Fine No High Winds,Single Carriageway,33.33,1.35,15.0,3,33,108
1608,51.578335,-0.70822054,143,Slight,Fine No High Winds,Single Carriageway,31.61,1.21,8.0,2,21,120
707,52.637257,-1.8044798,143,Slight,Fine No High Winds,Dual Carriageway,62.38,1.62,7.0,2,12,129
2484,50.80935,-1.8151281,143,Slight,Fine No High Winds,Single Carriageway,54.97,1.72,17.0,3,26,114
1906,51.341976,1.3196073,143,Slight,Fine No High Winds,Single Carriageway,47.83,1.37,8.0,3,15,125
2507,50.6421,-2.4268224,143,Slight,Fine No High Winds,Single Carriageway,36.01,1.32,17.0,5,27,111
2021,50.92248,-0.14203082,143,Slight,Fine No High Winds,Single Carriageway,36.71,1.4,10.0,2,25,116
897,53.228634,-1.2942587,142,Slight,Fine No High Winds,Single Carriageway,30.7,1.27,15.0,0,16,126
2077,50.90937,-0.40516138,142,Slight,Fine No High Winds,Roundabout,57.61,1.32,17.0,2,16,124
2452,51.34902,-2.24805,142,Slight,Fine No High Winds,Single Carriageway,34.08,1.25,12.0,0,18,124
2197,51.206192,-4.1218653,142,Slight,Fine No High Winds,Single Carriageway,32.82,1.14,14.0,1,23,118
2431,51.420525,-1.72955,142,Slight,Fine No High Winds,Single Carriageway,32.54,1.25,12.0,1,16,125
761,52.228428,-2.7380404,142,Slight,Fine No High Winds,Single Carriageway,36.83,1.15,15.0,0,22,120
1168,52.0279,-1.1483811,141,Slight,Fine No High Winds,Single Carriageway,40.64,1.27,15.0,4,34,103
1162,52.419598,-0.8024362,141,Slight,Fine No High Winds,Single Carriageway,45.96,1.23,15.0,2,20,119
514,53.61414,-1.151719,141,Slight,Fine No High Winds,Single Carriageway,32.13,1.4,15.0,2,15,124
311,54.583954,-1.5600449,140,Slight,Fine No High Winds,Single Carriageway,60.07,1.69,16.0,3,18,119
300,54.713943,-1.743784,140,Slight,Fine No High Winds,Single Carriageway,31.79,1.39,17.0,2,17,121
1625,51.553627,-0.774461,140,Slight,Fine No High Winds,Roundabout,59.29,1.33,16.0,1,17,122
2407,51.74621,-2.2832148,140,Slight,Fine No High Winds,Single Carriageway,35.79,1.18,17.0,1,19,120
2542,53.164444,-3.039814,140,Slight,Fine No High Winds,Single Carriageway,55.43,1.49,17.0,2,17,121
472,53.83247,-1.9381487,139,Slight,Fine No High Winds,Single Carriageway,35.25,1.31,9.0,3,22,114
2489,50.60975,-1.9671642,139,Slight,Fine No High Winds,Single Carriageway,30.5,1.19,10.0,2,25,112
1320,52.51802,1.0142379,139,Slight,Fine No High Winds,Single Carriageway,37.48,1.26,16.0,2,17,120
1363,52.383854,0.6681816,139,Slight,Fine No High Winds,Single Carriageway,51.44,1.93,16.0,0,16,123
2761,56.715633,-2.466343,138,Slight,Fine No High Winds,Single Carriageway,30.07,1.2,17.0,3,28,107
2064,51.045254,-0.34715813,138,Slight,Fine No High Winds,Dual Carriageway,55.8,1.3,17.0,3,24,111
1859,51.175564,-0.019318711,138,Slight,Fine No High Winds,Single Carriageway,37.68,1.54,8.0,4,16,118
2845,56.011765,-3.6103861,138,Slight,Fine No High Winds,Single Carriageway,30.51,1.28,17.0,4,29,105
2899,55.967144,-3.9688163,138,Slight,Fine No High Winds,Dual Carriageway,50.0,1.3,17.0,2,15,121
1221,52.14728,0.1410472,137,Slight,Fine No High Winds,Single Carriageway,35.18,1.29,15.0,0,32,105
1171,52.307686,-1.1247194,137,Slight,Fine No High Winds,Dual Carriageway,63.43,1.66,17.0,5,24,108
2805,55.95706,-2.7803564,137,Slight,Fine No High Winds,Single Carriageway,35.62,1.14,8.0,1,19,117
2941,54.902737,-5.027378,136,Slight,Fine No High Winds,Single Carriageway,29.71,1.13,17.0,2,26,108
2824,55.83221,-3.2213392,136,Slight,Fine No High Winds,Single Carriageway,32.06,1.08,15.0,1,15,120
190,53.241165,-2.9439807,135,Slight,Fine No High Winds,Single Carriageway,55.41,1.38,17.0,2,23,110
1311,52.83054,0.84730804,135,Slight,Fine No High Winds,Single Carriageway,35.33,1.28,17.0,1,21,113
2947,54.9882,-3.2596707,135,Slight,Fine No High Winds,Single Carriageway,32.0,1.21,14.0,0,17,118
2741,57.284615,-2.3814409,134,Slight,Fine No High Winds,Single Carriageway,33.13,1.2,16.0,0,28,106
2873,55.90561,-4.45973,134,Slight,Fine No High Winds,Single Carriageway,43.21,1.26,8.0,1,22,111
260,54.961777,-1.8482546,134,Slight,Fine No High Winds,Single Carriageway,31.12,1.22,18.0,3,16,115
1606,51.996338,-0.9840099,134,Slight,Fine No High Winds,Single Carriageway,35.07,1.28,17.0,2,19,113
2706,52.661118,-3.1421978,134,Slight,Fine No High Winds,Single Carriageway,37.91,1.3,11.0,2,18,114
1956,51.175587,0.35965356,134,Slight,Fine No High Winds,Single Carriageway,44.4,1.34,16.0,1,24,109
1779,51.081837,-0.80466783,133,Slight,Fine No High Winds,Single Carriageway,46.84,1.26,8.0,1,33,99
2683,52.402836,-4.066422,133,Slight,Fine No High Winds,Single Carriageway,33.76,1.35,16.0,0,22,111
2682,52.08438,-4.656471,133,Slight,Fine No High Winds,Single Carriageway,33.76,1.15,17.0,2,17,114
120,53.829353,-2.6050954,133,Slight,Fine No High Winds,Single Carriageway,29.85,1.17,11.0,2,24,107
858,52.993996,-1.4476674,132,Slight,Fine No High Winds,Single Carriageway,54.39,1.46,7.0,2,17,113
335,54.874992,-1.6069521,132,Slight,Fine No High Winds,Single Carriageway,37.73,1.35,17.0,3,24,105
720,52.28938,-2.1193886,132,Slight,Fine No High Winds,Dual Carriageway,58.26,1.42,8.0,1,13,118
1551,51.80607,1.080312,131,Slight,Fine No High Winds,Single Carriageway,46.26,1.48,8.0,3,21,107
204,53.286957,-3.059333,131,Slight,Fine No High Winds,Single Carriageway,30.0,1.21,8.0,3,19,109
1048,53.339386,0.26028147,131,Slight,Fine No High Winds,Single Carriageway,30.69,1.24,13.0,1,26,104
45,54.66109,-3.3654654,130,Slight,Fine No High Winds,Single Carriageway,33.85,1.15,16.0,0,8,122
463,53.66113,-1.4299554,130,Slight,Fine No High Winds,Single Carriageway,35.85,1.53,15.0,3,22,105
2223,50.78297,-2.994351,130,Slight,Fine No High Winds,Single Carriageway,36.62,1.33,15.0,0,18,112
775,52.36981,-2.7132323,130,Slight,Fine No High Winds,Single Carriageway,31.08,1.18,8.0,1,21,108
2049,50.915695,0.4867128,130,Slight,Fine No High Winds,Single Carriageway,31.77,1.28,14.0,2,32,96
2842,55.989315,-3.9421892,129,Slight,Fine No High Winds,Dual Carriageway,54.57,1.48,16.0,3,25,101
877,53.32498,-1.9131765,129,Slight,Fine No High Winds,Single Carriageway,38.6,1.26,15.0,1,19,109
2277,50.934345,-2.9391468,129,Slight,Fine No High Winds,Single Carriageway,57.6,1.46,16.0,3,14,112
2492,51.03794,-2.2745526,129,Slight,Fine No High Winds,Single Carriageway,30.47,1.25,17.0,0,20,109
1860,51.190983,-0.049596358,129,Slight,Fine No High Winds,Single Carriageway,44.03,1.6,8.0,3,19,107
1967,51.17874,0.386143,129,Slight,Fine No High Winds,Single Carriageway,30.7,1.29,16.0,1,14,114
1445,52.025414,-0.42618957,129,Slight,Fine No High Winds,Single Carriageway,57.29,1.57,8.0,1,27,101
1800,51.17436,-1.339147,129,Slight,Fine No High Winds,Dual Carriageway,64.81,1.4,14.0,2,31,96
360,54.301132,-1.5672563,128,Slight,Fine No High Winds,Dual Carriageway,56.72,1.62,16.0,4,23,101
1665,51.530945,-1.2936015,128,Slight,Fine No High Winds,Dual Carriageway,68.12,1.59,7.0,4,16,108
1557,51.817375,1.0225661,128,Slight,Fine No High Winds,Single Carriageway,32.11,1.29,11.0,0,31,97
397,54.44004,-1.6702598,128,Slight,Fine No High Winds,Dual Carriageway,63.28,1.62,12.0,3,17,108
2195,51.10661,-4.1608768,128,Slight,Fine No High Winds,Single Carriageway,33.75,1.22,8.0,1,16,111
2030,50.8433,0.12911117,128,Slight,Fine No High Winds,Single Carriageway,52.58,1.95,10.0,6,23,99
1751,50.820137,-1.5741365,128,Slight,Fine No High Winds,Single Carriageway,34.38,1.35,16.0,1,20,107
2397,51.7265,-2.5292218,128,Slight,Fine No High Winds,Single Carriageway,32.89,1.27,17.0,3,21,104
795,52.767727,-2.3754883,128,Slight,Fine No High Winds,Single Carriageway,34.38,1.22,16.0,0,6,122
622,54.58928,-1.0207932,127,Slight,Fine No High Winds,Single Carriageway,39.53,1.31,15.0,3,16,108
1855,51.34814,-0.59819597,127,Slight,Fine No High Winds,Single Carriageway,38.82,1.3,17.0,0,14,113
2777,56.33774,-2.8000948,127,Slight,Fine No High Winds,Single Carriageway,29.76,1.07,12.0,1,19,107
209,53.26392,-2.9829588,127,Slight,Fine No High Winds,Dual Carriageway,58.98,1.48,15.0,3,30,94
1570,51.70823,0.24401149,127,Slight,Fine No High Winds,Single Carriageway,37.72,1.25,9.0,1,20,106
2573,53.009243,-3.0501323,127,Slight,Fine No High Winds,Single Carriageway,30.71,1.33,16.0,1,16,110
2327,51.373013,-2.8076687,127,Slight,Fine No High Winds,Single Carriageway,33.7,1.46,14.0,1,12,114
621,54.55805,-0.8983916,127,Slight,Fine No High Winds,Single Carriageway,34.96,1.33,15.0,3,22,102
1038,52.9293,-0.057059117,126,Slight,Fine No High Winds,Single Carriageway,40.08,1.24,8.0,0,12,114
2230,50.78985,-3.6553032,126,Slight,Fine No High Winds,Single Carriageway,35.63,1.21,17.0,3,9,114
1079,53.24355,-0.57299626,126,Slight,Fine No High Winds,Roundabout,63.49,1.39,17.0,1,7,118
139,53.91734,-2.18576,126,Slight,Fine No High Winds,Single Carriageway,30.32,1.23,15.0,1,29,96
2744,57.691654,-2.0140426,125,Slight,Fine No High Winds,Single Carriageway,32.0,1.15,13.0,2,18,105
982,53.013313,-1.2448212,125,Slight,Fine No High Winds,Dual Carriageway,60.16,1.55,16.0,1,13,111
124,53.710186,-2.4106266,125,Slight,Fine No High Winds,Single Carriageway,50.56,1.66,16.0,1,21,103
211,53.453293,-2.5125113,125,Slight,Fine No High Winds,Single Carriageway,34.72,1.35,15.0,1,23,101
1477,51.835354,-0.45723936,125,Slight,Fine No High Winds,Single Carriageway,47.92,1.71,17.0,3,25,97
2922,55.79564,-4.8654466,124,Slight,Fine No High Winds,Single Carriageway,30.08,1.24,15.0,2,18,104
2709,51.947357,-3.3959808,124,Slight,Fine No High Winds,Single Carriageway,35.65,1.29,15.0,1,18,105
2914,55.674534,-3.7784743,124,Slight,Fine No High Winds,Single Carriageway,31.77,1.19,9.0,3,18,103
225,53.259853,-2.575383,124,Slight,Fine No High Winds,Single Carriageway,36.85,1.35,8.0,3,19,102
372,53.779705,-1.3002505,124,Slight,Fine No High Winds,Single Carriageway,60.0,1.53,13.0,8,40,76
409,53.964077,-2.0502326,123,Slight,Fine No High Winds,Single Carriageway,57.64,1.66,15.0,4,33,86
1247,52.51717,-0.2597009,123,Slight,Fine No High Winds,Single Carriageway,33.33,1.3,17.0,0,14,109
2033,50.916782,-0.44617727,123,Slight,Fine No High Winds,Single Carriageway,37.4,1.36,16.0,2,26,95
2053,50.880787,0.22427094,122,Slight,Fine No High Winds,Single Carriageway,48.93,1.36,17.0,1,27,94
1481,51.742813,-0.26738125,122,Slight,Fine No High Winds,Dual Carriageway,50.57,1.34,17.0,3,18,101
1500,51.84375,0.7233722,122,Slight,Fine No High Winds,Dual Carriageway,63.36,1.44,16.0,4,16,102
1757,50.889572,-1.455994,122,Slight,Fine No High Winds,Single Carriageway,39.67,1.21,7.0,3,26,93
1473,51.798187,-0.6619244,121,Slight,Fine No High Winds,Single Carriageway,31.4,1.23,8.0,1,15,105
1700,51.36913,-0.7942731,121,Slight,Fine No High Winds,Single Carriageway,32.23,1.4,8.0,1,14,106
2696,51.763306,-4.9941196,121,Slight,Fine No High Winds,Single Carriageway,43.55,1.6,12.0,2,16,103
1004,52.802044,0.07790197,120,Slight,Fine No High Winds,Single Carriageway,57.75,1.42,12.0,4,16,100
1569,51.630264,0.3488616,120,Slight,Fine No High Winds,Single Carriageway,31.0,1.27,15.0,3,17,100
1548,51.885124,1.0492302,120,Slight,Fine No High Winds,Dual Carriageway,61.0,1.77,17.0,4,30,86
2511,50.650616,-2.4629743,120,Slight,Fine No High Winds,Single Carriageway,33.0,1.37,17.0,4,18,98
2593,51.63948,-2.6777947,120,Slight,Fine No High Winds,Single Carriageway,33.67,1.28,17.0,0,18,102
2816,55.975418,-3.60954,120,Slight,Fine No High Winds,Single Carriageway,31.25,1.19,15.0,1,17,102
634,52.5866,-1.8765377,119,Slight,Fine No High Winds,Single Carriageway,30.84,1.42,15.0,3,21,95
1932,51.202023,0.062977076,119,Slight,Fine No High Winds,Single Carriageway,31.68,1.24,17.0,1,10,108
367,54.08057,-1.3973571,119,Slight,Fine No High Winds,Dual Carriageway,63.61,1.55,13.0,4,20,95
387,53.919918,-1.1495036,119,Slight,Fine No High Winds,Single Carriageway,54.87,1.59,14.0,1,17,101
708,52.619133,-1.7313386,119,Slight,Fine No High Winds,Single Carriageway,47.98,1.44,17.0,1,5,113
968,52.892986,-1.1473497,118,Slight,Fine No High Winds,Single Carriageway,35.08,1.25,16.0,1,21,96
1529,51.668953,0.3780173,118,Slight,Fine No High Winds,Single Carriageway,50.17,1.29,16.0,3,24,91
1318,52.928253,1.3001788,118,Slight,Fine No High Winds,Single Carriageway,30.51,1.23,15.0,0,15,103
1101,52.505943,-1.1893802,118,Slight,Fine No High Winds,Single Carriageway,59.92,1.63,17.0,3,17,98
1991,51.203358,1.1763266,118,Slight,Fine No High Winds,Single Carriageway,61.02,1.47,9.0,5,13,100
102,53.608772,-2.9353762,118,Slight,Fine No High Winds,Single Carriageway,39.24,1.73,13.0,2,22,94
1866,51.136578,-0.5331144,118,Slight,Fine No High Winds,Single Carriageway,47.2,1.55,14.0,2,15,101
1804,51.321735,-0.82868904,117,Slight,Fine No High Winds,Single Carriageway,53.85,1.26,13.0,1,21,95
1945,51.1048,0.53997296,117,Slight,Fine No High Winds,Single Carriageway,45.98,1.39,8.0,0,19,98
492,53.592636,-1.8508594,117,Slight,Fine No High Winds,Single Carriageway,31.79,1.3,11.0,1,25,91
68,53.76162,-2.8018043,117,Slight,Fine No High Winds,Dual Carriageway,49.57,1.95,17.0,3,25,89
1885,51.25423,0.43254682,117,Slight,Fine No High Winds,Single Carriageway,37.61,1.4,8.0,4,10,103
1135,52.670414,-0.73133063,116,Slight,Fine No High Winds,Single Carriageway,30.34,1.14,16.0,0,13,103
2184,50.376015,-4.2024827,116,Slight,Fine No High Winds,Single Carriageway,34.31,1.18,15.0,1,13,102
2115,50.186157,-5.125842,116,Slight,Fine No High Winds,Single Carriageway,55.86,1.55,13.0,5,18,93
2580,51.73167,-3.1364534,115,Slight,Fine No High Winds,Single Carriageway,33.13,1.38,15.0,3,12,100
2336,50.8834,-2.793433,115,Slight,Fine No High Winds,Single Carriageway,31.39,1.17,15.0,0,9,106
101,53.708534,-2.7906857,115,Slight,Fine No High Winds,Single Carriageway,50.52,1.46,15.0,4,21,90
917,52.875134,-1.6248488,115,Slight,Fine No High Winds,Single Carriageway,50.7,1.23,8.0,1,11,103
2861,55.939198,-4.3204412,115,Slight,Fine No High Winds,Single Carriageway,30.7,1.19,8.0,1,13,101
2493,50.73216,-2.0644705,115,Slight,Fine No High Winds,Single Carriageway,56.61,1.32,16.0,2,17,96
112,53.716015,-2.561339,115,Slight,Fine No High Winds,Single Carriageway,57.48,1.71,8.0,2,16,97
1175,52.20897,-0.94252557,114,Slight,Fine No High Winds,Dual Carriageway,64.04,1.46,7.0,6,24,84
1223,52.607597,0.061191544,114,Slight,Fine No High Winds,Single Carriageway,49.91,1.45,16.0,1,14,99
237,53.200405,-2.357419,114,Slight,Fine No High Winds,Single Carriageway,35.0,1.29,8.0,1,22,91
879,53.11394,-1.5605857,114,Slight,Fine No High Winds,Single Carriageway,33.77,1.3,13.0,1,30,83
2740,57.179604,-2.1786573,114,Slight,Fine No High Winds,Single Carriageway,33.33,1.1,16.0,2,22,90
164,53.51654,-2.0408988,114,Slight,Fine No High Winds,Single Carriageway,31.23,1.54,14.0,0,14,100
2639,51.55489,-3.4016378,113,Slight,Fine No High Winds,Single Carriageway,50.53,1.72,13.0,5,5,103
1233,52.270855,-0.26086167,113,Slight,Fine No High Winds,Dual Carriageway,68.76,1.84,15.0,4,25,84
2323,50.986553,-3.1909661,113,Slight,Fine No High Winds,Single Carriageway,50.44,1.5,17.0,1,12,100
2329,51.501526,-2.3553991,113,Slight,Fine No High Winds,Dual Carriageway,63.1,1.5,17.0,3,8,102
1388,52.14672,1.0823005,112,Slight,Fine No High Winds,Dual Carriageway,58.21,1.59,8.0,1,17,94
1639,51.42124,-1.0221695,112,Slight,Fine No High Winds,Dual Carriageway,63.21,1.42,18.0,2,14,96
1369,52.047424,0.9542815,112,Slight,Fine No High Winds,Single Carriageway,36.25,1.3,17.0,1,16,95
2335,50.978577,-3.22942,112,Slight,Fine No High Winds,Single Carriageway,30.0,1.17,17.0,0,17,95
2587,51.75153,-3.2818623,112,Slight,Fine No High Winds,Single Carriageway,31.43,1.38,14.0,2,13,97
40,54.609882,-3.5228488,112,Slight,Fine No High Winds,Single Carriageway,49.02,1.54,16.0,2,10,100
95,53.67608,-2.8299468,112,Slight,Fine No High Winds,Single Carriageway,44.2,1.63,17.0,2,20,90
2463,51.43459,-2.1906464,112,Slight,Fine No High Winds,Single Carriageway,38.3,1.38,14.0,5,18,89
2883,56.410976,-5.471259,112,Slight,Fine No High Winds,Single Carriageway,30.0,1.05,15.0,0,15,97
2067,50.887703,-0.3239193,112,Slight,Fine No High Winds,Single Carriageway,39.64,1.23,15.0,1,18,93
981,52.948723,-0.95109594,111,Slight,Fine No High Winds,Single Carriageway,45.59,1.33,17.0,3,25,83
407,54.24504,-0.7776073,111,Slight,Fine No High Winds,Single Carriageway,31.53,1.18,14.0,0,23,88
519,53.587196,-1.1586405,111,Slight,Fine No High Winds,Single Carriageway,58.02,1.72,15.0,5,17,89
1267,52.098488,0.1379442,111,Slight,Fine No High Winds,Dual Carriageway,60.0,1.26,18.0,2,15,94
1564,51.81455,0.74812603,111,Slight,Fine No High Winds,Single Carriageway,35.95,1.3,12.0,2,24,85
1914,51.34093,0.27131185,111,Slight,Fine No High Winds,Dual Carriageway,57.84,1.6,15.0,2,19,90
2248,50.484737,-3.7725453,110,Slight,Fine No High Winds,Single Carriageway,52.91,1.35,16.0,0,12,98
1495,51.876827,0.6980457,110,Slight,Fine No High Winds,Single Carriageway,54.0,1.45,15.0,3,31,76
1217,52.229103,-0.10378211,110,Slight,Fine No High Winds,Single Carriageway,59.55,1.42,16.0,3,13,94
329,54.757896,-1.3890938,110,Slight,Fine No High Winds,Single Carriageway,36.73,1.51,15.0,2,22,86
719,52.2126,-2.159058,110,Slight,Fine No High Winds,Dual Carriageway,60.09,1.25,16.0,3,6,101
1922,51.22084,0.5911103,110,Slight,Fine No High Winds,Single Carriageway,36.64,1.51,7.0,1,13,96
597,53.93048,-0.7783041,110,Slight,Fine No High Winds,Single Carriageway,30.09,1.17,16.0,2,17,91
170,53.586708,-2.663998,110,Slight,Fine No High Winds,Single Carriageway,30.18,1.36,18.0,0,16,94
535,53.527695,-1.6297933,110,Slight,Fine No High Winds,Single Carriageway,35.82,1.25,15.0,0,18,92
1324,52.6852,1.199139,110,Slight,Fine No High Winds,Single Carriageway,34.27,1.25,15.0,1,10,99
1701,51.45535,-1.3099438,110,Slight,Fine No High Winds,Dual Carriageway,59.0,1.42,17.0,4,16,90
949,53.255413,-0.92278355,109,Slight,Fine No High Winds,Roundabout,61.19,1.39,15.0,1,15,93
496,53.601288,-1.5495708,109,Slight,Fine No High Winds,Dual Carriageway,64.13,1.64,8.0,5,10,94
1100,52.72752,-1.1361815,109,Slight,Fine No High Winds,Single Carriageway,43.39,1.27,8.0,1,11,97
809,52.21285,-1.8731043,108,Slight,Fine No High Winds,Single Carriageway,42.78,1.25,15.0,5,24,79
2056,50.839893,-0.665717,108,Slight,Fine No High Winds,Single Carriageway,32.5,1.25,15.0,0,22,86
1657,51.60112,-1.1270486,108,Slight,Fine No High Winds,Single Carriageway,30.0,1.07,8.0,0,21,87
901,53.189262,-1.4167137,108,Slight,Fine No High Winds,Single Carriageway,40.09,1.44,15.0,2,18,88
1470,51.70528,-0.1159034,107,Slight,Fine No High Winds,Single Carriageway,40.56,1.4,17.0,0,15,92
1925,51.294968,0.30628762,107,Slight,Fine No High Winds,Single Carriageway,41.5,1.19,17.0,2,20,85
1766,50.928333,-1.7903059,107,Slight,Fine No High Winds,Single Carriageway,36.54,1.2,14.0,3,17,87
804,52.252213,-1.3903866,107,Slight,Fine No High Winds,Single Carriageway,40.56,1.16,8.0,3,17,87
450,53.74175,-2.0156648,107,Slight,Fine No High Winds,Single Carriageway,29.63,1.25,14.0,2,24,81
1917,51.203632,0.39464098,106,Slight,Fine No High Winds,Single Carriageway,54.43,1.23,17.0,3,15,88
2616,51.707912,-4.0643334,106,Slight,Fine No High Winds,Single Carriageway,45.38,1.41,8.0,2,10,94
1927,51.22964,0.5152497,106,Slight,Fine No High Winds,Single Carriageway,37.17,1.53,15.0,0,10,96
2784,56.13608,-3.2073505,106,Slight,Fine No High Winds,Roundabout,46.51,1.27,17.0,1,12,93
532,53.576088,-1.3810217,106,Slight,Fine No High Winds,Single Carriageway,36.04,1.13,17.0,1,17,88
1238,52.635967,-0.3013508,106,Slight,Fine No High Winds,Single Carriageway,53.3,1.31,8.0,1,9,96
1259,52.35163,0.21846086,106,Slight,Fine No High Winds,Single Carriageway,52.55,1.42,15.0,4,16,86
232,53.232704,-2.5985494,105,Slight,Fine No High Winds,Single Carriageway,42.29,1.3,16.0,0,20,85
1073,53.19437,-0.53387654,105,Slight,Fine No High Winds,Single Carriageway,35.43,1.3,16.0,1,15,89
1734,50.64862,-1.2093178,105,Slight,Fine No High Winds,Single Carriageway,44.57,1.49,8.0,4,21,80
1246,52.22147,0.31876343,105,Slight,Fine No High Winds,Dual Carriageway,66.86,1.7,8.0,3,20,82
89,53.875713,-2.9572194,105,Slight,Fine No High Winds,Single Carriageway,44.1,1.47,15.0,3,19,83
1008,52.782177,0.12605476,105,Slight,Fine No High Winds,Single Carriageway,38.0,1.38,9.0,2,15,88
726,52.112858,-2.0784254,105,Slight,Fine No High Winds,Single Carriageway,28.48,1.23,17.0,2,13,90
1280,52.10614,0.17266656,105,Slight,Fine No High Winds,Single Carriageway,49.62,1.37,17.0,1,20,84
749,52.36578,-1.952211,105,Slight,Fine No High Winds,Single Carriageway,53.81,1.28,17.0,1,9,95
2533,53.25913,-3.44984,105,Slight,Fine No High Winds,Single Carriageway,36.0,1.28,17.0,2,10,93
1276,52.61318,-0.44251662,104,Slight,Fine No High Winds,Dual Carriageway,65.0,1.59,17.0,7,18,79
944,53.099915,-1.1179786,104,Slight,Fine No High Winds,Single Carriageway,32.88,1.36,8.0,1,19,84
1298,52.570255,0.8262129,104,Slight,Fine No High Winds,Single Carriageway,31.44,1.13,10.0,1,15,88
1137,52.706627,-1.506816,104,Slight,Fine No High Winds,Single Carriageway,42.4,1.27,17.0,0,18,86
2259,50.518074,-3.7494426,104,Slight,Fine No High Winds,Single Carriageway,49.33,1.43,17.0,2,10,92
2050,50.733826,-0.78876173,104,Slight,Fine No High Winds,Single Carriageway,29.9,1.25,12.0,0,11,93
37,54.82454,-3.1604893,104,Slight,Fine No High Winds,Single Carriageway,33.94,1.18,8.0,3,15,86
2498,50.875587,-1.8715873,104,Slight,Fine No High Winds,Single Carriageway,30.58,1.37,8.0,0,13,91
2094,50.987144,-0.7383896,103,Slight,Fine No High Winds,Single Carriageway,31.17,1.22,15.0,2,25,76
1531,51.716656,0.57732815,103,Slight,Fine No High Winds,Single Carriageway,33.88,1.21,17.0,0,16,87
525,53.433228,-1.1045665,103,Slight,Fine No High Winds,Single Carriageway,39.71,1.5,8.0,1,14,88
2174,50.356625,-4.4564123,103,Slight,Fine No High Winds,Single Carriageway,35.15,1.3,17.0,1,4,98
1188,52.392574,-0.5289455,103,Slight,Fine No High Winds,Single Carriageway,48.83,1.32,8.0,0,21,82
2084,50.995007,-0.34015822,102,Slight,Fine No High Winds,Dual Carriageway,53.14,1.53,12.0,2,17,83
1623,52.157974,-0.7005792,102,Slight,Fine No High Winds,Single Carriageway,40.49,1.32,8.0,1,19,82
2586,51.76873,-3.161808,102,Slight,Fine No High Winds,Single Carriageway,35.59,1.49,18.0,0,17,85
1867,51.193848,-0.55355835,102,Slight,Fine No High Winds,Single Carriageway,31.47,1.41,16.0,0,10,92
980,52.90185,-1.1199569,102,Slight,Fine No High Winds,Roundabout,58.24,1.46,18.0,0,15,87
2817,55.940575,-3.3622017,102,Slight,Fine No High Winds,Single Carriageway,45.1,1.16,8.0,1,14,87
2851,56.011806,-3.869482,102,Slight,Fine No High Winds,Single Carriageway,59.31,1.4,17.0,1,18,83
141,53.65815,-2.1757483,102,Slight,Fine No High Winds,Single Carriageway,29.22,1.36,15.0,1,23,78
1277,52.18876,0.07516542,102,Slight,Fine No High Winds,Dual Carriageway,61.18,1.29,8.0,0,13,89
2921,55.70701,-4.72014,101,Slight,Fine No High Winds,Single Carriageway,35.64,1.32,16.0,1,17,83
2038,50.82396,-0.7278626,101,Slight,Fine No High Winds,Single Carriageway,58.71,1.57,17.0,0,21,80
2618,51.51085,-3.3585382,101,Slight,Fine No High Winds,Dual Carriageway,63.76,1.57,8.0,0,9,92
2297,51.43443,-2.7582898,101,Slight,Fine No High Winds,Single Carriageway,31.98,1.27,15.0,2,12,87
2628,51.71388,-4.0359087,101,Slight,Fine No High Winds,Single Carriageway,29.9,1.31,15.0,0,13,88
896,53.188564,-1.3582186,101,Slight,Fine No High Winds,Single Carriageway,35.15,1.26,14.0,1,11,89
1418,52.143593,-0.53319746,101,Slight,Fine No High Winds,Single Carriageway,44.65,1.42,17.0,4,12,85
2281,51.46197,-2.753768,101,Slight,Fine No High Winds,Dual Carriageway,65.64,1.84,16.0,0,7,94
353,54.558617,-1.5947032,100,Slight,Fine No High Winds,Dual Carriageway,65.9,1.43,17.0,6,14,80
1525,51.670544,0.7242622,100,Slight,Fine No High Winds,Single Carriageway,43.7,1.37,17.0,2,22,76
462,53.907402,-1.3791916,100,Slight,Fine No High Winds,Dual Carriageway,61.8,1.43,16.0,1,13,86
1072,53.142128,-0.40987542,100,Slight,Fine No High Winds,Single Carriageway,45.0,1.54,17.0,4,13,83
314,54.65754,-1.5609432,100,Slight,Fine No High Winds,Single Carriageway,49.6,1.27,17.0,2,10,88
1903,51.225433,0.33695707,100,Slight,Fine No High Winds,Single Carriageway,39.3,1.38,18.0,1,17,82
1962,51.356342,1.2670189,100,Slight,Fine No High Winds,Dual Carriageway,65.8,1.52,15.0,2,19,79
2933,55.524464,-4.5972095,100,Slight,Fine No High Winds,Dual Carriageway,61.5,1.26,17.0,2,12,86
2849,56.17139,-3.9715714,100,Slight,Fine No High Winds,Dual Carriageway,66.1,1.21,16.0,4,10,86
1459,51.891853,0.009024233,99,Slight,Fine No High Winds,Dual Carriageway,65.35,1.32,8.0,1,20,78
2808,55.883812,-3.5520928,99,Slight,Fine No High Winds,Single Carriageway,37.37,1.43,17.0,0,9,90
1850,51.175247,-0.31811067,99,Slight,Fine No High Winds,Dual Carriageway,51.62,1.25,17.0,2,17,80
1189,52.339542,-0.6518773,99,Slight,Fine No High Winds,Single Carriageway,35.05,1.29,17.0,3,24,72
2488,50.78693,-2.071569,99,Slight,Fine No High Winds,Single Carriageway,55.76,1.67,16.0,2,19,78
499,53.913776,-1.7486142,99,Slight,Fine No High Winds,Single Carriageway,43.94,1.31,15.0,0,13,86
198,53.297318,-3.046634,98,Slight,Fine No High Winds,Single Carriageway,42.86,1.48,8.0,0,16,82
587,53.91025,-0.17013583,98,Slight,Fine No High Winds,Single Carriageway,29.08,1.26,15.0,1,13,84
999,52.804264,-0.6119654,98,Slight,Fine No High Winds,Dual Carriageway,62.86,1.6,15.0,4,5,89
1295,52.94087,1.2097604,98,Slight,Fine No High Winds,Single Carriageway,30.2,1.11,11.0,0,12,86
214,53.289944,-2.1284294,98,Slight,Fine No High Winds,Single Carriageway,46.94,1.31,8.0,0,20,78
894,53.206093,-1.3769393,98,Slight,Fine No High Winds,Single Carriageway,52.96,1.39,17.0,1,14,83
1226,52.499783,-0.2915171,98,Slight,Fine No High Winds,Dual Carriageway,58.98,1.48,12.0,1,18,79
332,54.73152,-1.3796754,98,Slight,Fine No High Winds,Single Carriageway,35.2,1.63,15.0,0,18,80
1447,51.927963,-0.5830919,98,Slight,Fine No High Winds,Single Carriageway,46.02,1.39,17.0,2,13,83
2224,50.779247,-3.0327687,97,Slight,Fine No High Winds,Single Carriageway,51.86,1.7,12.0,4,16,77
2310,51.38787,-2.8212469,97,Slight,Fine No High Winds,Single Carriageway,32.47,1.2,13.0,2,8,87
2265,50.41038,-3.8471475,97,Slight,Fine No High Winds,Dual Carriageway,61.34,1.3,9.0,3,10,84
2561,53.204105,-4.1771007,97,Slight,Fine No High Winds,Single Carriageway,53.2,1.62,17.0,0,7,90
2887,55.953327,-4.9270473,97,Slight,Fine No High Winds,Single Carriageway,30.41,1.32,15.0,0,12,85
428,53.925297,-1.0683969,97,Slight,Fine No High Winds,Dual Carriageway,52.68,1.57,11.0,1,12,84
326,54.812073,-1.5053275,97,Slight,Fine No High Winds,Single Carriageway,47.73,1.62,16.0,1,14,82
511,53.574818,-1.0726315,97,Slight,Fine No High Winds,Single Carriageway,36.39,1.49,8.0,3,15,79
2902,55.8199,-3.7985232,97,Slight,Fine No High Winds,Single Carriageway,31.03,1.31,18.0,0,13,84
1126,52.74149,-1.2736504,97,Slight,Fine No High Winds,Dual Carriageway,64.74,1.59,18.0,1,9,87
867,52.88351,-1.7522806,97,Slight,Fine No High Winds,Roundabout,65.77,1.39,17.0,0,13,84
1783,50.87297,-1.5745623,97,Slight,Fine No High Winds,Single Carriageway,38.56,1.47,15.0,1,25,71
2765,56.388783,-3.487191,96,Slight,Fine No High Winds,Dual Carriageway,65.21,1.45,13.0,1,19,76
1214,52.266205,0.17918557,96,Slight,Fine No High Winds,Single Carriageway,53.44,1.45,18.0,2,15,79
1948,51.16426,0.55220443,96,Slight,Fine No High Winds,Single Carriageway,36.98,1.42,15.0,0,13,83
2920,55.750195,-4.6291738,96,Slight,Fine No High Winds,Single Carriageway,43.85,1.4,19.0,3,16,77
2017,50.820713,0.27262214,96,Slight,Fine No High Winds,Dual Carriageway,56.88,1.42,8.0,3,17,76
969,52.854202,-1.0342966,96,Slight,Fine No High Winds,Single Carriageway,59.48,1.46,16.0,2,17,77
1419,52.085983,-0.5221488,96,Slight,Fine No High Winds,Single Carriageway,60.0,1.61,7.0,2,17,77
701,52.863117,-1.6825193,95,Slight,Fine No High Winds,Single Carriageway,35.68,1.17,17.0,4,16,75
2080,51.024017,0.46794328,95,Slight,Fine No High Winds,Single Carriageway,48.32,1.74,16.0,5,27,63
161,53.495304,-2.7118518,95,Slight,Fine No High Winds,Single Carriageway,32.53,1.27,8.0,2,16,77
2620,51.6625,-3.4494784,95,Slight,Fine No High Winds,Single Carriageway,30.21,1.43,12.0,1,9,85
2432,51.237614,-1.6627374,95,Slight,Fine No High Winds,Single Carriageway,30.84,1.59,16.0,0,18,77
1303,52.637608,1.5520256,95,Slight,Fine No High Winds,Single Carriageway,48.0,1.59,16.0,1,9,85
789,52.6788,-2.4070704,95,Slight,Fine No High Winds,Single Carriageway,56.95,1.33,8.0,1,10,84
750,52.354843,-1.8862973,95,Slight,Fine No High Winds,Dual Carriageway,66.32,1.36,17.0,3,5,87
1666,51.805573,-1.6377541,95,Slight,Fine No High Winds,Single Carriageway,43.47,1.46,8.0,1,13,81
1249,52.099342,0.27094254,95,Slight,Fine No High Winds,Single Carriageway,48.42,1.31,16.0,2,16,77
2880,55.934174,-4.5129223,95,Slight,Fine No High Winds,Dual Carriageway,51.05,1.29,20.0,0,13,82
941,53.118282,-1.114621,94,Slight,Fine No High Winds,Single Carriageway,36.28,1.28,15.0,1,20,73
2852,56.134926,-3.833486,94,Slight,Fine No High Winds,Single Carriageway,34.15,1.22,17.0,1,12,81
698,52.65591,-1.8820649,94,Slight,Fine No High Winds,Dual Carriageway,62.77,1.41,17.0,1,2,91
2893,55.92203,-4.0565977,94,Slight,Fine No High Winds,Dual Carriageway,53.62,1.32,8.0,1,7,86
2306,51.402172,-2.4588861,94,Slight,Fine No High Winds,Single Carriageway,32.13,1.33,12.0,1,12,81
543,53.319992,-1.5261272,94,Slight,Fine No High Winds,Single Carriageway,30.21,1.21,9.0,1,15,78
2199,50.7394,-3.9987507,94,Slight,Fine No High Winds,Single Carriageway,36.17,1.33,12.0,0,13,81
1396,51.991413,1.3123157,94,Slight,Fine No High Winds,Single Carriageway,48.4,1.32,17.0,3,9,82
939,53.4178,-1.0656674,93,Slight,Fine No High Winds,Single Carriageway,32.58,1.41,18.0,1,14,78
1325,52.60345,0.377331,93,Slight,Fine No High Winds,Single Carriageway,29.78,1.16,15.0,0,9,84
670,52.7421,-1.8741201,93,Slight,Fine No High Winds,Single Carriageway,34.19,1.2,17.0,0,4,89
2912,55.715237,-3.957081,93,Slight,Fine No High Winds,Single Carriageway,57.2,1.48,17.0,1,17,75
1231,52.448246,-0.10961994,93,Slight,Fine No High Winds,Single Carriageway,31.29,1.17,8.0,1,9,83
1607,51.623417,-0.83623993,92,Slight,Fine No High Winds,Dual Carriageway,55.0,1.58,8.0,1,19,72
895,53.26541,-1.2191284,92,Slight,Fine No High Winds,Single Carriageway,37.83,1.32,15.0,0,13,79
2924,55.753376,-4.686174,92,Slight,Fine No High Winds,Single Carriageway,33.59,1.21,8.0,1,20,71
226,53.289093,-2.5013523,92,Slight,Fine No High Winds,Single Carriageway,56.3,1.6,12.0,2,23,67
2763,56.73186,-2.65576,92,Slight,Fine No High Winds,Single Carriageway,30.33,1.14,17.0,0,23,69
309,54.654907,-1.447539,92,Slight,Fine No High Winds,Single Carriageway,48.8,1.62,16.0,2,8,82
485,53.820328,-1.9039338,92,Slight,Fine No High Winds,Single Carriageway,39.02,1.42,15.0,4,22,66
80,54.104374,-2.7922108,92,Slight,Fine No High Winds,Single Carriageway,34.46,1.6,15.0,2,12,78
1854,51.40873,-0.5937591,92,Slight,Fine No High Winds,Single Carriageway,45.11,1.62,16.0,0,16,76
1109,52.657772,-0.51392084,92,Slight,Fine No High Winds,Single Carriageway,52.5,1.45,7.0,2,10,80
829,52.343353,-1.3351942,91,Slight,Fine No High Winds,Single Carriageway,56.15,1.33,15.0,2,13,76
1050,53.106762,-0.17668667,91,Slight,Fine No High Winds,Single Carriageway,33.85,1.2,16.0,0,7,84
903,53.27685,-1.2631773,91,Slight,Fine No High Winds,Single Carriageway,31.1,1.18,18.0,0,16,75
437,54.146736,-1.4332441,91,Slight,Fine No High Winds,Dual Carriageway,67.69,1.6,13.0,0,17,74
1076,53.496136,-0.3121499,91,Slight,Fine No High Winds,Single Carriageway,50.22,1.35,7.0,0,21,70
470,53.73085,-1.9804225,91,Slight,Fine No High Winds,Single Carriageway,31.87,1.36,14.0,1,24,66
768,52.84506,-3.036291,91,Slight,Fine No High Winds,Single Carriageway,52.09,1.47,14.0,3,11,77
611,53.74456,-0.24628493,91,Slight,Fine No High Winds,Dual Carriageway,39.34,1.37,17.0,0,15,76
1874,51.425797,0.55713916,91,Slight,Fine No High Winds,Single Carriageway,38.57,1.15,15.0,3,8,80
1174,52.34882,-1.1549432,91,Slight,Fine No High Winds,Dual Carriageway,66.04,1.46,7.0,1,11,79
540,53.3157,-1.2819002,90,Slight,Fine No High Winds,Dual Carriageway,66.89,1.52,11.0,3,8,79
1329,52.570084,1.1149284,90,Slight,Fine No High Winds,Single Carriageway,30.67,1.07,15.0,1,18,71
2898,55.97532,-4.0567117,90,Slight,Fine No High Winds,Single Carriageway,31.11,1.1,15.0,1,15,74
304,54.71099,-1.691525,90,Slight,Fine No High Winds,Single Carriageway,32.0,1.44,17.0,2,14,74
2635,51.613823,-3.7611516,90,Slight,Fine No High Winds,Single Carriageway,36.33,1.52,19.0,1,11,78
520,53.43159,-1.0203518,90,Slight,Fine No High Winds,Single Carriageway,33.67,1.52,15.0,2,15,73
412,53.794846,-1.0377495,89,Slight,Fine No High Winds,Single Carriageway,45.28,1.53,8.0,1,21,67
706,52.76145,-1.7022945,89,Slight,Fine No High Winds,Dual Carriageway,60.11,1.63,8.0,2,5,82
27,54.26511,-2.9701755,89,Slight,Fine No High Winds,Single Carriageway,59.78,1.48,13.0,1,14,74
1784,51.301872,-0.905372,89,Slight,Fine No High Winds,Single Carriageway,38.2,1.29,15.0,0,8,81
1242,52.695225,0.14476493,89,Slight,Fine No High Winds,Single Carriageway,57.3,1.56,7.0,6,15,68
96,53.66297,-2.7247715,89,Slight,Fine No High Winds,Single Carriageway,43.15,1.6,16.0,1,17,71
609,53.861893,-0.66766185,89,Slight,Fine No High Winds,Single Carriageway,40.79,1.48,16.0,2,18,69
1438,52.06643,-0.5497452,89,Slight,Fine No High Winds,Single Carriageway,52.47,1.53,18.0,4,22,63
351,54.546284,-1.9203444,89,Slight,Fine No High Winds,Single Carriageway,31.8,1.31,12.0,0,10,79
2523,53.221478,-4.191891,89,Slight,Fine No High Winds,Single Carriageway,44.16,1.48,15.0,1,19,69
1030,53.38696,-0.33518714,89,Slight,Fine No High Winds,Single Carriageway,32.36,1.28,16.0,1,15,73
2622,51.679638,-3.7744417,89,Slight,Fine No High Winds,Single Carriageway,46.63,1.52,15.0,0,13,76
1283,52.2203,-0.070781626,88,Slight,Fine No High Winds,Single Carriageway,40.45,1.27,17.0,0,18,70
378,53.906006,-1.1888248,88,Slight,Fine No High Winds,Dual Carriageway,66.82,1.74,19.0,7,14,67
2455,51.438198,-2.0620694,88,Slight,Fine No High Winds,Single Carriageway,50.68,1.57,17.0,2,11,75
2100,50.85338,0.058622364,88,Slight,Fine No High Winds,Single Carriageway,52.95,1.59,8.0,0,22,66
1869,51.11144,-0.5123627,88,Slight,Fine No High Winds,Single Carriageway,48.41,1.44,8.0,0,12,76
416,54.469433,-1.1908485,88,Slight,Fine No High Winds,Single Carriageway,36.36,1.27,15.0,3,19,66
1272,52.43436,-0.27424362,88,Slight,Fine No High Winds,Dual Carriageway,57.84,1.33,13.0,2,10,76
2494,50.68434,-2.2223456,88,Slight,Fine No High Winds,Single Carriageway,42.05,1.51,16.0,2,16,70
1919,51.37177,0.3601357,88,Slight,Fine No High Winds,Single Carriageway,32.73,1.25,9.0,2,8,78
951,53.359093,-1.1186612,88,Slight,Fine No High Winds,Single Carriageway,32.27,1.32,12.0,1,20,67
15,54.235874,-2.715537,88,Slight,Fine No High Winds,Dual Carriageway,64.55,1.43,13.0,1,13,74
2353,51.354897,-2.3154294,88,Slight,Fine No High Winds,Single Carriageway,43.86,1.56,17.0,0,15,73
17,54.27515,-2.764763,88,Slight,Fine No High Winds,Dual Carriageway,65.23,1.6,17.0,4,12,72
782,52.96845,-2.6822531,88,Slight,Fine No High Winds,Single Carriageway,30.45,1.2,12.0,1,9,78
978,52.968277,-0.95806825,87,Slight,Fine No High Winds,Single Carriageway,57.93,1.44,17.0,0,12,75
1905,51.12957,0.19863091,87,Slight,Fine No High Winds,Single Carriageway,46.55,1.32,8.0,0,12,75
2032,50.80427,-0.7327453,87,Slight,Fine No High Winds,Single Carriageway,55.86,1.6,8.0,1,13,73
1040,53.17401,0.09393487,86,Slight,Fine No High Winds,Single Carriageway,34.65,1.35,8.0,1,12,73
2789,56.318497,-3.0147567,86,Slight,Fine No High Winds,Single Carriageway,30.12,1.12,8.0,0,16,70
210,53.35648,-2.3285291,86,Slight,Fine No High Winds,Dual Carriageway,62.91,1.71,17.0,1,13,72
1374,52.151882,1.0577375,86,Slight,Fine No High Winds,Single Carriageway,40.58,1.16,17.0,0,9,77
2095,50.87543,-0.29743204,86,Slight,Fine No High Winds,Single Carriageway,47.79,1.4,17.0,1,15,70
1001,52.804688,-0.059233963,86,Slight,Fine No High Winds,Single Carriageway,51.98,1.41,16.0,4,12,70
2314,51.05377,-2.411147,86,Slight,Fine No High Winds,Single Carriageway,40.58,1.3,12.0,0,8,78
2318,51.023785,-2.663619,86,Slight,Fine No High Winds,Roundabout,63.49,1.36,17.0,0,7,79
2841,56.001617,-3.888393,86,Slight,Fine No High Winds,Single Carriageway,33.72,1.24,18.0,2,19,65
595,53.70604,-0.9121604,86,Slight,Fine No High Winds,Single Carriageway,51.4,1.53,15.0,2,16,68
593,53.77078,-0.67499274,86,Slight,Fine No High Winds,Single Carriageway,62.33,1.71,16.0,1,17,68
862,52.97356,-1.3634638,86,Slight,Fine No High Winds,Single Carriageway,36.05,1.37,16.0,0,19,67
2422,51.68457,-2.3556511,86,Slight,Fine No High Winds,Single Carriageway,31.05,1.22,15.0,1,12,73
832,52.49877,-1.5418516,85,Slight,Fine No High Winds,Single Carriageway,55.06,1.62,9.0,0,15,70
1105,52.691307,-1.4006691,85,Slight,Fine No High Winds,Single Carriageway,32.71,1.33,16.0,1,12,72
2237,50.49111,-4.0875616,85,Slight,Fine No High Winds,Single Carriageway,46.0,1.28,16.0,0,16,69
1797,50.954678,-1.2149571,85,Slight,Fine No High Winds,Single Carriageway,32.47,1.2,8.0,2,13,70
411,54.20987,-0.29358497,85,Slight,Fine No High Winds,Single Carriageway,31.06,1.18,15.0,1,19,65
1968,51.36953,0.2503382,85,Slight,Fine No High Winds,Dual Carriageway,64.47,1.75,7.0,3,13,69
3012,52.91751,-3.043083,85,Slight,Fine No High Winds,Single Carriageway,55.41,1.44,12.0,1,7,77
2721,58.59318,-3.5231836,85,Slight,Fine No High Winds,Single Carriageway,29.76,1.11,17.0,1,7,77
1475,51.78895,-0.63242114,85,Slight,Fine No High Winds,Single Carriageway,63.06,1.48,8.0,1,17,67
1771,50.683716,-1.5254322,85,Slight,Fine No High Winds,Single Carriageway,30.12,1.25,16.0,1,16,68
759,52.034748,-2.427561,85,Slight,Fine No High Winds,Single Carriageway,36.71,1.25,17.0,3,7,75
2392,51.799515,-2.2890117,84,Slight,Fine No High Winds,Dual Carriageway,61.79,1.39,8.0,1,11,72
2041,50.9271,0.52989584,84,Slight,Fine No High Winds,Single Carriageway,58.1,1.52,12.0,4,17,63
2725,57.58405,-3.870258,84,Slight,Fine No High Winds,Single Carriageway,30.24,1.2,15.0,2,7,75
2402,51.695522,-2.220056,84,Slight,Fine No High Winds,Single Carriageway,34.29,1.18,14.0,0,15,69
1587,51.7231,-0.83283687,84,Slight,Fine No High Winds,Single Carriageway,30.6,1.18,9.0,0,15,69
337,54.819855,-1.6268679,84,Slight,Fine No High Winds,Single Carriageway,31.55,1.38,16.0,1,8,75
2501,50.78985,-2.009506,84,Slight,Fine No High Winds,Single Carriageway,56.07,1.62,16.0,1,23,60
498,53.622868,-1.879933,84,Slight,Fine No High Winds,Single Carriageway,30.48,1.29,9.0,0,17,67
1617,51.56019,-0.61357176,84,Slight,Fine No High Winds,Single Carriageway,37.62,1.32,8.0,0,16,68
421,54.237602,-1.211246,84,Slight,Fine No High Winds,Single Carriageway,59.29,1.51,13.0,0,22,62
2913,55.639057,-3.8815975,84,Slight,Fine No High Winds,Dual Carriageway,52.38,1.49,17.0,6,15,63
1708,51.47815,-0.8607274,83,Slight,Fine No High Winds,Single Carriageway,35.06,1.22,8.0,1,13,69
1528,51.68256,0.46432748,83,Slight,Fine No High Winds,Single Carriageway,58.67,1.31,8.0,2,12,69
994,52.76799,0.18896474,83,Slight,Fine No High Winds,Single Carriageway,42.41,1.39,17.0,2,13,68
1315,52.5791,1.1352772,83,Slight,Fine No High Winds,Single Carriageway,41.81,1.33,8.0,1,12,70
1234,52.37287,-0.24664876,83,Slight,Fine No High Winds,Dual Carriageway,63.13,1.34,8.0,3,18,62
1960,51.21275,0.7335487,83,Slight,Fine No High Winds,Dual Carriageway,69.76,1.47,7.0,1,9,73
812,52.221077,-1.5095019,82,Slight,Fine No High Winds,Dual Carriageway,66.22,1.79,16.0,5,17,60
310,54.651993,-1.5110141,82,Slight,Fine No High Winds,Dual Carriageway,65.61,1.66,16.0,3,11,68
400,54.390614,-1.6541326,82,Slight,Fine No High Winds,Single Carriageway,46.46,1.6,14.0,0,23,59
313,54.70166,-1.315179,82,Slight,Fine No High Winds,Single Carriageway,64.02,2.04,8.0,5,17,60
171,53.572243,-2.6928277,82,Slight,Fine No High Winds,Single Carriageway,41.71,1.46,15.0,3,14,65
167,53.362835,-2.0657365,82,Slight,Fine No High Winds,Single Carriageway,33.05,1.55,8.0,4,14,64
1060,53.181736,0.19450706,82,Slight,Fine No High Winds,Single Carriageway,55.24,1.62,17.0,2,11,69
1984,51.048595,0.50901335,82,Slight,Fine No High Winds,Single Carriageway,35.37,1.34,13.0,0,18,64
783,52.855927,-2.7231674,82,Slight,Fine No High Winds,Single Carriageway,30.98,1.11,15.0,0,7,75
1454,52.01265,-0.22738643,82,Slight,Fine No High Winds,Single Carriageway,37.2,1.24,18.0,1,17,64
1371,52.232635,0.8891501,82,Slight,Fine No High Winds,Single Carriageway,62.07,1.39,18.0,2,13,67
1450,51.90819,-0.55302316,82,Slight,Fine No High Winds,Single Carriageway,60.73,1.7,8.0,1,11,70
1535,51.632397,0.8144221,82,Slight,Fine No High Winds,Single Carriageway,30.24,1.18,15.0,1,15,66
1403,52.215866,1.485021,82,Slight,Fine No High Winds,Single Carriageway,39.63,1.46,15.0,1,14,67
1554,51.946266,1.0568877,82,Slight,Fine No High Winds,Single Carriageway,35.24,1.34,14.0,0,14,68
2268,50.284775,-3.7773604,82,Slight,Fine No High Winds,Single Carriageway,37.07,1.13,15.0,0,8,74
1583,51.61807,0.61480784,81,Slight,Fine No High Winds,Single Carriageway,34.94,1.31,8.0,3,14,64
568,53.58739,-0.73196787,81,Slight,Fine No High Winds,Single Carriageway,36.91,1.43,15.0,1,17,63
1933,51.28334,1.036602,81,Slight,Fine No High Winds,Dual Carriageway,58.89,1.36,8.0,1,10,70
971,52.895916,-1.093509,81,Slight,Fine No High Winds,Single Carriageway,42.1,1.6,10.0,0,14,67
1918,51.205837,0.51689935,81,Slight,Fine No High Winds,Single Carriageway,54.57,1.65,16.0,6,7,68
282,54.922394,-1.6748108,81,Slight,Fine No High Winds,Single Carriageway,38.77,1.43,18.0,0,10,71
1364,52.347965,1.1332397,81,Slight,Fine No High Winds,Single Carriageway,45.93,1.32,9.0,3,14,64
84,53.86998,-2.752086,81,Slight,Fine No High Winds,Single Carriageway,52.47,1.59,11.0,2,17,62
1838,51.217667,-0.44194135,81,Slight,Fine No High Winds,Single Carriageway,35.06,1.43,17.0,2,16,63
1192,52.32595,-0.61341083,81,Slight,Fine No High Winds,Single Carriageway,34.07,1.46,12.0,3,16,62
1949,51.24415,0.97227466,81,Slight,Fine No High Winds,Single Carriageway,50.0,1.63,16.0,1,16,64
2321,51.33007,-2.8952422,80,Slight,Fine No High Winds,Single Carriageway,59.38,1.69,8.0,0,10,70
1698,51.433876,-0.6574264,80,Slight,Fine No High Winds,Single Carriageway,54.5,1.52,17.0,1,8,71
2598,51.585804,-2.8393056,80,Slight,Fine No High Winds,Single Carriageway,50.25,1.34,14.0,1,7,72
1849,51.14576,-0.3283155,80,Slight,Fine No High Winds,Single Carriageway,54.25,1.35,17.0,1,16,63
1049,52.889427,-0.083069324,80,Slight,Fine No High Winds,Single Carriageway,59.5,1.64,13.0,1,9,70
1405,52.20584,1.5776037,80,Slight,Fine No High Winds,Single Carriageway,30.25,1.16,14.0,0,7,73
2552,53.241924,-3.1915429,80,Slight,Fine No High Winds,Dual Carriageway,59.5,1.72,11.0,0,4,76
1560,51.859516,1.1032991,80,Slight,Fine No High Winds,Single Carriageway,50.12,1.39,17.0,1,16,63
2285,50.942474,-2.8036487,80,Slight,Fine No High Winds,Roundabout,55.12,1.44,15.0,1,11,68
2760,56.500378,-2.723063,79,Slight,Fine No High Winds,Single Carriageway,30.38,1.18,17.0,0,15,64
598,53.761337,-0.59760123,79,Slight,Fine No High Winds,Single Carriageway,58.99,1.61,9.0,2,16,61
1702,51.393566,-0.6303908,79,Slight,Fine No High Winds,Single Carriageway,32.78,1.28,17.0,1,14,64
31,54.23197,-3.0526617,79,Slight,Fine No High Winds,Single Carriageway,59.24,1.67,8.0,3,8,68
2474,51.63038,-1.7111499,79,Slight,Fine No High Winds,Single Carriageway,32.15,1.25,8.0,0,13,66
2179,50.407402,-4.3508396,79,Slight,Fine No High Winds,Single Carriageway,52.66,1.57,14.0,2,6,71
974,53.05287,-1.1504067,79,Slight,Fine No High Winds,Single Carriageway,50.51,1.71,17.0,0,8,71
1239,52.21819,0.0052184938,79,Slight,Fine No High Winds,Single Carriageway,48.23,1.28,15.0,2,9,68
607,53.873447,-0.6984305,79,Slight,Fine No High Winds,Single Carriageway,47.59,1.71,16.0,1,8,70
1957,51.2783,0.39967152,79,Slight,Fine No High Winds,Roundabout,39.11,1.25,16.0,0,6,73
2071,51.020676,-0.4545868,79,Slight,Fine No High Winds,Single Carriageway,37.97,1.28,17.0,0,8,71
2459,51.557453,-1.9124043,79,Slight,Fine No High Winds,Dual Carriageway,67.09,1.47,9.0,0,8,71
1595,51.70456,-0.70524985,79,Slight,Fine No High Winds,Single Carriageway,47.59,1.35,8.0,0,17,62
945,53.01039,-1.0044777,79,Slight,Fine No High Winds,Single Carriageway,42.15,1.44,12.0,3,19,57
2471,51.635075,-1.8335166,78,Slight,Fine No High Winds,Dual Carriageway,68.59,1.56,8.0,4,17,57
1620,51.634323,-0.5682921,78,Slight,Fine No High Winds,Single Carriageway,38.46,1.45,7.0,0,12,66
545,53.435265,-1.5379809,78,Slight,Fine No High Winds,Single Carriageway,33.97,1.42,8.0,1,17,60
221,53.196552,-2.7697928,78,Slight,Fine No High Winds,Single Carriageway,47.31,1.4,17.0,0,23,55
256,55.332176,-1.5850582,78,Slight,Fine No High Winds,Single Carriageway,31.15,1.21,12.0,2,15,61
2138,50.39467,-4.9235787,78,Slight,Fine No High Winds,Single Carriageway,53.97,1.42,11.0,0,6,72
2572,53.055157,-3.0687642,78,Slight,Fine No High Winds,Single Carriageway,33.97,1.21,17.0,0,14,64
2785,56.127872,-3.3116832,78,Slight,Fine No High Winds,Single Carriageway,30.77,1.26,18.0,1,17,60
2935,55.500645,-4.6104965,78,Slight,Fine No High Winds,Single Carriageway,32.44,1.21,14.0,0,11,67
46,54.60204,-3.136364,78,Slight,Fine No High Winds,Single Carriageway,29.87,1.12,17.0,2,15,61
914,52.771072,-1.5985628,78,Slight,Fine No High Winds,Single Carriageway,40.64,1.53,8.0,0,13,65
959,53.078396,-0.95463514,78,Slight,Fine No High Winds,Single Carriageway,30.77,1.32,8.0,1,16,61
2186,50.827766,-4.541832,78,Slight,Fine No High Winds,Single Carriageway,31.67,1.09,16.0,0,7,71
2374,51.413895,-2.7425656,78,Slight,Fine No High Winds,Single Carriageway,31.41,1.31,8.0,0,9,69
700,52.728508,-1.7459936,78,Slight,Fine No High Winds,Dual Carriageway,54.36,1.35,16.0,2,5,71
1282,52.50895,0.08582623,78,Slight,Fine No High Winds,Single Carriageway,53.08,1.56,18.0,2,13,63
1144,52.68465,-1.2661437,78,Slight,Fine No High Winds,Roundabout,43.08,1.32,17.0,3,9,66
479,53.769836,-1.3708661,77,Slight,Fine No High Winds,Single Carriageway,30.78,1.23,17.0,0,15,62
2344,51.43137,-2.3617997,77,Slight,Fine No High Winds,Single Carriageway,53.77,1.83,10.0,5,10,62
242,53.258198,-2.0475237,77,Slight,Fine No High Winds,Single Carriageway,52.34,1.29,16.0,1,23,53
468,53.641994,-1.3375459,77,Slight,Fine No High Winds,Single Carriageway,32.21,1.45,16.0,2,9,66
1773,50.682922,-1.2034434,77,Slight,Fine No High Winds,Single Carriageway,59.35,1.61,16.0,3,9,65
1256,52.285934,0.12374038,77,Slight,Fine No High Winds,Single Carriageway,34.55,1.13,16.0,0,12,65
657,53.078392,-2.1083832,77,Slight,Fine No High Winds,Single Carriageway,37.14,1.53,17.0,2,4,71
1896,51.2548,0.3769962,77,Slight,Fine No High Winds,Single Carriageway,49.35,1.36,18.0,2,7,68
2937,55.544933,-4.6589465,77,Slight,Fine No High Winds,Single Carriageway,29.87,1.21,18.0,0,16,61
2764,56.206234,-3.429761,76,Slight,Fine No High Winds,Single Carriageway,42.37,1.14,18.0,2,15,59
420,54.380054,-1.6809329,76,Slight,Fine No High Winds,Single Carriageway,40.53,1.49,16.0,1,6,69
1397,52.05149,1.066966,76,Slight,Fine No High Winds,Single Carriageway,54.47,1.49,8.0,1,15,60
1118,52.651173,-1.2409854,76,Slight,Fine No High Winds,Single Carriageway,44.21,1.32,8.0,1,11,64
1402,52.341755,1.5029414,76,Slight,Fine No High Winds,Single Carriageway,32.24,1.28,15.0,1,9,66
1789,50.596283,-1.2077361,76,Slight,Fine No High Winds,Single Carriageway,29.47,1.14,12.0,0,14,62
553,53.5375,-0.17292717,76,Slight,Fine No High Winds,Single Carriageway,52.11,1.66,17.0,3,19,54
2144,50.37849,-4.9427376,76,Slight,Fine No High Winds,Single Carriageway,56.05,1.33,17.0,2,9,65
1974,51.41129,0.46204025,76,Slight,Fine No High Winds,Single Carriageway,49.34,1.43,22.0,1,8,67
1439,52.012108,-0.20480041,76,Slight,Fine No High Winds,Single Carriageway,64.74,1.66,17.0,0,15,61
393,54.476513,-1.7707546,76,Slight,Fine No High Winds,Single Carriageway,59.61,2.03,12.0,3,22,51
1083,53.26589,-0.65763396,76,Slight,Fine No High Winds,Single Carriageway,44.87,1.51,14.0,0,6,70
2437,51.177177,-1.8239125,75,Slight,Fine No High Winds,Single Carriageway,57.73,1.83,13.0,5,9,61
1675,51.93991,-1.5461731,75,Slight,Fine No High Winds,Single Carriageway,30.67,1.19,8.0,2,12,61
1568,51.486706,0.4124625,75,Slight,Fine No High Winds,Single Carriageway,35.2,1.63,15.0,1,14,60
997,52.668888,-0.16602916,75,Slight,Fine No High Winds,Single Carriageway,48.13,1.44,15.0,1,16,58
1191,52.484123,-0.46613285,75,Slight,Fine No High Winds,Single Carriageway,36.4,1.28,15.0,2,10,63
716,52.99366,-2.2948697,75,Slight,Fine No High Winds,Dual Carriageway,68.13,1.36,15.0,1,4,70
815,52.288372,-1.7819741,75,Slight,Fine No High Winds,Single Carriageway,36.4,1.4,17.0,0,15,60
2773,56.077988,-3.4225512,75,Slight,Fine No High Winds,Single Carriageway,30.93,1.25,16.0,2,14,59
160,53.4872,-2.7763286,75,Slight,Fine No High Winds,Dual Carriageway,58.53,1.67,15.0,1,18,56
2550,53.210224,-3.1301863,75,Slight,Fine No High Winds,Single Carriageway,58.67,1.6,16.0,2,12,61
1776,50.799225,-1.6758456,75,Slight,Fine No High Winds,Single Carriageway,54.4,1.39,16.0,3,17,55
788,52.667187,-2.374504,75,Slight,Fine No High Winds,Single Carriageway,35.73,1.27,17.0,1,10,64
799,52.242542,-1.495377,75,Slight,Fine No High Winds,Single Carriageway,58.4,1.67,7.0,4,9,62
3021,52.98401,-1.4878951,75,Slight,Fine No High Winds,Single Carriageway,35.2,1.37,16.0,4,11,60
2648,51.674732,-3.5361123,74,Slight,Fine No High Winds,Single Carriageway,34.73,1.55,17.0,2,11,61
1229,52.423782,-0.10543598,74,Slight,Fine No High Winds,Single Carriageway,59.86,1.59,8.0,0,19,55
1832,51.268425,-0.39685017,74,Slight,Fine No High Winds,Single Carriageway,36.62,1.41,11.0,0,10,64
3222,51.72553,-4.720736,74,Slight,Fine No High Winds,Single Carriageway,41.35,1.43,13.0,0,11,63
1116,52.860344,-1.3276492,74,Slight,Fine No High Winds,Roundabout,58.38,1.32,17.0,3,5,66
1281,52.456573,0.30265749,74,Slight,Fine No High Winds,Single Carriageway,31.22,1.23,6.0,2,18,54
457,53.575947,-1.7072755,74,Slight,Fine No High Winds,Single Carriageway,43.65,1.78,17.0,3,15,56
1636,51.74925,-1.1371878,74,Slight,Fine No High Winds,Single Carriageway,41.35,1.26,17.0,0,20,54
2564,52.744057,-3.8787272,74,Slight,Fine No High Winds,Single Carriageway,46.08,1.64,12.0,3,16,55
1574,51.724903,0.12616664,74,Slight,Fine No High Winds,Single Carriageway,47.43,1.76,10.0,2,15,57
2470,51.525776,-1.7921994,74,Slight,Fine No High Winds,Single Carriageway,29.86,1.18,15.0,0,6,68
2513,50.66974,-2.4648855,74,Slight,Fine No High Winds,Single Carriageway,57.3,1.92,8.0,4,13,57
81,53.885303,-2.7452824,74,Slight,Fine No High Winds,Dual Carriageway,67.7,1.65,14.0,6,13,55
973,52.909817,-1.0367299,74,Slight,Fine No High Winds,Single Carriageway,33.92,1.23,15.0,1,16,57
1619,51.662464,-0.7396168,74,Slight,Fine No High Winds,Single Carriageway,36.62,1.42,18.0,0,12,62
2929,55.452354,-4.2635756,74,Slight,Fine No High Winds,Single Carriageway,30.41,1.18,15.0,0,10,64
476,53.80039,-1.8961321,73,Slight,Fine No High Winds,Single Carriageway,31.23,1.29,17.0,1,12,60
947,53.233383,-1.1540054,73,Slight,Fine No High Winds,Single Carriageway,54.38,1.51,16.0,1,16,56
1842,51.2476,-0.26516184,73,Slight,Fine No High Winds,Single Carriageway,41.92,1.25,15.0,0,12,61
2546,53.10202,-3.0335162,73,Slight,Fine No High Winds,Single Carriageway,34.93,1.63,9.0,0,9,64
1340,52.40212,1.2989273,73,Slight,Fine No High Winds,Single Carriageway,33.56,1.15,15.0,1,8,64
388,54.3699,-1.6315888,73,Slight,Fine No High Winds,Dual Carriageway,56.99,1.41,12.0,2,10,61
1556,51.77971,1.1181984,73,Slight,Fine No High Winds,Single Carriageway,31.51,1.26,13.0,1,19,53
1193,52.341328,-0.54252666,73,Slight,Fine No High Winds,Single Carriageway,30.55,1.18,12.0,2,22,49
283,54.92108,-1.7448988,73,Slight,Fine No High Winds,Single Carriageway,34.79,1.44,15.0,0,10,63
1829,51.249245,-0.5029407,73,Slight,Fine No High Winds,Single Carriageway,42.6,1.42,11.0,3,6,64
1112,52.797424,-1.2615876,73,Slight,Fine No High Winds,Single Carriageway,41.1,1.36,8.0,0,12,61
2745,57.09504,-2.1113696,73,Slight,Fine No High Winds,Dual Carriageway,57.95,1.26,17.0,3,12,58
2029,51.097557,0.034415957,72,Slight,Fine No High Winds,Single Carriageway,31.94,1.28,15.0,0,13,59
1093,53.291214,-0.4893864,72,Slight,Fine No High Winds,Single Carriageway,59.72,1.6,8.0,1,5,66
1632,51.65386,-1.5840752,72,Slight,Fine No High Winds,Single Carriageway,35.0,1.36,8.0,1,7,64
2082,50.821396,0.34151524,72,Slight,Fine No High Winds,Single Carriageway,48.89,1.46,15.0,0,19,53
2758,56.3708,-3.4265056,72,Slight,Fine No High Winds,Single Carriageway,56.39,1.24,18.0,3,20,49
2124,50.236744,-5.068749,72,Slight,Fine No High Winds,Single Carriageway,49.58,1.51,8.0,0,6,66
1316,52.93831,0.48995712,72,Slight,Fine No High Winds,Single Carriageway,30.83,1.28,14.0,0,14,58
2425,51.944714,-2.0631003,72,Slight,Fine No High Winds,Single Carriageway,32.36,1.15,8.0,0,12,60
1204,52.14721,-0.83996224,72,Slight,Fine No High Winds,Dual Carriageway,65.56,1.38,15.0,5,18,49
8,51.667755,-0.15908475,72,Slight,Fine No High Winds,Single Carriageway,31.53,1.32,15.0,0,9,63
2728,57.485367,-4.144441,72,Slight,Fine No High Winds,Single Carriageway,35.56,1.24,15.0,0,10,62
2938,55.354515,-4.682107,72,Slight,Fine No High Winds,Single Carriageway,32.92,1.12,15.0,0,18,54
1504,52.03153,0.19144419,72,Slight,Fine No High Winds,Dual Carriageway,69.58,1.6,10.0,4,12,56
2351,51.030598,-2.5734234,72,Slight,Fine No High Winds,Single Carriageway,54.72,1.6,15.0,1,9,62
1983,51.260918,1.0273906,72,Slight,Fine No High Winds,Single Carriageway,44.31,1.4,16.0,3,12,57
624,54.582657,-0.97609997,72,Slight,Fine No High Winds,Single Carriageway,30.69,1.29,12.0,1,14,57
1861,51.16354,-0.05137161,72,Slight,Fine No High Winds,Single Carriageway,46.53,1.56,14.0,2,9,61
2788,56.133286,-3.3863618,72,Slight,Fine No High Winds,Single Carriageway,36.11,1.22,17.0,0,14,58
1348,52.669006,1.0925592,72,Slight,Fine No High Winds,Single Carriageway,60.0,1.82,8.0,3,14,55
87,53.923996,-2.9738288,72,Slight,Fine No High Winds,Single Carriageway,29.72,1.18,15.0,0,20,52
1921,51.104874,1.2401538,72,Slight,Fine No High Winds,Dual Carriageway,65.69,1.81,14.0,4,10,58
577,53.729004,0.033007547,71,Slight,Fine No High Winds,Single Carriageway,28.59,1.14,15.0,2,11,58
984,52.83363,-1.1775112,71,Slight,Fine No High Winds,Single Carriageway,31.97,1.24,18.0,0,10,61
1190,52.267723,-0.7277879,71,Slight,Fine No High Winds,Dual Carriageway,59.58,1.52,8.0,3,19,49
2220,50.798164,-3.1550903,71,Slight,Fine No High Winds,Single Carriageway,56.76,1.66,16.0,3,9,59
1790,50.757095,-1.707395,71,Slight,Fine No High Winds,Single Carriageway,42.11,1.3,17.0,1,9,61
2671,51.817936,-4.500195,71,Slight,Fine No High Winds,Single Carriageway,45.49,1.41,8.0,2,12,57
1114,52.530743,-1.2229775,71,Slight,Fine No High Winds,Single Carriageway,33.52,1.38,15.0,0,13,58
2909,55.74081,-3.9173343,71,Slight,Fine No High Winds,Single Carriageway,50.14,1.51,16.0,0,7,64
1178,52.232403,-1.0747118,71,Slight,Fine No High Winds,Single Carriageway,37.89,1.31,18.0,2,20,49
1059,53.25985,0.1771355,71,Slight,Fine No High Winds,Single Carriageway,31.27,1.23,13.0,1,12,58
104,53.766594,-2.6007683,71,Slight,Fine No High Winds,Dual Carriageway,55.49,1.97,7.0,1,12,58
641,52.3874,-1.6486669,71,Slight,Fine No High Winds,Single Carriageway,32.96,1.34,15.0,1,15,55
75,54.075016,-2.7248242,71,Slight,Fine No High Winds,Single Carriageway,45.77,1.44,17.0,1,17,53
1579,51.59816,0.34797084,71,Slight,Fine No High Winds,Single Carriageway,35.07,1.38,9.0,1,8,62
2592,51.650124,-3.2870276,71,Slight,Fine No High Winds,Single Carriageway,36.9,1.51,17.0,0,14,57
1774,51.218277,-1.5467867,70,Slight,Fine No High Winds,Single Carriageway,53.29,1.47,16.0,1,17,52
811,52.193924,-1.5986174,70,Slight,Fine No High Winds,Single Carriageway,40.43,1.36,14.0,0,16,54
9,51.603783,-0.4792095,70,Slight,Fine No High Winds,Single Carriageway,30.71,1.21,20.0,0,9,61
735,52.228092,-2.219034,70,Slight,Fine No High Winds,Single Carriageway,50.57,1.39,8.0,3,4,63
1302,52.772446,1.5127702,70,Slight,Fine No High Winds,Single Carriageway,41.29,1.36,15.0,1,12,57
2723,58.980453,-2.960459,70,Slight,Fine No High Winds,Single Carriageway,29.29,1.09,17.0,0,11,59
1509,51.901814,0.19623578,70,Slight,Fine No High Winds,Single Carriageway,31.71,1.2,17.0,1,12,57
2185,50.811714,-4.352087,70,Slight,Fine No High Winds,Single Carriageway,40.57,1.31,17.0,0,10,60
848,52.33815,-1.2889614,70,Slight,Fine No High Winds,Single Carriageway,37.57,1.3,8.0,1,12,57
2614,51.62532,-3.8570352,70,Slight,Fine No High Winds,Dual Carriageway,48.14,1.53,17.0,1,5,64
2345,51.16145,-3.3194191,70,Slight,Fine No High Winds,Single Carriageway,31.29,1.36,10.0,3,7,60
333,54.747986,-1.2912724,70,Slight,Fine No High Winds,Single Carriageway,33.43,1.29,16.0,1,11,58
1853,51.262848,-0.26513278,70,Slight,Fine No High Winds,Single Carriageway,40.14,1.29,13.0,0,12,58
98,53.62731,-2.587913,70,Slight,Fine No High Winds,Dual Carriageway,64.57,1.67,13.0,0,16,54
195,53.41341,-2.4590755,70,Slight,Fine No High Winds,Single Carriageway,44.57,1.37,8.0,2,16,52
2362,51.537724,-2.4899857,70,Slight,Fine No High Winds,Single Carriageway,38.57,1.29,17.0,2,12,56
2328,51.40375,-2.673341,69,Slight,Fine No High Winds,Single Carriageway,47.97,1.61,17.0,1,6,62
640,52.38842,-1.7370256,69,Slight,Fine No High Winds,Single Carriageway,31.16,1.17,12.0,2,11,56
1862,51.222237,-0.047944523,69,Slight,Fine No High Winds,Single Carriageway,42.46,1.46,18.0,0,7,62
2429,51.102,-1.8386124,69,Slight,Fine No High Winds,Single Carriageway,55.07,1.51,8.0,3,11,55
1230,52.402866,-0.07802742,69,Slight,Fine No High Winds,Single Carriageway,39.28,1.28,15.0,0,10,59
2811,55.548424,-2.8403718,69,Slight,Fine No High Winds,Single Carriageway,30.29,1.25,14.0,1,12,56
872,53.212883,-1.6745504,69,Slight,Fine No High Winds,Single Carriageway,31.74,1.26,13.0,1,11,57
1032,53.045414,-0.39011317,69,Slight,Fine No High Winds,Single Carriageway,30.72,1.25,13.0,0,10,59
484,53.892014,-1.6357759,69,Slight,Fine No High Winds,Single Carriageway,45.07,1.64,11.0,3,14,52
347,54.822403,-1.7426052,69,Slight,Fine No High Winds,Single Carriageway,34.93,1.57,8.0,0,11,58
1571,51.745026,0.05817575,69,Slight,Fine No High Winds,Single Carriageway,43.62,1.36,7.0,1,8,60
2903,55.861042,-3.7594402,69,Slight,Fine No High Winds,Single Carriageway,47.25,1.29,15.0,2,3,64
1122,52.71116,-1.1233182,69,Slight,Fine No High Winds,Single Carriageway,47.83,1.52,8.0,4,12,53
1219,52.124664,0.17036444,69,Slight,Fine No High Winds,Single Carriageway,30.0,1.22,17.0,1,12,56
2377,51.60819,-2.5231688,69,Slight,Fine No High Winds,Single Carriageway,30.29,1.17,17.0,0,5,64
2888,55.85437,-3.805255,69,Slight,Fine No High Winds,Dual Carriageway,64.93,1.55,13.0,0,11,58
1994,51.11079,0.45208308,69,Slight,Fine No High Winds,Single Carriageway,40.29,1.33,13.0,0,8,61
1724,51.39858,-0.6562952,69,Slight,Fine No High Winds,Single Carriageway,34.06,1.23,15.0,0,7,62
2072,50.93361,-0.1778236,69,Slight,Fine No High Winds,Single Carriageway,30.58,1.19,12.0,2,10,57
2654,51.7473,-3.6172311,69,Slight,Fine No High Winds,Single Carriageway,40.43,1.39,16.0,0,13,56
2590,51.623627,-2.6746576,69,Slight,Fine No High Winds,Single Carriageway,46.52,1.29,17.0,3,5,61
1916,51.225697,0.39981163,69,Slight,Fine No High Winds,Single Carriageway,51.45,1.32,18.0,3,13,53
2537,52.9703,-3.169118,69,Slight,Fine No High Winds,Single Carriageway,32.9,1.25,13.0,0,8,61
1963,51.32892,0.80107987,69,Slight,Fine No High Winds,Single Carriageway,35.36,1.45,18.0,4,9,56
122,53.80603,-2.446793,69,Slight,Fine No High Winds,Single Carriageway,42.46,1.39,8.0,1,10,58
565,53.553238,-0.5829129,68,Slight,Fine No High Winds,Dual Carriageway,64.71,1.79,16.0,0,18,50
2354,51.38553,-2.4290323,68,Slight,Fine No High Winds,Single Carriageway,54.71,1.44,8.0,3,8,57
1248,52.16256,0.16751729,68,Slight,Fine No High Winds,Single Carriageway,53.53,1.41,17.0,1,10,57
2549,53.2774,-3.1883976,68,Slight,Fine No High Winds,Single Carriageway,41.32,1.53,17.0,0,8,60
703,52.746483,-1.7222186,68,Slight,Fine No High Winds,Dual Carriageway,65.44,1.51,14.0,0,6,62
391,53.90402,-1.6288599,68,Slight,Fine No High Winds,Single Carriageway,42.35,1.49,17.0,3,8,57
2158,50.51597,-4.8361034,68,Slight,Fine No High Winds,Single Carriageway,37.94,1.12,13.0,0,11,57
1768,50.74478,-1.5841414,68,Slight,Fine No High Winds,Single Carriageway,48.53,1.19,16.0,2,10,56
2068,51.10364,-0.0861179,68,Slight,Fine No High Winds,Single Carriageway,33.68,1.41,8.0,0,8,60
1741,51.05905,-0.8989041,68,Slight,Fine No High Winds,Dual Carriageway,63.24,1.25,17.0,0,13,55
954,53.193443,-1.0638577,68,Slight,Fine No High Winds,Single Carriageway,35.29,1.25,21.0,0,13,55
205,53.33129,-2.4104357,67,Slight,Fine No High Winds,Single Carriageway,52.54,1.73,17.0,0,9,58
690,52.461365,-2.201883,67,Slight,Fine No High Winds,Single Carriageway,44.48,1.58,13.0,2,3,62
3008,53.006664,-2.3269763,67,Slight,Fine No High Winds,Dual Carriageway,52.24,1.64,15.0,3,8,56
2467,51.323803,-2.1579244,67,Slight,Fine No High Winds,Single Carriageway,59.85,1.78,12.0,2,12,53
2812,55.651703,-3.1898499,67,Slight,Fine No High Winds,Single Carriageway,30.6,1.1,17.0,1,10,56
108,53.663303,-2.8798225,67,Slight,Fine No High Winds,Dual Carriageway,48.66,1.97,11.0,0,19,48
2031,50.95833,-0.50947756,67,Slight,Fine No High Winds,Single Carriageway,32.84,1.31,15.0,1,11,55
158,53.389355,-2.7888088,67,Slight,Fine No High Winds,Single Carriageway,50.0,1.75,8.0,1,13,53
2847,55.98824,-3.682065,67,Slight,Fine No High Winds,Single Carriageway,61.34,1.33,8.0,2,12,53
839,52.48246,-1.588764,67,Slight,Fine No High Winds,Single Carriageway,34.03,1.45,13.0,0,4,63
3082,51.96028,0.2146672,67,Slight,Fine No High Winds,Dual Carriageway,64.78,1.66,15.0,3,10,54
1131,52.8448,-1.33999,67,Slight,Fine No High Winds,Single Carriageway,30.45,1.19,11.0,1,7,59
844,52.554604,-1.7374266,67,Slight,Fine No High Winds,Single Carriageway,56.87,1.52,7.0,4,14,49
1148,52.54434,-1.2463738,67,Slight,Fine No High Winds,Single Carriageway,60.0,1.37,17.0,3,8,56
2544,53.185036,-3.0245934,67,Slight,Fine No High Winds,Single Carriageway,38.51,1.27,17.0,2,14,51
418,54.254448,-1.3489712,67,Slight,Fine No High Winds,Dual Carriageway,63.73,1.51,9.0,1,17,49
2238,50.508537,-4.1028085,67,Slight,Fine No High Winds,Single Carriageway,44.33,1.27,15.0,1,5,61
413,54.013573,-0.9886121,66,Slight,Fine No High Winds,Single Carriageway,60.0,1.91,17.0,0,8,58
1056,53.46858,-0.06402849,66,Slight,Fine No High Winds,Single Carriageway,53.33,1.94,11.0,2,13,51
1488,51.91931,-0.37479854,66,Slight,Fine No High Winds,Dual Carriageway,66.06,1.45,18.0,3,12,51
1952,51.22614,1.2008122,66,Slight,Fine No High Winds,Single Carriageway,40.45,1.42,19.0,0,7,59
576,53.5684,-0.81694657,66,Slight,Fine No High Winds,Single Carriageway,60.76,1.89,17.0,1,7,58
2522,53.223648,-4.164164,66,Slight,Fine No High Winds,Single Carriageway,33.18,1.21,17.0,1,6,59
1924,51.411343,0.18362814,66,Slight,Fine No High Winds,Single Carriageway,32.42,1.42,18.0,0,6,60
515,53.563244,-1.025568,66,Slight,Fine No High Winds,Single Carriageway,39.7,1.3,13.0,1,9,56
1936,51.233494,0.49269173,66,Slight,Fine No High Winds,Single Carriageway,35.15,1.32,18.0,1,10,55
712,52.951378,-1.8438047,66,Slight,Fine No High Winds,Single Carriageway,45.61,1.82,8.0,1,4,61
2905,55.677494,-4.064878,66,Slight,Fine No High Winds,Single Carriageway,34.7,1.24,13.0,0,5,61
645,52.422085,-1.7229236,66,Slight,Fine No High Winds,Dual Carriageway,63.94,1.47,16.0,1,10,55
3020,53.06106,-1.4759325,66,Slight,Fine No High Winds,Single Carriageway,38.64,1.23,16.0,1,13,52
1689,51.78904,-1.4343389,65,Slight,Fine No High Winds,Single Carriageway,64.46,1.51,17.0,2,14,49
2504,50.77724,-2.0157225,65,Slight,Fine No High Winds,Single Carriageway,31.38,1.15,8.0,0,12,53
2646,51.643284,-3.433437,65,Slight,Fine No High Winds,Single Carriageway,30.0,1.29,16.0,0,10,55
979,53.03893,-1.0846683,65,Slight,Fine No High Winds,Single Carriageway,30.46,1.22,11.0,0,9,56
2722,58.440018,-3.0912702,65,Slight,Fine No High Winds,Single Carriageway,30.31,1.28,18.0,0,9,56
1928,51.286346,0.2828979,65,Slight,Fine No High Winds,Single Carriageway,49.69,1.42,16.0,0,16,49
2724,60.155167,-1.1491343,65,Slight,Fine No High Winds,Single Carriageway,30.15,1.2,13.0,0,10,55
414,53.79701,-1.253381,65,Slight,Fine No High Winds,Single Carriageway,37.38,1.2,17.0,0,12,53
943,53.29568,-1.0307529,65,Slight,Fine No High Winds,Roundabout,61.85,1.63,12.0,2,6,57
888,53.44189,-1.913861,65,Slight,Fine No High Winds,Single Carriageway,49.23,1.46,11.0,1,14,50
2330,51.054783,-2.7316234,65,Slight,Fine No High Winds,Single Carriageway,39.69,1.22,8.0,0,11,54
1915,51.209805,0.79430753,65,Slight,Fine No High Winds,Single Carriageway,47.69,1.4,11.0,3,10,52
1536,51.698673,0.4666184,65,Slight,Fine No High Winds,Single Carriageway,38.46,1.2,16.0,0,16,49
2357,51.282978,-2.2748013,65,Slight,Fine No High Winds,Single Carriageway,39.54,1.52,9.0,0,16,49
2415,51.87039,-2.2977622,65,Slight,Fine No High Winds,Dual Carriageway,52.46,1.57,16.0,3,9,53
2702,52.240017,-3.37909,65,Slight,Fine No High Winds,Single Carriageway,30.46,1.11,11.0,1,10,54
2107,50.963123,-0.093229,65,Slight,Fine No High Winds,Single Carriageway,48.0,1.58,8.0,1,13,51
2260,50.450348,-3.7924507,65,Slight,Fine No High Winds,Dual Carriageway,68.15,1.34,16.0,2,9,54
843,52.49438,-1.3663118,65,Slight,Fine No High Winds,Single Carriageway,53.69,1.49,14.0,1,10,54
3067,52.036,-0.3318093,65,Slight,Fine No High Winds,Single Carriageway,35.23,1.22,8.0,0,7,58
2857,55.983467,-3.7143676,65,Slight,Fine No High Winds,Single Carriageway,30.31,1.17,18.0,0,11,54
2607,51.666996,-3.2479243,65,Slight,Fine No High Winds,Single Carriageway,32.77,1.68,17.0,0,12,53
841,52.477818,-1.4225881,65,Slight,Fine No High Winds,Single Carriageway,32.46,1.46,17.0,1,7,57
2813,55.850952,-3.5737092,65,Slight,Fine No High Winds,Single Carriageway,35.23,1.29,16.0,2,10,53
1989,51.134354,0.35240337,65,Slight,Fine No High Winds,Single Carriageway,57.85,1.52,18.0,1,9,55
339,54.885956,-1.7452464,64,Slight,Fine No High Winds,Single Carriageway,40.47,1.53,15.0,2,17,45
2201,50.739338,-3.960683,64,Slight,Fine No High Winds,Single Carriageway,56.72,1.72,17.0,1,5,58
1160,52.44131,-0.8197376,64,Slight,Fine No High Winds,Single Carriageway,32.66,1.36,17.0,2,15,47
2287,51.446266,-2.7326574,64,Slight,Fine No High Winds,Single Carriageway,48.12,1.52,15.0,0,8,56
334,54.74185,-1.4183,64,Slight,Fine No High Winds,Single Carriageway,40.16,1.39,15.0,2,15,47
2790,56.0622,-3.4138,64,Slight,Fine No High Winds,Single Carriageway,29.84,1.25,8.0,0,11,53
1480,51.813557,-0.2918743,64,Slight,Fine No High Winds,Single Carriageway,34.06,1.34,16.0,0,9,55
1330,52.587746,1.2745467,64,Slight,Fine No High Winds,Dual Carriageway,62.81,1.41,7.0,1,4,59
1929,51.390877,0.74901515,64,Slight,Fine No High Winds,Dual Carriageway,57.5,1.7,14.0,2,9,53
248,53.17104,-2.8213189,64,Slight,Fine No High Winds,Single Carriageway,40.16,1.69,10.0,0,16,48
2819,55.970165,-2.9547853,64,Slight,Fine No High Winds,Single Carriageway,31.09,1.3,18.0,0,12,52
1309,52.635166,1.5082831,64,Slight,Fine No High Winds,Dual Carriageway,54.84,2.16,16.0,0,12,52
2730,57.471523,-4.1918902,64,Slight,Fine No High Winds,Single Carriageway,34.22,1.19,16.0,0,10,54
923,52.827087,-1.4335679,64,Slight,Fine No High Winds,Single Carriageway,38.91,1.58,18.0,0,16,48
2400,51.93085,-1.7239331,64,Slight,Fine No High Winds,Single Carriageway,35.16,1.19,18.0,2,11,51
276,55.050247,-1.743618,64,Slight,Fine No High Winds,Single Carriageway,30.0,1.25,8.0,2,11,51
28,54.857487,-2.8796577,64,Slight,Fine No High Winds,Single Carriageway,59.22,1.44,13.0,4,7,53
885,53.160686,-1.5889952,64,Slight,Fine No High Winds,Single Carriageway,35.78,1.34,16.0,0,12,52
1672,51.48333,-1.0857882,64,Slight,Fine No High Winds,Single Carriageway,31.09,1.3,18.0,0,6,58
878,53.494682,-1.8680385,64,Slight,Fine No High Winds,Single Carriageway,57.19,1.66,14.0,2,19,43
1668,51.684673,-1.4120271,64,Slight,Fine No High Winds,Roundabout,55.78,1.36,8.0,0,9,55
501,53.805664,-1.3606726,64,Slight,Fine No High Winds,Dual Carriageway,59.22,1.53,18.0,0,12,52
1227,52.629147,-0.46955946,64,Slight,Fine No High Winds,Dual Carriageway,69.06,1.33,16.0,0,7,57
2900,55.803967,-3.9177027,63,Slight,Fine No High Winds,Single Carriageway,33.17,1.22,13.0,0,9,54
2482,50.753845,-2.2131178,63,Slight,Fine No High Winds,Single Carriageway,53.02,1.43,11.0,3,12,48
2896,55.90109,-4.105909,63,Slight,Fine No High Winds,Single Carriageway,35.87,1.22,18.0,3,6,54
25,54.20974,-3.2697456,63,Slight,Fine No High Winds,Single Carriageway,28.25,1.11,14.0,0,7,56
2343,51.38782,-2.69981,63,Slight,Fine No High Winds,Single Carriageway,41.59,1.32,16.0,2,2,59
2217,50.751034,-3.2800057,63,Slight,Fine No High Winds,Single Carriageway,32.7,1.11,15.0,0,5,58
2574,53.094517,-2.9996347,63,Slight,Fine No High Winds,Single Carriageway,36.67,1.35,9.0,0,10,53
1410,52.420902,1.7121656,63,Slight,Fine No High Winds,Single Carriageway,43.02,1.22,17.0,0,14,49
116,53.589863,-2.7700357,63,Slight,Fine No High Winds,Single Carriageway,30.63,1.67,17.0,0,21,42
85,54.087963,-2.806623,63,Slight,Fine No High Winds,Single Carriageway,34.13,1.37,8.0,3,10,50
3113,51.102577,-1.3407564,63,Slight,Fine No High Winds,Dual Carriageway,64.13,1.24,9.0,2,9,52
2046,50.8925,0.18026568,63,Slight,Fine No High Winds,Single Carriageway,52.86,1.83,15.0,2,17,44
957,53.177837,-1.0419418,63,Slight,Fine No High Winds,Single Carriageway,54.76,1.73,16.0,0,10,53
1404,52.19155,1.4678804,63,Slight,Fine No High Winds,Single Carriageway,51.27,1.63,16.0,0,5,58
2734,57.608795,-3.6183784,63,Slight,Fine No High Winds,Single Carriageway,33.81,1.14,15.0,1,20,42
737,52.305008,-2.105459,63,Slight,Fine No High Winds,Dual Carriageway,61.11,1.52,14.0,1,6,56
1939,51.297314,0.76987046,63,Slight,Fine No High Winds,Dual Carriageway,68.25,1.59,8.0,2,7,54
1746,51.32106,-0.8693696,62,Slight,Fine No High Winds,Single Carriageway,57.1,1.27,17.0,1,9,52
1851,51.2752,-0.27899852,62,Slight,Fine No High Winds,Single Carriageway,38.71,1.39,13.0,0,18,44
231,53.221615,-2.5031934,62,Slight,Fine No High Winds,Single Carriageway,54.84,1.55,19.0,0,17,45
2529,53.290142,-3.645711,62,Slight,Fine No High Winds,Dual Carriageway,50.32,1.84,18.0,0,7,55
336,54.822002,-1.5944374,62,Slight,Fine No High Winds,Dual Carriageway,54.84,1.5,17.0,3,13,46
2200,50.70775,-4.060413,62,Slight,Fine No High Winds,Single Carriageway,59.84,1.63,14.0,1,4,57
2164,50.37097,-4.7804008,62,Slight,Fine No High Winds,Single Carriageway,39.84,1.48,15.0,0,7,55
2408,51.759663,-2.3226752,62,Slight,Fine No High Winds,Dual Carriageway,59.84,1.45,14.0,1,11,50
2670,51.88304,-3.9928343,62,Slight,Fine No High Winds,Single Carriageway,34.68,1.24,16.0,2,8,52
2545,53.119213,-3.0325217,62,Slight,Fine No High Winds,Single Carriageway,41.29,1.52,11.0,0,8,54
1699,51.49405,-0.8486087,62,Slight,Fine No High Winds,Single Carriageway,47.58,1.45,9.0,2,9,51
288,55.18715,-1.715743,62,Slight,Fine No High Winds,Dual Carriageway,60.16,1.68,11.0,1,10,51
78,53.88115,-2.7792933,62,Slight,Fine No High Winds,Single Carriageway,51.29,1.45,7.0,3,13,46
3143,50.981007,-0.13214673,62,Slight,Fine No High Winds,Single Carriageway,52.58,1.58,11.0,1,20,41
1585,51.553608,0.79552925,62,Slight,Fine No High Winds,Single Carriageway,34.19,1.11,15.0,2,5,55
267,54.965546,-1.7869123,62,Slight,Fine No High Winds,Single Carriageway,33.06,1.21,13.0,1,13,48
3121,51.164673,0.0064375806,62,Slight,Fine No High Winds,Single Carriageway,33.87,1.47,8.0,1,7,54
478,53.6358,-1.6674584,62,Slight,Fine No High Winds,Single Carriageway,42.1,1.73,8.0,4,11,47
2135,50.165596,-5.127294,62,Slight,Fine No High Winds,Single Carriageway,42.42,1.21,15.0,0,7,55
79,54.10727,-2.7639685,62,Slight,Fine No High Winds,Dual Carriageway,63.06,1.6,15.0,1,7,54
732,52.113014,-1.9403925,62,Slight,Fine No High Winds,Single Carriageway,58.06,1.61,15.0,2,15,45
2923,55.64085,-4.680634,62,Slight,Fine No High Winds,Roundabout,49.35,1.47,15.0,1,5,56
2930,55.60116,-4.531968,61,Slight,Fine No High Winds,Dual Carriageway,55.08,1.2,14.0,1,11,49
2193,50.953255,-4.139448,61,Slight,Fine No High Winds,Single Carriageway,37.87,1.15,10.0,0,6,55
1562,51.862442,0.8277931,61,Slight,Fine No High Winds,Single Carriageway,43.77,1.54,17.0,0,13,48
2395,51.799168,-2.5985463,61,Slight,Fine No High Winds,Single Carriageway,37.21,1.46,8.0,2,12,47
1553,51.869892,1.0640031,61,Slight,Fine No High Winds,Single Carriageway,60.98,1.59,8.0,1,10,50
157,53.467297,-2.79577,61,Slight,Fine No High Winds,Dual Carriageway,57.38,1.56,7.0,2,14,45
2748,57.44556,-2.7872806,61,Slight,Fine No High Winds,Single Carriageway,36.39,1.34,13.0,1,11,49
1009,52.94892,-0.68030936,61,Slight,Fine No High Winds,Dual Carriageway,65.08,1.39,14.0,0,9,52
175,53.433224,-2.3848057,61,Slight,Fine No High Winds,Single Carriageway,39.02,1.75,16.0,1,11,49
2746,57.67567,-2.963817,61,Slight,Fine No High Winds,Single Carriageway,30.0,1.08,17.0,0,12,49
410,54.288982,-1.5905863,61,Slight,Fine No High Winds,Single Carriageway,31.48,1.1,16.0,1,8,52
2352,51.424213,-2.6957324,61,Slight,Fine No High Winds,Single Carriageway,42.79,1.59,8.0,0,10,51
1977,51.124317,0.74905765,61,Slight,Fine No High Winds,Single Carriageway,48.52,1.56,8.0,1,5,55
531,53.484352,-1.5339185,61,Slight,Fine No High Winds,Single Carriageway,50.16,1.59,8.0,0,8,53
2495,51.01736,-2.2312646,61,Slight,Fine No High Winds,Single Carriageway,59.67,1.59,8.0,1,15,45
2911,55.691547,-3.9939795,61,Slight,Fine No High Winds,Single Carriageway,37.54,1.26,18.0,1,9,51
828,52.564503,-1.5035927,61,Slight,Fine No High Winds,Single Carriageway,57.38,1.77,17.0,1,14,46
2809,55.86043,-3.1862662,61,Slight,Fine No High Winds,Single Carriageway,42.3,1.41,7.0,2,10,49
1710,51.47639,-0.88740456,61,Slight,Fine No High Winds,Single Carriageway,39.34,1.23,7.0,1,8,52
344,54.907867,-1.7198507,61,Slight,Fine No High Winds,Single Carriageway,34.92,1.38,7.0,2,8,51
755,51.916183,-2.6013403,61,Slight,Fine No High Winds,Dual Carriageway,63.11,1.2,17.0,2,6,53
2066,50.85469,-0.71360284,61,Slight,Fine No High Winds,Single Carriageway,50.98,1.31,16.0,0,12,49
1310,52.687893,0.20295759,61,Slight,Fine No High Winds,Single Carriageway,53.11,1.85,15.0,0,16,45
246,53.35874,-2.0355747,61,Slight,Fine No High Winds,Single Carriageway,31.15,1.36,15.0,0,15,46
247,53.35667,-2.6125238,61,Slight,Fine No High Winds,Single Carriageway,47.54,1.49,10.0,1,5,55
1355,52.48723,1.234219,61,Slight,Fine No High Winds,Single Carriageway,34.1,1.38,14.0,2,12,47
324,54.778233,-1.64368,61,Slight,Fine No High Winds,Single Carriageway,31.64,1.26,18.0,0,8,53
2657,51.804707,-3.924307,61,Slight,Fine No High Winds,Single Carriageway,30.16,1.31,17.0,2,10,49
287,55.084103,-1.4796276,61,Slight,Fine No High Winds,Single Carriageway,34.26,1.49,14.0,2,11,48
2521,53.255394,-4.3097115,61,Slight,Fine No High Winds,Single Carriageway,31.15,1.2,16.0,1,12,48
644,52.446022,-1.6874036,60,Slight,Fine No High Winds,Dual Carriageway,49.33,1.37,7.0,0,13,47
2625,51.63483,-3.6555855,60,Slight,Fine No High Winds,Single Carriageway,30.5,1.28,17.0,0,16,44
110,53.609867,-2.578688,60,Slight,Fine No High Winds,Single Carriageway,58.33,1.55,10.0,1,14,45
394,54.241447,-0.4405669,60,Slight,Fine No High Winds,Single Carriageway,37.33,1.35,8.0,1,8,51
1770,50.674778,-1.2825459,60,Slight,Fine No High Winds,Single Carriageway,46.0,1.42,9.0,0,10,50
1026,53.01221,-0.3912551,60,Slight,Fine No High Winds,Single Carriageway,60.5,1.37,16.0,1,13,46
517,53.54187,-1.2720302,60,Slight,Fine No High Winds,Single Carriageway,43.17,1.8,17.0,3,7,50
785,52.88506,-2.5421753,60,Slight,Fine No High Winds,Single Carriageway,55.67,1.58,7.0,3,9,48
2225,50.762894,-2.9693437,60,Slight,Fine No High Winds,Single Carriageway,47.33,1.93,11.0,3,4,53
2894,55.911617,-4.0848675,60,Slight,Fine No High Winds,Single Carriageway,35.33,1.13,18.0,0,7,53
21,54.346073,-2.7752655,60,Slight,Fine No High Winds,Single Carriageway,56.33,1.4,10.0,1,12,47
423,54.038013,-1.5633881,60,Slight,Fine No High Winds,Single Carriageway,56.17,1.48,17.0,1,9,50
518,53.431522,-1.080381,60,Slight,Fine No High Winds,Single Carriageway,52.33,1.52,14.0,4,8,48
1257,52.270977,0.44477478,60,Slight,Fine No High Winds,Dual Carriageway,67.83,1.37,12.0,2,11,47
1612,51.763412,-0.74192214,60,Slight,Fine No High Winds,Single Carriageway,32.17,1.08,15.0,1,5,54
2822,55.94262,-3.6729157,60,Slight,Fine No High Winds,Single Carriageway,57.67,1.72,13.0,0,9,51
474,53.674454,-1.9401038,60,Slight,Fine No High Winds,Single Carriageway,33.5,1.58,19.0,1,7,52
2669,51.687126,-4.2483974,60,Slight,Fine No High Winds,Single Carriageway,30.0,1.38,15.0,0,6,54
1373,52.079845,0.71920186,60,Slight,Fine No High Winds,Single Carriageway,30.33,1.38,11.0,0,9,51
766,52.705833,-2.6999185,60,Slight,Fine No High Winds,Dual Carriageway,65.67,1.83,8.0,0,5,55
2054,50.952477,0.50246495,60,Slight,Fine No High Winds,Single Carriageway,48.0,1.62,15.0,3,14,43
1300,52.712273,1.4097459,60,Slight,Fine No High Winds,Single Carriageway,32.83,1.28,11.0,2,6,52
1795,50.97182,-1.479982,60,Slight,Fine No High Winds,Single Carriageway,58.0,1.4,7.0,1,13,46
772,52.897453,-3.0393999,60,Slight,Fine No High Winds,Single Carriageway,45.0,1.4,17.0,2,11,47
563,53.585884,-0.8189266,60,Slight,Fine No High Winds,Single Carriageway,55.33,1.57,7.0,2,7,51
97,53.594902,-2.943762,60,Slight,Fine No High Winds,Single Carriageway,53.0,1.78,8.0,1,17,42
1349,52.63086,1.425026,60,Slight,Fine No High Winds,Dual Carriageway,60.67,1.27,17.0,1,4,55
143,53.915585,-2.145557,59,Slight,Fine No High Winds,Single Carriageway,32.37,1.31,15.0,0,15,44
1085,53.404217,-0.74180305,59,Slight,Fine No High Winds,Dual Carriageway,59.32,1.95,11.0,4,10,45
2757,56.46167,-3.0562937,59,Slight,Fine No High Winds,Single Carriageway,45.25,1.31,7.0,0,16,43
238,53.346436,-2.4040446,59,Slight,Fine No High Winds,Single Carriageway,48.81,1.78,16.0,2,10,47
2207,50.690266,-3.4441931,59,Slight,Fine No High Winds,Single Carriageway,51.36,1.44,17.0,1,12,46
814,52.192303,-1.4597903,59,Slight,Fine No High Winds,Dual Carriageway,64.58,1.49,18.0,1,7,51
2120,50.192593,-5.4627934,59,Slight,Fine No High Winds,Single Carriageway,37.8,1.44,8.0,2,5,52
2254,50.636665,-3.5643442,59,Slight,Fine No High Winds,Dual Carriageway,65.08,1.31,8.0,2,1,56
1808,50.882767,-1.6761016,59,Slight,Fine No High Winds,Dual Carriageway,69.32,1.47,7.0,1,8,50
2719,57.693256,-4.2477746,59,Slight,Fine No High Winds,Single Carriageway,38.64,1.53,13.0,1,9,49
275,54.967606,-1.9651598,59,Slight,Fine No High Winds,Dual Carriageway,65.59,1.27,11.0,0,0,59
358,54.18448,-1.4590206,59,Slight,Fine No High Winds,Dual Carriageway,64.92,1.69,8.0,1,11,47
1382,52.261078,0.6322571,59,Slight,Fine No High Winds,Dual Carriageway,59.83,1.63,8.0,1,8,50
138,53.72482,-2.287231,59,Slight,Fine No High Winds,Single Carriageway,30.68,1.46,16.0,1,8,50
216,53.290535,-2.5910122,59,Slight,Fine No High Winds,Single Carriageway,58.47,1.61,17.0,0,20,39
1141,52.688896,-1.5481915,59,Slight,Fine No High Winds,Single Carriageway,62.54,1.56,17.0,2,14,43
2641,51.46109,-3.446638,59,Slight,Fine No High Winds,Single Carriageway,39.49,1.2,7.0,1,8,50
2126,50.29668,-5.1225424,59,Slight,Fine No High Winds,Single Carriageway,57.8,1.71,16.0,2,7,50
1805,51.13212,-0.9955031,59,Slight,Fine No High Winds,Dual Carriageway,64.75,1.29,18.0,2,11,46
1816,51.159126,-1.2352003,59,Slight,Fine No High Winds,Dual Carriageway,67.97,1.49,14.0,1,16,42
2653,51.50518,-3.6327546,58,Slight,Fine No High Winds,Single Carriageway,50.86,1.72,16.0,2,11,45
671,52.59834,-2.2063372,58,Slight,Fine No High Winds,Single Carriageway,32.76,1.47,18.0,0,5,53
666,52.955048,-1.9873132,58,Slight,Fine No High Winds,Single Carriageway,31.03,1.43,15.0,0,8,50
842,52.554306,-1.5123818,58,Slight,Fine No High Winds,Single Carriageway,53.45,1.29,13.0,3,11,44
836,52.531258,-1.5716505,58,Slight,Fine No High Winds,Single Carriageway,54.66,1.45,7.0,1,19,38
1660,52.102497,-1.2991618,58,Slight,Fine No High Winds,Single Carriageway,52.59,1.5,14.0,3,12,43
1486,51.849617,-0.23498593,58,Slight,Fine No High Winds,Single Carriageway,39.31,1.29,9.0,0,11,47
863,52.95261,-1.428871,58,Slight,Fine No High Winds,Single Carriageway,48.79,1.62,16.0,1,6,51
2090,50.951473,0.09464043,58,Slight,Fine No High Winds,Single Carriageway,55.69,1.4,9.0,2,4,52
2644,51.40888,-3.4762702,58,Slight,Fine No High Winds,Single Carriageway,31.72,1.28,15.0,1,6,51
1880,51.343555,1.2798463,58,Slight,Fine No High Winds,Roundabout,62.41,1.4,16.0,0,14,44
1891,51.09781,0.68971574,58,Slight,Fine No High Winds,Single Carriageway,55.52,1.52,10.0,1,7,50
2826,56.05701,-2.72314,58,Slight,Fine No High Winds,Single Carriageway,32.07,1.24,14.0,0,16,42
2382,51.16022,-3.358498,58,Slight,Fine No High Winds,Single Carriageway,36.9,1.71,7.0,1,10,47
2837,55.925457,-3.416939,58,Slight,Fine No High Winds,Dual Carriageway,61.72,1.48,10.0,2,3,53
1332,52.473785,1.546871,58,Slight,Fine No High Winds,Single Carriageway,52.07,1.76,17.0,1,4,53
417,53.879383,-1.0436845,58,Slight,Fine No High Winds,Single Carriageway,45.17,1.38,17.0,1,9,48
946,53.077526,-0.7716427,58,Slight,Fine No High Winds,Single Carriageway,51.72,1.47,17.0,1,9,48
731,52.031113,-1.8318864,58,Slight,Fine No High Winds,Single Carriageway,59.48,1.4,17.0,1,21,36
2680,51.840282,-4.2408886,58,Slight,Fine No High Winds,Dual Carriageway,68.45,1.43,16.0,0,9,49
2479,50.823174,-1.8873065,58,Slight,Fine No High Winds,Single Carriageway,33.1,1.26,16.0,1,10,47
1327,52.362682,1.1498075,58,Slight,Fine No High Winds,Single Carriageway,56.38,1.79,8.0,0,9,49
1823,50.900448,-1.0615216,58,Slight,Fine No High Winds,Single Carriageway,31.21,1.14,15.0,0,6,52
2830,55.60178,-2.7473826,58,Slight,Fine No High Winds,Single Carriageway,57.24,1.64,12.0,0,8,50
2445,51.10403,-2.1641462,58,Slight,Fine No High Winds,Single Carriageway,60.0,1.9,14.0,1,11,46
44,54.430508,-2.9642825,58,Slight,Fine No High Winds,Single Carriageway,30.86,1.21,9.0,1,10,47
1899,51.311264,1.3498915,58,Slight,Fine No High Winds,Single Carriageway,51.21,1.29,16.0,1,8,49
1576,51.73495,0.012082225,58,Slight,Fine No High Winds,Single Carriageway,33.28,1.48,8.0,0,17,41
1344,52.53806,1.7228447,58,Slight,Fine No High Winds,Dual Carriageway,51.72,1.38,16.0,0,4,54
1964,51.29645,0.82019264,57,Slight,Fine No High Winds,Dual Carriageway,66.84,1.75,11.0,2,9,46
665,53.01469,-2.0170066,57,Slight,Fine No High Winds,Single Carriageway,59.65,1.28,10.0,1,3,53
2872,55.88446,-4.4564567,57,Slight,Fine No High Winds,Single Carriageway,49.65,1.44,7.0,0,8,49
583,53.75908,-0.19931054,57,Slight,Fine No High Winds,Single Carriageway,37.89,1.4,8.0,0,16,41
942,53.231205,-0.89381254,57,Slight,Fine No High Winds,Single Carriageway,44.39,1.18,11.0,1,4,52
653,53.066833,-2.3016667,57,Slight,Fine No High Winds,Dual Carriageway,61.58,1.47,8.0,1,1,55
2416,51.63979,-2.161132,57,Slight,Fine No High Winds,Single Carriageway,32.98,1.21,17.0,2,10,45
2334,51.636192,-2.4534206,57,Slight,Fine No High Winds,Single Carriageway,50.88,1.39,8.0,0,1,56
2792,56.078857,-3.3980043,57,Slight,Fine No High Winds,Dual Carriageway,46.49,1.35,16.0,0,6,51
2736,56.9644,-2.2117462,57,Slight,Fine No High Winds,Single Carriageway,32.28,1.16,11.0,2,14,41
473,53.613792,-1.4268407,57,Slight,Fine No High Winds,Single Carriageway,51.93,1.77,15.0,0,9,48
1645,51.705643,-1.3113154,57,Slight,Fine No High Winds,Single Carriageway,32.28,1.44,16.0,1,13,43
1279,52.35414,-0.13225283,57,Slight,Fine No High Winds,Single Carriageway,60.18,1.6,8.0,1,18,38
1472,51.750916,-0.5755246,57,Slight,Fine No High Winds,Dual Carriageway,56.67,1.49,8.0,1,6,50
2196,51.01758,-3.8343165,57,Slight,Fine No High Winds,Single Carriageway,32.81,1.4,11.0,2,6,49
1224,52.434605,0.3020538,57,Slight,Fine No High Winds,Single Carriageway,58.07,1.4,7.0,1,9,47
1269,52.060944,0.18820058,57,Slight,Fine No High Winds,Dual Carriageway,60.7,1.32,12.0,0,9,48
385,53.912838,-1.0524158,57,Slight,Fine No High Winds,Single Carriageway,56.32,1.61,12.0,0,8,49
1717,51.4481,-0.662394,57,Slight,Fine No High Winds,Single Carriageway,51.75,1.47,13.0,1,6,50
1782,50.867855,-1.7038425,57,Slight,Fine No High Winds,Dual Carriageway,68.95,1.28,15.0,2,15,40
3080,51.87137,0.9686783,57,Slight,Fine No High Winds,Single Carriageway,45.44,1.37,9.0,0,15,42
1463,51.786877,0.0071034385,57,Slight,Fine No High Winds,Single Carriageway,33.33,1.39,18.0,1,8,48
826,52.431705,-1.3348126,57,Slight,Fine No High Winds,Dual Carriageway,69.3,1.75,7.0,3,8,46
2998,53.725266,-0.88579434,57,Slight,Fine No High Winds,Single Carriageway,60.53,1.39,17.0,2,6,49
500,53.625175,-1.5828347,57,Slight,Fine No High Winds,Single Carriageway,47.72,1.4,8.0,3,10,44
229,53.082245,-2.5543642,57,Slight,Fine No High Winds,Single Carriageway,57.02,1.68,9.0,2,9,46
2834,55.896225,-3.3124099,57,Slight,Fine No High Winds,Single Carriageway,30.88,1.21,14.0,1,9,47
2536,53.114883,-3.3077261,57,Slight,Fine No High Winds,Single Carriageway,30.0,1.33,15.0,0,6,51
408,54.468056,-1.6653498,56,Slight,Fine No High Winds,Dual Carriageway,65.36,1.64,17.0,0,15,41
1730,51.391853,-1.0632452,56,Slight,Fine No High Winds,Single Carriageway,48.93,1.32,16.0,0,6,50
1937,51.11024,0.39983225,56,Slight,Fine No High Winds,Single Carriageway,59.29,1.66,16.0,1,8,47
1198,52.638042,-0.48799643,56,Slight,Fine No High Winds,Dual Carriageway,66.43,1.7,12.0,0,13,43
2205,50.686096,-3.4653633,56,Slight,Fine No High Winds,Single Carriageway,34.46,1.18,8.0,1,9,46
2202,50.72076,-3.8480828,56,Slight,Fine No High Winds,Dual Carriageway,62.14,1.57,11.0,0,2,54
1151,52.731815,-1.107762,56,Slight,Fine No High Winds,Single Carriageway,34.29,1.16,8.0,1,7,48
2694,51.994205,-4.977459,56,Slight,Fine No High Winds,Single Carriageway,33.75,1.23,16.0,0,14,42
180,53.611385,-2.3394706,56,Slight,Fine No High Winds,Single Carriageway,29.82,1.32,8.0,0,9,47
883,53.375057,-1.6945826,56,Slight,Fine No High Winds,Single Carriageway,51.43,1.59,17.0,4,14,38
1742,51.1377,-0.8539483,56,Slight,Fine No High Winds,Single Carriageway,45.36,1.48,17.0,0,13,43
2759,56.481358,-2.820376,56,Slight,Fine No High Winds,Single Carriageway,30.0,1.16,14.0,0,10,46
375,53.89133,-1.2262706,56,Slight,Fine No High Winds,Dual Carriageway,68.39,1.39,16.0,5,13,38
2109,50.97207,-0.03524961,56,Slight,Fine No High Winds,Single Carriageway,54.46,1.7,8.0,1,16,39
699,52.64068,-1.7434566,56,Slight,Fine No High Winds,Single Carriageway,42.5,1.77,8.0,0,5,51
3129,51.34246,0.34750843,56,Slight,Fine No High Winds,Single Carriageway,36.79,1.27,16.0,0,8,48
1271,52.216663,0.0384045,56,Slight,Fine No High Winds,Single Carriageway,59.82,1.18,8.0,0,10,46
1975,51.24026,0.6742299,56,Slight,Fine No High Winds,Dual Carriageway,55.36,1.34,8.0,4,8,44
559,53.654156,-0.60741425,56,Slight,Fine No High Winds,Single Carriageway,38.39,1.29,17.0,0,12,44
1380,52.32464,0.88010633,56,Slight,Fine No High Winds,Single Carriageway,40.36,1.32,8.0,1,8,47
589,53.842815,-0.4789743,56,Slight,Fine No High Winds,Single Carriageway,56.61,1.54,15.0,1,9,46
1319,52.695683,1.2441587,56,Slight,Fine No High Winds,Single Carriageway,33.57,1.41,18.0,0,10,46
2289,51.590755,-2.5295756,56,Slight,Fine No High Winds,Single Carriageway,35.36,1.29,17.0,0,11,45
2404,51.862907,-2.1194553,56,Slight,Fine No High Winds,Single Carriageway,37.86,1.36,17.0,3,6,47
2566,52.72152,-4.054236,56,Slight,Fine No High Winds,Single Carriageway,30.0,1.11,16.0,0,4,52
2850,56.133736,-3.9702492,56,Slight,Fine No High Winds,Single Carriageway,59.46,1.18,8.0,0,8,48
1455,51.85534,-0.09519567,56,Slight,Fine No High Winds,Single Carriageway,57.32,1.55,16.0,1,9,46
1117,52.590252,-0.72286606,56,Slight,Fine No High Winds,Single Carriageway,35.36,1.18,12.0,0,5,51
2209,50.67434,-3.5345237,56,Slight,Fine No High Winds,Dual Carriageway,60.18,1.45,12.0,1,8,47
1822,50.935276,-1.2011003,55,Slight,Fine No High Winds,Single Carriageway,33.27,1.2,17.0,1,12,42
554,53.610806,-0.24706024,55,Slight,Fine No High Winds,Dual Carriageway,60.55,1.49,14.0,2,10,43
2863,55.97089,-4.195515,55,Slight,Fine No High Winds,Single Carriageway,35.27,1.24,20.0,1,11,43
132,53.80585,-2.34956,55,Slight,Fine No High Winds,Single Carriageway,32.55,1.51,11.0,0,10,45
1260,52.59036,0.059137892,55,Slight,Fine No High Winds,Single Carriageway,56.0,1.55,6.0,0,7,48
950,53.119843,-1.06085,55,Slight,Fine No High Winds,Single Carriageway,55.45,1.38,12.0,0,9,46
767,52.690372,-2.8019357,55,Slight,Fine No High Winds,Dual Carriageway,62.91,1.25,16.0,1,3,51
2172,50.457756,-4.519405,55,Slight,Fine No High Winds,Single Carriageway,43.27,1.55,15.0,1,7,47
1831,51.2629,-0.43189502,55,Slight,Fine No High Winds,Single Carriageway,39.64,1.25,16.0,0,11,44
12,51.68833,-0.11742399,55,Slight,Fine No High Winds,Dual Carriageway,57.82,1.78,18.0,0,10,45
1590,51.79457,-0.69806165,55,Slight,Fine No High Winds,Single Carriageway,54.36,1.67,14.0,4,11,40
1930,51.288685,1.0022366,55,Slight,Fine No High Winds,Dual Carriageway,68.18,1.56,16.0,4,4,47
617,54.531975,-1.098395,55,Slight,Fine No High Winds,Single Carriageway,63.82,1.76,14.0,1,9,45
2322,51.374397,-2.5507948,55,Slight,Fine No High Winds,Single Carriageway,40.91,1.55,14.0,1,6,48
2216,50.707367,-3.0714872,55,Slight,Fine No High Winds,Single Carriageway,33.64,1.25,10.0,1,5,49
491,53.853893,-1.4628761,55,Slight,Fine No High Winds,Single Carriageway,48.0,1.91,16.0,3,16,36
627,54.553017,-1.3643682,55,Slight,Fine No High Winds,Single Carriageway,54.55,1.44,8.0,2,8,45
1871,51.14457,-0.70489717,55,Slight,Fine No High Winds,Dual Carriageway,63.27,1.58,7.0,0,11,44
591,53.790077,-0.45027196,55,Slight,Fine No High Winds,Single Carriageway,42.91,1.45,8.0,0,8,47
855,52.895164,-1.341923,55,Slight,Fine No High Winds,Single Carriageway,31.82,1.16,12.0,1,10,44
67,53.84885,-2.922287,55,Slight,Fine No High Winds,Single Carriageway,48.55,1.38,17.0,1,8,46
487,53.88426,-1.6161263,55,Slight,Fine No High Winds,Single Carriageway,36.18,1.51,17.0,0,9,46
2594,51.612114,-2.9571884,55,Slight,Fine No High Winds,Single Carriageway,29.27,1.18,15.0,1,4,50
115,53.591316,-2.8170147,55,Slight,Fine No High Winds,Single Carriageway,43.82,1.6,15.0,1,10,44
481,53.616817,-1.5417582,55,Slight,Fine No High Winds,Single Carriageway,51.27,1.6,8.0,1,6,48
1299,52.523033,1.5041281,55,Slight,Fine No High Winds,Single Carriageway,56.91,1.33,17.0,1,8,46
2043,50.909584,0.5762679,55,Slight,Fine No High Winds,Single Carriageway,33.45,1.4,17.0,2,11,42
47,54.226482,-2.7736118,55,Slight,Fine No High Winds,Single Carriageway,32.18,1.42,11.0,1,8,46
529,53.456127,-1.209498,55,Slight,Fine No High Winds,Dual Carriageway,66.55,1.89,10.0,4,1,50
201,53.068855,-2.3790863,55,Slight,Fine No High Winds,Single Carriageway,59.45,1.4,12.0,2,15,38
2081,50.81078,0.34750548,55,Slight,Fine No High Winds,Single Carriageway,36.55,1.4,11.0,1,11,43
2798,55.902416,-3.3935637,55,Slight,Fine No High Winds,Single Carriageway,46.55,1.67,8.0,1,13,41
1901,51.352192,0.6666561,54,Slight,Fine No High Winds,Single Carriageway,33.15,1.33,17.0,1,4,49
948,53.317368,-1.0279083,54,Slight,Fine No High Winds,Single Carriageway,58.33,1.94,17.0,0,14,40
1615,51.79107,-1.0868517,54,Slight,Fine No High Winds,Dual Carriageway,70.0,1.54,19.0,2,8,44
2451,51.35061,-2.0356793,54,Slight,Fine No High Winds,Dual Carriageway,62.22,1.7,16.0,1,11,42
852,52.420662,-1.2243043,54,Slight,Fine No High Winds,Single Carriageway,58.89,1.52,12.0,3,13,38
1857,51.349094,-0.568608,54,Slight,Fine No High Winds,Single Carriageway,50.19,1.44,14.0,1,6,47
797,52.04806,-2.136111,54,Slight,Fine No High Winds,Dual Carriageway,67.78,1.56,14.0,1,7,46
1706,51.415497,-1.5162956,54,Slight,Fine No High Winds,Single Carriageway,33.15,1.22,13.0,0,6,48
1690,51.70274,-0.9113484,54,Slight,Fine No High Winds,Single Carriageway,30.56,1.24,8.0,0,5,49
285,54.952347,-1.3676875,54,Slight,Fine No High Winds,Single Carriageway,30.19,1.33,16.0,1,9,44
830,52.333298,-1.4128762,54,Slight,Fine No High Winds,Single Carriageway,49.81,1.33,15.0,1,11,42
2296,51.236176,-2.577907,54,Slight,Fine No High Winds,Single Carriageway,59.81,1.74,17.0,0,12,42
1212,52.636387,-0.18084198,54,Slight,Fine No High Winds,Single Carriageway,59.63,1.67,17.0,1,4,49
1882,51.271957,1.2141625,54,Slight,Fine No High Winds,Single Carriageway,38.33,1.43,8.0,0,9,45
1841,51.30613,-0.27977228,54,Slight,Fine No High Winds,Single Carriageway,35.0,1.15,10.0,0,10,44
2939,55.24013,-4.852234,54,Slight,Fine No High Winds,Single Carriageway,30.0,1.13,13.0,0,9,45
931,53.050465,-1.294699,54,Slight,Fine No High Winds,Single Carriageway,34.07,1.48,17.0,0,8,46
2299,51.000584,-3.0211353,54,Slight,Fine No High Winds,Dual Carriageway,60.74,1.46,18.0,0,8,46
2075,50.934147,0.24272873,54,Slight,Fine No High Winds,Single Carriageway,35.56,1.3,17.0,0,16,38
2246,50.535923,-3.7125545,54,Slight,Fine No High Winds,Dual Carriageway,63.52,1.72,17.0,2,10,42
227,53.145798,-2.6611176,54,Slight,Fine No High Winds,Single Carriageway,55.37,1.59,9.0,2,12,40
2720,58.210308,-6.38421,54,Slight,Fine No High Winds,Single Carriageway,30.0,1.22,14.0,0,7,47
1971,51.33433,1.3574191,54,Slight,Fine No High Winds,Dual Carriageway,56.48,1.48,6.0,1,8,45
2255,50.622406,-3.5832493,54,Slight,Fine No High Winds,Dual Carriageway,65.56,1.69,9.0,3,4,47
153,53.56888,-3.0481312,54,Slight,Fine No High Winds,Roundabout,51.48,1.33,18.0,0,7,47
1540,51.67912,0.76868844,54,Slight,Fine No High Winds,Single Carriageway,42.59,1.37,16.0,0,11,43
188,53.21294,-2.6903548,54,Slight,Fine No High Winds,Single Carriageway,59.81,1.56,11.0,2,9,43
2606,51.59007,-2.7565854,54,Slight,Fine No High Winds,Single Carriageway,30.74,1.28,8.0,0,12,42
223,53.344368,-2.6319396,54,Slight,Fine No High Winds,Single Carriageway,50.56,1.67,8.0,4,8,42
2143,50.42224,-4.8288946,54,Slight,Fine No High Winds,Single Carriageway,55.37,1.65,17.0,1,12,41
1163,52.461155,-0.7369055,54,Slight,Fine No High Winds,Single Carriageway,54.26,1.35,17.0,0,6,48
1443,52.02251,-0.2589007,54,Slight,Fine No High Winds,Single Carriageway,42.59,1.22,8.0,1,12,41
2884,56.443367,-5.442252,54,Slight,Fine No High Winds,Single Carriageway,59.07,1.48,16.0,2,16,36
2182,50.424297,-4.2828226,54,Slight,Fine No High Winds,Single Carriageway,46.48,1.67,17.0,2,5,47
1492,51.711105,-0.08859687,54,Slight,Fine No High Winds,Single Carriageway,31.3,1.46,14.0,2,6,46
154,53.52552,-3.0322406,53,Slight,Fine No High Winds,Dual Carriageway,53.96,2.13,15.0,2,15,36
1705,51.406734,-0.6362079,53,Slight,Fine No High Winds,Single Carriageway,47.55,1.43,17.0,0,6,47
2446,51.035248,-1.7699572,53,Slight,Fine No High Winds,Dual Carriageway,60.57,1.62,15.0,4,10,39
2252,50.5496,-3.546222,53,Slight,Fine No High Winds,Single Carriageway,38.87,1.32,8.0,0,14,39
2848,56.15246,-3.7427206,53,Slight,Fine No High Winds,Single Carriageway,30.94,1.21,9.0,0,9,44
2413,51.83645,-1.8361608,53,Slight,Fine No High Winds,Single Carriageway,54.91,1.47,8.0,1,6,46
793,52.65858,-2.2996004,53,Slight,Fine No High Winds,Single Carriageway,61.89,1.4,16.0,0,4,49
2652,51.40576,-3.214933,53,Slight,Fine No High Winds,Single Carriageway,30.57,1.51,8.0,1,3,49
3228,55.861675,-3.215402,53,Slight,Fine No High Winds,Single Carriageway,59.25,1.81,7.0,0,7,46
3047,52.75067,-1.1488452,53,Slight,Fine No High Winds,Single Carriageway,35.28,1.09,8.0,0,9,44
2267,50.351383,-3.581537,53,Slight,Fine No High Winds,Single Carriageway,31.13,1.11,13.0,2,7,44
1516,51.977863,0.5918638,53,Slight,Fine No High Winds,Single Carriageway,30.19,1.34,8.0,1,14,38
1673,51.4544,-1.478769,53,Slight,Fine No High Winds,Single Carriageway,61.89,1.68,8.0,0,9,44
1707,51.530785,-0.7846656,53,Slight,Fine No High Winds,Dual Carriageway,62.45,1.38,7.0,1,10,42
824,52.49585,-1.3955797,53,Slight,Fine No High Winds,Single Carriageway,61.13,1.55,7.0,0,5,48
898,53.12207,-1.4051875,53,Slight,Fine No High Winds,Single Carriageway,32.08,1.6,15.0,2,9,42
674,52.694565,-2.1653304,53,Slight,Fine No High Winds,Single Carriageway,52.45,1.64,17.0,2,3,48
1,51.52925,0.25039157,53,Slight,Fine No High Winds,Single Carriageway,39.25,1.68,7.0,1,7,45
1270,52.14254,0.085524395,53,Slight,Fine No High Winds,Single Carriageway,32.64,1.42,8.0,0,4,49
94,53.64728,-2.728919,53,Slight,Fine No High Winds,Single Carriageway,33.02,1.26,9.0,0,10,43
2104,50.92993,-0.27381867,53,Slight,Fine No High Winds,Single Carriageway,32.64,1.17,17.0,0,9,44
2211,50.668983,-3.3732424,53,Slight,Fine No High Winds,Single Carriageway,57.92,1.49,8.0,0,5,48
2379,51.312782,-2.3065577,53,Slight,Fine No High Winds,Single Carriageway,59.43,1.89,17.0,0,10,43
798,52.323822,-2.0911639,53,Slight,Fine No High Winds,Dual Carriageway,68.87,1.6,17.0,0,2,51
125,53.862755,-2.3731124,53,Slight,Fine No High Winds,Single Carriageway,57.55,1.68,16.0,2,10,41
527,53.515366,-1.2507199,53,Slight,Fine No High Winds,Single Carriageway,50.57,1.36,10.0,1,9,43
2074,50.91961,-0.1932245,53,Slight,Fine No High Winds,Dual Carriageway,65.85,1.55,16.0,1,9,43
1563,51.77934,0.91919094,53,Slight,Fine No High Winds,Single Carriageway,30.38,1.08,12.0,1,13,39
2036,51.107224,-0.04823732,53,Slight,Fine No High Winds,Single Carriageway,57.92,1.28,7.0,1,9,43
523,53.5291,-1.1899648,53,Slight,Fine No High Winds,Single Carriageway,64.53,1.7,7.0,2,9,42
685,52.518288,-2.17473,53,Slight,Fine No High Winds,Single Carriageway,56.98,1.77,18.0,1,3,49
2563,52.888508,-4.4183297,53,Slight,Fine No High Winds,Single Carriageway,31.32,1.15,14.0,1,9,43
10,51.58983,-0.4811805,53,Slight,Fine No High Winds,Single Carriageway,30.94,1.38,14.0,1,10,42
1398,52.104874,1.332092,53,Slight,Fine No High Winds,Single Carriageway,30.57,1.43,17.0,0,4,49
3265,53.786022,-1.888759,53,Slight,Fine No High Winds,Single Carriageway,37.36,1.72,8.0,1,5,47
455,53.883858,-1.653463,53,Slight,Fine No High Winds,Single Carriageway,46.23,1.47,11.0,1,7,45
2290,51.296494,-2.5322227,52,Slight,Fine No High Winds,Single Carriageway,40.38,1.52,14.0,2,6,44
1534,51.65647,0.68225485,52,Slight,Fine No High Winds,Single Carriageway,59.81,1.31,9.0,2,11,39
48,54.662132,-3.5245776,52,Slight,Fine No High Winds,Single Carriageway,32.5,1.19,14.0,0,10,42
2105,51.092308,-0.2622959,52,Slight,Fine No High Winds,Roundabout,65.77,1.29,18.0,0,13,39
1170,52.066093,-0.8681546,52,Slight,Fine No High Winds,Single Carriageway,51.35,1.37,15.0,1,6,45
2001,51.226875,0.6950605,52,Slight,Fine No High Winds,Dual Carriageway,64.81,1.52,13.0,1,7,44
3227,56.20669,-3.1837404,52,Slight,Fine No High Winds,Single Carriageway,37.5,1.13,13.0,0,9,43
1667,51.67371,-1.1913773,52,Slight,Fine No High Winds,Single Carriageway,60.19,1.4,7.0,2,11,39
2638,51.754448,-3.445711,52,Slight,Fine No High Winds,Single Carriageway,59.04,2.02,7.0,0,8,44
1999,51.311604,0.18971065,52,Slight,Fine No High Winds,Single Carriageway,33.08,1.38,11.0,2,5,45
865,53.0626,-1.4411806,52,Slight,Fine No High Winds,Single Carriageway,44.23,1.62,15.0,1,11,40
2189,50.622375,-4.6799445,52,Slight,Fine No High Winds,Single Carriageway,38.27,1.35,14.0,0,5,47
1077,53.166832,-0.5394842,52,Slight,Fine No High Winds,Single Carriageway,32.12,1.42,17.0,1,3,48
2527,53.13801,-3.7969472,52,Slight,Fine No High Winds,Single Carriageway,32.88,1.17,15.0,2,9,41
2626,51.448956,-3.2638335,52,Slight,Fine No High Winds,Single Carriageway,41.54,1.44,16.0,0,1,51
3192,50.932602,-2.860676,52,Slight,Fine No High Winds,Single Carriageway,60.0,1.85,7.0,6,9,37
2658,51.68958,-3.343418,52,Slight,Fine No High Winds,Single Carriageway,39.62,1.54,16.0,3,6,43
1064,53.277744,-0.27199176,52,Slight,Fine No High Winds,Single Carriageway,58.08,1.75,18.0,1,10,41
2096,50.888405,-0.7471414,52,Slight,Fine No High Winds,Single Carriageway,57.88,1.5,11.0,1,18,33
3198,51.14489,-1.9842122,52,Slight,Fine No High Winds,Dual Carriageway,63.27,1.4,14.0,1,14,37
2874,55.901485,-4.483093,52,Slight,Fine No High Winds,Dual Carriageway,62.12,1.27,15.0,0,6,46
656,53.016376,-2.2753477,52,Slight,Fine No High Winds,Single Carriageway,30.58,1.27,7.0,0,2,50
1605,51.80082,-0.8527429,52,Slight,Fine No High Winds,Single Carriageway,43.27,1.52,8.0,0,5,47
1255,52.291946,-0.2562368,52,Slight,Fine No High Winds,Dual Carriageway,52.31,1.33,8.0,0,3,49
2664,51.99554,-3.7990718,52,Slight,Fine No High Winds,Single Carriageway,37.5,1.17,12.0,0,8,44
374,53.693577,-1.1549878,52,Slight,Fine No High Winds,Single Carriageway,49.23,1.27,12.0,1,12,39
2438,51.172035,-1.8583933,52,Slight,Fine No High Winds,Single Carriageway,60.0,1.58,17.0,1,4,47
2439,51.168034,-1.8944504,52,Slight,Fine No High Winds,Single Carriageway,50.77,1.58,12.0,3,4,45
2108,50.941826,-0.6368226,52,Slight,Fine No High Winds,Single Carriageway,39.04,2.02,12.0,3,22,27
1339,52.908737,0.5010752,52,Slight,Fine No High Winds,Single Carriageway,41.92,1.42,15.0,1,10,41
2885,55.42612,-5.607463,52,Slight,Fine No High Winds,Single Carriageway,29.62,1.21,17.0,0,9,43
2769,56.384274,-3.4047678,52,Slight,Fine No High Winds,Dual Carriageway,63.85,1.35,16.0,0,13,39
550,53.614025,-0.28599033,51,Slight,Fine No High Winds,Single Carriageway,61.37,1.75,11.0,1,13,37
1801,50.966717,-0.9768965,51,Slight,Fine No High Winds,Dual Carriageway,67.84,1.37,7.0,3,5,43
2436,51.140366,-1.7765589,51,Slight,Fine No High Winds,Single Carriageway,59.8,1.82,8.0,1,9,41
530,53.519245,-1.5858094,51,Slight,Fine No High Winds,Single Carriageway,53.14,1.43,10.0,1,7,43
1107,52.782017,-1.046811,51,Slight,Fine No High Winds,Dual Carriageway,65.49,1.73,7.0,3,11,37
1415,52.331825,1.6063217,51,Slight,Fine No High Winds,Single Carriageway,48.24,1.47,17.0,3,5,43
930,53.1885,-1.1697364,51,Slight,Fine No High Winds,Single Carriageway,46.86,1.41,15.0,0,15,36
2365,51.328316,-2.8666441,51,Slight,Fine No High Winds,Single Carriageway,33.14,1.31,15.0,0,2,49
1978,51.025375,0.9950679,51,Slight,Fine No High Winds,Single Carriageway,32.94,1.49,14.0,0,5,46
2279,50.926888,-2.9121494,51,Slight,Fine No High Winds,Single Carriageway,29.61,1.2,11.0,0,8,43
1976,51.06784,0.85057545,51,Slight,Fine No High Winds,Single Carriageway,48.82,1.59,8.0,1,6,44
114,53.64979,-2.816156,51,Slight,Fine No High Winds,Single Carriageway,51.96,1.57,12.0,0,16,35
142,53.745045,-2.2216015,51,Slight,Fine No High Winds,Single Carriageway,58.24,1.9,16.0,2,11,38
486,53.72145,-1.9428599,51,Slight,Fine No High Winds,Single Carriageway,31.18,1.29,9.0,1,15,35
249,53.23176,-2.170947,51,Slight,Fine No High Winds,Single Carriageway,46.67,1.49,13.0,1,15,35
763,52.188198,-2.5099945,51,Slight,Fine No High Winds,Single Carriageway,33.14,1.25,9.0,0,8,43
1115,52.61326,-1.2562168,51,Slight,Fine No High Winds,Single Carriageway,52.55,1.49,17.0,1,3,47
2078,50.820652,-0.61165637,51,Slight,Fine No High Winds,Single Carriageway,31.18,1.24,8.0,0,8,43
2674,51.784744,-4.041111,51,Slight,Fine No High Winds,Single Carriageway,33.33,1.22,16.0,1,9,41
1375,52.05897,0.7134595,51,Slight,Fine No High Winds,Single Carriageway,42.35,1.41,17.0,1,5,45
1430,52.027924,-0.2864795,51,Slight,Fine No High Winds,Single Carriageway,40.98,1.22,8.0,1,9,41
647,52.378235,-1.7866088,51,Slight,Fine No High Winds,Dual Carriageway,56.67,1.37,8.0,0,3,48
128,53.713673,-2.532285,51,Slight,Fine No High Winds,Dual Carriageway,68.24,2.16,8.0,1,7,43
174,53.51281,-2.6880653,51,Slight,Fine No High Winds,Single Carriageway,56.86,1.61,9.0,3,6,42
884,53.24354,-1.9406562,51,Slight,Fine No High Winds,Single Carriageway,41.57,1.39,17.0,1,9,41
2476,51.500492,-1.589051,51,Slight,Fine No High Winds,Dual Carriageway,67.65,1.49,15.0,1,4,46
983,52.98701,-1.0370044,51,Slight,Fine No High Winds,Single Carriageway,31.57,1.31,17.0,1,6,44
2140,50.432846,-4.967295,51,Slight,Fine No High Winds,Single Carriageway,56.08,1.84,18.0,1,4,46
2846,56.152798,-3.8036864,51,Slight,Fine No High Winds,Single Carriageway,30.59,1.12,15.0,0,5,46
2791,56.0851,-3.380105,51,Slight,Fine No High Winds,Single Carriageway,45.1,1.25,18.0,0,7,44
1442,51.866215,-0.45636773,51,Slight,Fine No High Winds,Single Carriageway,36.27,1.2,15.0,0,11,40
43,54.84494,-3.0569174,50,Slight,Fine No High Winds,Single Carriageway,57.0,1.6,9.0,1,5,44
1384,52.247726,0.8084519,50,Slight,Fine No High Winds,Single Carriageway,49.4,1.48,12.0,0,6,44
1399,52.002365,1.0561521,50,Slight,Fine No High Winds,Dual Carriageway,58.2,1.48,18.0,1,4,45
1261,52.546757,-0.3344078,50,Slight,Fine No High Winds,Dual Carriageway,61.2,1.48,16.0,0,4,46
569,53.566113,-0.5531801,50,Slight,Fine No High Winds,Single Carriageway,30.6,1.42,16.0,0,9,41
217,53.200428,-2.630867,50,Slight,Fine No High Winds,Single Carriageway,59.6,1.46,16.0,2,11,37
1716,51.39899,-0.90672183,50,Slight,Fine No High Winds,Single Carriageway,36.6,1.36,7.0,1,9,40
1749,51.199963,-1.4475209,50,Slight,Fine No High Winds,Dual Carriageway,68.0,1.24,17.0,1,12,37
784,52.906784,-2.894496,50,Slight,Fine No High Winds,Single Carriageway,32.2,1.22,12.0,1,4,45
2485,50.87728,-1.9774408,50,Slight,Fine No High Winds,Single Carriageway,58.0,1.98,17.0,3,10,37
2490,50.74294,-2.1239214,50,Slight,Fine No High Winds,Single Carriageway,56.4,1.58,15.0,1,14,35
769,52.881527,-3.039679,50,Slight,Fine No High Winds,Single Carriageway,57.0,1.46,15.0,0,11,39
1245,52.066055,0.05157392,50,Slight,Fine No High Winds,Single Carriageway,58.0,1.94,7.0,5,13,32
915,52.88574,-1.5448266,50,Slight,Fine No High Winds,Dual Carriageway,55.8,1.5,18.0,2,5,43
2928,55.602047,-4.3842564,50,Slight,Fine No High Winds,Single Carriageway,40.2,1.28,15.0,0,7,43
322,54.7141,-1.5023347,50,Slight,Fine No High Winds,Single Carriageway,38.2,1.62,17.0,0,11,39
3160,50.147236,-5.4775023,50,Slight,Fine No High Winds,Single Carriageway,47.4,1.4,17.0,1,5,44
938,53.38808,-1.0630797,50,Slight,Fine No High Winds,Dual Carriageway,55.0,1.44,12.0,1,5,44
1541,51.71162,0.6170387,50,Slight,Fine No High Winds,Single Carriageway,56.6,1.58,14.0,1,13,36
341,54.85377,-1.6726353,50,Slight,Fine No High Winds,Single Carriageway,32.4,1.26,14.0,0,8,42
1912,51.23438,1.1405085,50,Slight,Fine No High Winds,Dual Carriageway,63.6,1.34,8.0,1,9,40
88,53.851974,-2.7452123,50,Slight,Fine No High Winds,Single Carriageway,44.6,1.74,16.0,0,13,37
2735,57.542812,-2.9547315,50,Slight,Fine No High Winds,Single Carriageway,30.0,1.14,16.0,2,10,38
2316,51.27571,-2.777078,50,Slight,Fine No High Winds,Single Carriageway,28.8,1.2,15.0,0,11,39
1156,52.52987,-1.1801738,50,Slight,Fine No High Winds,Single Carriageway,64.2,1.54,15.0,2,6,42
861,52.96431,-1.4145825,50,Slight,Fine No High Winds,Single Carriageway,49.8,1.54,17.0,0,5,45
1285,52.22367,-0.13980554,50,Slight,Fine No High Winds,Single Carriageway,59.8,1.78,8.0,1,11,38
327,54.766014,-1.522819,50,Slight,Fine No High Winds,Single Carriageway,52.6,2.1,11.0,1,5,44
1484,52.044918,-0.0581241,50,Slight,Fine No High Winds,Dual Carriageway,67.6,1.54,8.0,0,12,38
133,53.83194,-2.2628477,50,Slight,Fine No High Winds,Single Carriageway,51.2,1.78,12.0,1,9,40
913,52.76728,-1.634296,50,Slight,Fine No High Winds,Single Carriageway,59.8,1.38,14.0,2,7,41
1567,51.529194,0.27740952,50,Slight,Fine No High Winds,Dual Carriageway,66.2,1.46,18.0,2,9,39
2570,53.06089,-2.933999,50,Slight,Fine No High Winds,Single Carriageway,58.6,1.5,8.0,0,8,42
1572,51.72371,0.20449327,50,Slight,Fine No High Winds,Single Carriageway,57.8,1.34,9.0,1,15,34
2390,51.79481,-2.6161294,49,Slight,Fine No High Winds,Single Carriageway,30.41,1.2,15.0,0,7,42
1738,50.96294,-1.5665331,49,Slight,Fine No High Winds,Single Carriageway,41.63,1.41,9.0,1,7,41
1508,51.851654,0.5246121,49,Slight,Fine No High Winds,Roundabout,52.86,1.16,16.0,1,12,36
1244,52.66014,-0.30721712,49,Slight,Fine No High Winds,Single Carriageway,51.02,1.47,8.0,0,7,42
673,52.7348,-2.026608,49,Slight,Fine No High Winds,Single Carriageway,55.71,1.8,17.0,0,6,43
2406,51.92817,-2.1378233,49,Slight,Fine No High Winds,Dual Carriageway,61.43,1.78,15.0,3,13,33
566,53.525078,-0.8238083,49,Slight,Fine No High Winds,Single Carriageway,30.82,1.45,16.0,1,12,36
682,52.693134,-2.1298048,49,Slight,Fine No High Winds,Single Carriageway,56.33,1.37,17.0,0,2,47
2562,52.92702,-4.1313787,49,Slight,Fine No High Winds,Single Carriageway,32.04,1.22,13.0,0,13,36
3334,50.9844,0.47570473,49,Slight,Fine No High Winds,Single Carriageway,48.78,1.45,16.0,4,15,30
3071,51.72225,-0.53474605,49,Slight,Fine No High Winds,Single Carriageway,32.04,1.29,8.0,0,6,43
2069,51.084343,-0.13316903,49,Slight,Fine No High Winds,Single Carriageway,58.16,1.41,8.0,1,10,38
2307,51.40337,-2.3098407,49,Slight,Fine No High Winds,Single Carriageway,36.53,1.2,15.0,0,3,46
925,52.870056,-1.3959395,49,Slight,Fine No High Winds,Dual Carriageway,66.33,1.18,8.0,0,6,43
504,53.662292,-1.7228287,49,Slight,Fine No High Winds,Single Carriageway,34.08,1.61,12.0,0,8,41
1195,52.28096,-0.64499074,49,Slight,Fine No High Winds,Single Carriageway,30.82,1.33,16.0,1,8,40
2099,50.85934,-0.730474,49,Slight,Fine No High Winds,Single Carriageway,60.82,1.63,17.0,0,11,38
756,51.85207,-2.6608176,49,Slight,Fine No High Winds,Dual Carriageway,63.06,1.63,10.0,2,6,41
2469,51.5827,-2.097016,49,Slight,Fine No High Winds,Single Carriageway,32.86,1.14,17.0,0,11,38
3010,52.241783,-2.1344342,49,Slight,Fine No High Winds,Dual Carriageway,66.53,1.51,13.0,3,6,40
2944,55.085434,-3.5935972,49,Slight,Fine No High Winds,Single Carriageway,48.37,1.31,17.0,0,7,42
2228,50.89207,-3.371451,49,Slight,Fine No High Winds,Single Carriageway,41.22,1.27,18.0,0,6,43
1973,51.3083,0.5425323,49,Slight,Fine No High Winds,Single Carriageway,52.04,1.39,19.0,2,7,40
2577,52.93705,-3.057297,49,Slight,Fine No High Winds,Single Carriageway,34.49,1.41,11.0,0,6,43
2044,50.904186,-0.10947596,49,Slight,Fine No High Winds,Single Carriageway,53.47,1.39,17.0,0,10,39
626,54.51283,-1.290179,49,Slight,Fine No High Winds,Single Carriageway,54.69,1.59,17.0,3,7,39
2742,57.22488,-2.1571178,49,Slight,Fine No High Winds,Single Carriageway,58.78,1.49,16.0,0,13,36
955,53.39217,-1.1158903,49,Slight,Fine No High Winds,Single Carriageway,43.06,1.59,15.0,2,10,37
401,54.15055,-0.7747424,49,Slight,Fine No High Winds,Single Carriageway,57.14,1.55,11.0,1,11,37
3305,51.945866,-0.022331756,49,Slight,Fine No High Winds,Single Carriageway,39.39,1.27,8.0,1,8,40
658,52.94569,-2.342907,49,Slight,Fine No High Winds,Single Carriageway,58.37,1.27,8.0,1,5,43
1720,51.46194,-1.503237,49,Slight,Fine No High Winds,Dual Carriageway,67.76,1.49,14.0,2,6,41
2249,50.59287,-3.675889,49,Slight,Fine No High Winds,Single Carriageway,39.18,1.22,13.0,0,10,39
2312,50.97256,-3.1952355,49,Slight,Fine No High Winds,Dual Carriageway,66.53,1.69,12.0,0,11,38
312,54.685074,-1.4356431,49,Slight,Fine No High Winds,Single Carriageway,42.65,1.2,12.0,1,9,39
1997,51.175808,1.2144299,49,Slight,Fine No High Winds,Dual Carriageway,66.12,1.67,15.0,1,6,42
3031,53.271446,-0.9575248,49,Slight,Fine No High Winds,Dual Carriageway,55.31,1.63,7.0,0,5,44
998,52.76565,-0.12627682,49,Slight,Fine No High Winds,Single Carriageway,59.59,1.73,6.0,0,11,38
222,53.27712,-2.5986753,49,Slight,Fine No High Winds,Single Carriageway,55.71,1.82,18.0,0,15,34
477,53.76781,-1.4180754,49,Slight,Fine No High Winds,Single Carriageway,31.22,1.24,15.0,0,13,36
1194,52.25497,-0.76068205,48,Slight,Fine No High Winds,Dual Carriageway,66.04,1.58,8.0,3,12,33
2440,51.19041,-1.7615534,48,Slight,Fine No High Winds,Single Carriageway,38.54,1.23,8.0,0,7,41
534,53.596115,-1.3839093,48,Slight,Fine No High Winds,Single Carriageway,34.38,1.48,22.0,2,7,39
1119,52.54006,-1.3172454,48,Slight,Fine No High Winds,Dual Carriageway,64.17,1.69,17.0,0,8,40
1120,52.712452,-1.0842265,48,Slight,Fine No High Winds,Single Carriageway,63.33,1.4,15.0,1,8,39
2073,50.90578,0.04767925,48,Slight,Fine No High Winds,Single Carriageway,58.75,1.81,13.0,1,18,29
425,53.76326,-1.2837453,48,Slight,Fine No High Winds,Dual Carriageway,62.08,1.33,12.0,1,12,35
2640,51.535904,-3.4399235,48,Slight,Fine No High Winds,Single Carriageway,36.25,1.25,19.0,1,4,43
1780,51.089962,-1.163442,48,Slight,Fine No High Winds,Single Carriageway,31.25,1.15,11.0,1,11,36
325,54.736485,-1.587907,48,Slight,Fine No High Winds,Single Carriageway,56.46,1.69,16.0,1,7,40
294,54.992153,-1.8348697,48,Slight,Fine No High Winds,Single Carriageway,61.25,1.5,7.0,0,12,36
2098,51.088593,-0.07406275,48,Slight,Fine No High Winds,Single Carriageway,50.0,1.29,17.0,0,5,43
1262,52.319324,0.35805476,48,Slight,Fine No High Winds,Single Carriageway,54.17,1.46,17.0,0,11,37
72,53.80221,-2.929638,48,Slight,Fine No High Winds,Single Carriageway,55.42,2.04,12.0,0,14,34
55,54.85347,-3.0208247,48,Slight,Fine No High Winds,Single Carriageway,60.0,1.33,14.0,1,5,42
156,53.389347,-2.7673447,48,Slight,Fine No High Winds,Single Carriageway,40.83,1.4,15.0,1,10,37
1297,52.509075,1.248517,48,Slight,Fine No High Winds,Single Carriageway,54.58,1.35,16.0,1,9,38
2733,57.063663,-2.1389923,48,Slight,Fine No High Winds,Dual Carriageway,48.96,1.27,7.0,2,10,36
2333,51.452038,-2.3885725,48,Slight,Fine No High Winds,Single Carriageway,60.0,1.48,7.0,1,4,43
1510,51.825428,0.6861079,48,Slight,Fine No High Winds,Dual Carriageway,67.5,1.4,12.0,2,5,41
1953,51.11716,1.1631681,48,Slight,Fine No High Winds,Single Carriageway,34.17,1.31,11.0,1,4,43
475,53.75311,-1.3837665,48,Slight,Fine No High Winds,Single Carriageway,31.25,1.42,15.0,2,7,39
1045,53.13716,0.3009221,48,Slight,Fine No High Winds,Single Carriageway,51.46,1.58,8.0,0,6,42
99,53.558914,-2.8350022,48,Slight,Fine No High Winds,Single Carriageway,42.5,1.6,8.0,1,6,41
3063,52.308247,0.49155414,48,Slight,Fine No High Winds,Single Carriageway,51.25,1.35,8.0,1,9,38
1055,53.382523,-0.21653675,48,Slight,Fine No High Winds,Single Carriageway,58.12,1.33,8.0,1,7,40
194,53.32509,-2.3961992,48,Slight,Fine No High Winds,Single Carriageway,54.58,1.33,16.0,2,7,39
103,53.55483,-2.9602785,48,Slight,Fine No High Winds,Single Carriageway,56.25,1.69,16.0,0,13,35
1220,52.625355,-0.109858416,48,Slight,Fine No High Winds,Roundabout,58.96,1.21,9.0,0,11,37
724,52.313004,-2.5935397,48,Slight,Fine No High Winds,Single Carriageway,33.96,1.23,16.0,2,8,38
806,52.30189,-1.6510063,48,Slight,Fine No High Winds,Single Carriageway,55.62,1.67,17.0,0,11,37
1152,52.722294,-1.4904121,48,Slight,Fine No High Winds,Single Carriageway,62.92,1.5,7.0,0,6,42
3041,53.107864,0.2432601,48,Slight,Fine No High Winds,Single Carriageway,45.0,1.71,14.0,1,7,40
2139,50.402344,-5.025515,47,Slight,Fine No High Winds,Single Carriageway,42.13,1.89,12.0,0,2,45
1961,51.32403,1.0681219,47,Slight,Fine No High Winds,Single Carriageway,58.09,1.53,18.0,0,7,40
2514,50.726475,-2.9373815,47,Slight,Fine No High Winds,Single Carriageway,31.28,1.28,14.0,1,8,38
2234,50.34984,-3.9950883,47,Slight,Fine No High Winds,Single Carriageway,44.47,1.21,12.0,0,10,37
2315,51.39621,-2.7587843,47,Slight,Fine No High Winds,Single Carriageway,50.21,1.55,12.0,0,9,38
1819,50.982395,-0.96421796,47,Slight,Fine No High Winds,Dual Carriageway,65.11,1.47,7.0,2,6,39
2206,50.68044,-3.5163782,47,Slight,Fine No High Winds,Dual Carriageway,64.89,1.17,8.0,0,5,42
2419,51.93211,-2.4061356,47,Slight,Fine No High Winds,Single Carriageway,35.11,1.4,15.0,0,9,38
1950,51.255184,0.99290466,47,Slight,Fine No High Winds,Single Carriageway,49.36,1.68,11.0,1,3,43
2827,55.599354,-2.4328082,47,Slight,Fine No High Winds,Single Carriageway,30.64,1.11,16.0,0,12,35
2326,51.31451,-2.8322556,47,Slight,Fine No High Winds,Single Carriageway,33.4,1.53,16.0,0,4,43
2410,51.84279,-2.5161045,47,Slight,Fine No High Winds,Single Carriageway,39.79,1.34,17.0,2,5,40
1907,51.36594,0.30176497,47,Slight,Fine No High Winds,Single Carriageway,34.89,1.26,9.0,2,8,37
2061,51.01038,-0.14064284,47,Slight,Fine No High Winds,Single Carriageway,31.06,1.13,16.0,0,4,43
2162,50.378147,-4.7969437,47,Slight,Fine No High Winds,Single Carriageway,37.66,1.26,12.0,2,8,37
1946,51.10897,0.8525532,47,Slight,Fine No High Winds,Single Carriageway,48.72,1.85,17.0,1,11,35
2778,56.217705,-3.154815,47,Slight,Fine No High Winds,Single Carriageway,49.79,1.36,11.0,2,7,38
440,53.92183,-1.1004248,47,Slight,Fine No High Winds,Single Carriageway,43.83,1.21,17.0,0,7,40
269,54.958942,-1.8178012,47,Slight,Fine No High Winds,Single Carriageway,57.23,1.66,15.0,0,12,35
1549,51.8212,1.1378083,47,Slight,Fine No High Winds,Single Carriageway,51.7,1.68,8.0,3,13,31
3202,50.792786,-2.1069016,47,Slight,Fine No High Winds,Single Carriageway,59.57,1.74,7.0,2,6,39
1258,52.559757,-0.36374572,47,Slight,Fine No High Winds,Dual Carriageway,70.0,1.47,17.0,2,9,36
677,52.85873,-2.2529364,47,Slight,Fine No High Winds,Single Carriageway,34.47,1.04,8.0,0,3,44
1611,51.985447,-0.8313307,47,Slight,Fine No High Winds,Single Carriageway,59.79,1.53,17.0,3,4,40
346,54.798615,-1.6720122,47,Slight,Fine No High Winds,Single Carriageway,35.11,1.51,17.0,0,7,40
241,53.21362,-2.6549478,47,Slight,Fine No High Winds,Single Carriageway,48.09,1.43,16.0,1,12,34
1644,51.671246,-1.3626165,47,Slight,Fine No High Winds,Single Carriageway,42.55,1.43,8.0,0,11,36
197,53.16366,-2.676228,47,Slight,Fine No High Winds,Single Carriageway,51.7,1.38,15.0,2,10,35
119,53.726475,-2.7853706,47,Slight,Fine No High Winds,Single Carriageway,30.21,1.26,17.0,2,11,34
1806,51.058777,-1.2628282,47,Slight,Fine No High Winds,Single Carriageway,60.85,1.28,13.0,1,16,30
3344,51.396877,-2.0453649,47,Slight,Fine No High Winds,Single Carriageway,58.09,1.38,8.0,0,8,39
1265,52.09998,0.03453287,47,Slight,Fine No High Winds,Single Carriageway,58.09,1.79,8.0,2,11,34
592,53.791443,-0.6114066,47,Slight,Fine No High Winds,Single Carriageway,60.0,1.62,12.0,0,6,41
1444,51.89531,-0.5904619,47,Slight,Fine No High Winds,Single Carriageway,51.28,1.32,18.0,1,5,41
106,53.825523,-2.7175152,46,Slight,Fine No High Winds,Dual Carriageway,68.04,1.5,11.0,1,4,41
63,53.835094,-2.9128537,46,Slight,Fine No High Winds,Single Carriageway,50.43,1.67,17.0,2,11,33
1726,51.404476,-1.1337498,46,Slight,Fine No High Winds,Single Carriageway,54.78,1.22,16.0,2,11,33
54,54.763916,-3.32806,46,Slight,Fine No High Winds,Single Carriageway,32.61,1.35,10.0,1,5,40
1721,51.472435,-1.5297496,46,Slight,Fine No High Winds,Dual Carriageway,66.74,1.89,11.0,0,9,37
2192,51.071415,-4.1233535,46,Slight,Fine No High Winds,Single Carriageway,36.52,1.2,18.0,0,5,41
907,53.28859,-1.2610689,46,Slight,Fine No High Winds,Single Carriageway,49.57,1.72,16.0,0,4,42
3132,51.390636,0.35453773,46,Slight,Fine No High Winds,Single Carriageway,41.52,1.48,22.0,1,10,35
669,52.885174,-2.1359212,46,Slight,Fine No High Winds,Dual Carriageway,51.09,1.2,8.0,2,5,39
2256,50.597355,-3.6142824,46,Slight,Fine No High Winds,Single Carriageway,57.39,1.59,15.0,3,6,37
936,52.9863,-0.9865734,46,Slight,Fine No High Winds,Single Carriageway,47.17,1.5,7.0,0,6,40
83,54.009205,-2.8181076,46,Slight,Fine No High Winds,Single Carriageway,58.26,1.5,7.0,0,12,34
2040,50.83283,-0.64058703,46,Slight,Fine No High Winds,Single Carriageway,30.0,1.11,8.0,0,6,40
3058,52.25125,-0.26593584,46,Slight,Fine No High Winds,Single Carriageway,50.65,1.54,8.0,0,5,41
3007,52.768333,-2.0583177,46,Slight,Fine No High Winds,Single Carriageway,45.43,1.26,8.0,1,1,44
1301,52.623695,1.6021571,46,Slight,Fine No High Winds,Single Carriageway,57.61,1.85,9.0,1,4,41
2129,50.205418,-5.116962,46,Slight,Fine No High Winds,Single Carriageway,44.57,1.54,9.0,5,2,39
1023,53.13939,-0.71109986,46,Slight,Fine No High Winds,Dual Carriageway,68.04,1.83,16.0,3,12,31
1647,51.837948,-1.3366725,46,Slight,Fine No High Winds,Roundabout,56.74,1.17,7.0,0,6,40
1694,52.102238,-0.6907976,46,Slight,Fine No High Winds,Single Carriageway,62.17,1.7,7.0,1,6,39
1951,51.359676,1.1701108,46,Slight,Fine No High Winds,Single Carriageway,58.91,1.59,7.0,2,7,37
2342,51.1626,-3.3929875,46,Slight,Fine No High Winds,Single Carriageway,52.17,1.85,18.0,1,10,35
1010,52.68561,-0.13310356,46,Slight,Fine No High Winds,Single Carriageway,57.39,1.85,17.0,5,7,34
781,52.902004,-2.6257653,46,Slight,Fine No High Winds,Single Carriageway,58.7,1.63,8.0,1,13,32
820,52.308987,-1.5730458,46,Slight,Fine No High Winds,Slip Road,64.13,1.35,17.0,0,4,42
1094,53.39324,-0.54850864,46,Slight,Fine No High Winds,Single Carriageway,57.39,1.48,10.0,3,6,37
1593,51.69763,-0.7386798,46,Slight,Fine No High Winds,Single Carriageway,30.0,1.15,16.0,0,7,39
603,53.828007,-0.46112308,46,Slight,Fine No High Winds,Single Carriageway,52.39,1.59,11.0,1,11,34
2943,54.940887,-3.929634,46,Slight,Fine No High Winds,Single Carriageway,30.22,1.11,15.0,0,8,38
1793,50.73831,-1.2693479,46,Slight,Fine No High Winds,Single Carriageway,43.04,1.39,16.0,0,11,35
1575,51.718887,0.018193392,46,Slight,Fine No High Winds,Single Carriageway,55.0,1.43,17.0,1,12,33
765,52.715916,-2.8192046,46,Slight,Fine No High Winds,Single Carriageway,59.35,2.0,16.0,0,8,38
1460,51.87511,0.13402224,46,Slight,Fine No High Winds,Single Carriageway,51.09,1.37,17.0,0,4,42
838,52.35516,-1.3913202,46,Slight,Fine No High Winds,Dual Carriageway,56.74,1.24,7.0,1,7,38
526,53.49301,-1.0209981,46,Slight,Fine No High Winds,Single Carriageway,35.0,1.33,17.0,0,10,36
2004,51.393814,0.32653862,46,Slight,Fine No High Winds,Single Carriageway,33.04,1.52,8.0,0,6,40
1254,52.310966,0.057247676,46,Slight,Fine No High Winds,Single Carriageway,31.96,1.15,15.0,1,6,39
1845,51.24067,-0.29045233,46,Slight,Fine No High Winds,Single Carriageway,44.57,1.5,7.0,1,7,38
1468,51.830444,-0.058188867,46,Slight,Fine No High Winds,Single Carriageway,56.96,1.46,8.0,0,2,44
2897,55.95607,-3.9512277,46,Slight,Fine No High Winds,Single Carriageway,35.22,1.28,15.0,0,15,31
489,53.62268,-1.4123441,46,Slight,Fine No High Winds,Single Carriageway,31.74,1.28,16.0,1,14,31
2868,55.783302,-4.3472466,46,Slight,Fine No High Winds,Dual Carriageway,42.39,1.35,15.0,0,8,38
1597,51.897255,-0.71671915,46,Slight,Fine No High Winds,Single Carriageway,38.04,1.43,18.0,2,5,39
2292,51.065834,-3.0229816,46,Slight,Fine No High Winds,Dual Carriageway,63.48,1.52,11.0,2,6,38
1286,52.22838,0.18007305,45,Slight,Fine No High Winds,Single Carriageway,62.89,1.31,8.0,0,8,37
2796,56.209335,-3.0474823,45,Slight,Fine No High Winds,Single Carriageway,29.56,1.22,15.0,0,12,33
902,53.289745,-1.204667,45,Slight,Fine No High Winds,Single Carriageway,48.0,1.69,10.0,2,3,40
2964,53.086773,-2.6641624,45,Slight,Fine No High Winds,Single Carriageway,58.22,1.49,10.0,0,18,27
604,53.68569,-0.9870585,45,Slight,Fine No High Winds,Single Carriageway,52.67,1.53,14.0,2,12,31
2417,51.990223,-1.7029796,45,Slight,Fine No High Winds,Single Carriageway,32.67,1.22,17.0,0,6,39
321,54.775276,-1.5044206,45,Slight,Fine No High Winds,Single Carriageway,32.67,1.42,15.0,0,5,40
2070,51.110504,0.023595823,45,Slight,Fine No High Winds,Single Carriageway,43.33,1.36,8.0,1,9,35
1592,51.942444,-0.8797372,45,Slight,Fine No High Winds,Single Carriageway,35.56,1.27,18.0,0,10,35
905,53.16075,-1.5080979,45,Slight,Fine No High Winds,Single Carriageway,59.78,1.56,17.0,1,6,38
2389,51.9319,-2.0675738,45,Slight,Fine No High Winds,Single Carriageway,48.67,1.29,11.0,0,7,38
619,54.566986,-0.9388044,45,Slight,Fine No High Winds,Single Carriageway,35.11,1.36,15.0,1,10,34
1127,52.772354,-0.9855186,45,Slight,Fine No High Winds,Single Carriageway,59.78,1.51,12.0,1,8,36
1696,51.40173,-0.70481926,45,Slight,Fine No High Winds,Single Carriageway,44.44,1.42,8.0,0,4,41
1970,50.95014,0.9063958,45,Slight,Fine No High Winds,Single Carriageway,31.78,1.16,15.0,1,8,36
444,54.094765,-0.8821518,45,Slight,Fine No High Winds,Single Carriageway,63.33,1.62,12.0,3,12,30
293,54.90273,-1.6784189,45,Slight,Fine No High Winds,Single Carriageway,59.33,1.62,16.0,1,12,32
646,52.38117,-1.7530019,45,Slight,Fine No High Winds,Single Carriageway,30.44,1.24,12.0,1,6,38
1161,52.36234,-0.681141,45,Slight,Fine No High Winds,Single Carriageway,29.56,1.11,18.0,0,11,34
2754,56.59083,-3.3365035,45,Slight,Fine No High Winds,Single Carriageway,29.78,1.24,13.0,0,12,33
571,53.63443,-0.6188289,45,Slight,Fine No High Winds,Single Carriageway,58.22,1.42,7.0,1,10,34
2010,50.774708,0.14764163,45,Slight,Fine No High Winds,Single Carriageway,56.89,1.42,7.0,1,10,34
1759,50.921955,-1.159186,45,Slight,Fine No High Winds,Single Carriageway,56.22,1.42,16.0,1,13,31
1080,53.155838,-0.6730117,45,Slight,Fine No High Winds,Roundabout,67.11,1.24,19.0,0,3,42
2631,51.61096,-3.5843463,45,Slight,Fine No High Winds,Single Carriageway,30.44,1.51,10.0,0,6,39
1406,52.3286,1.6775533,45,Slight,Fine No High Winds,Single Carriageway,30.0,1.29,11.0,3,4,38
274,55.102592,-1.6173104,45,Slight,Fine No High Winds,Dual Carriageway,60.67,1.24,9.0,1,3,41
35,54.589382,-3.5433302,45,Slight,Fine No High Winds,Single Carriageway,41.56,1.47,16.0,2,5,38
555,53.597076,-0.19149494,45,Slight,Fine No High Winds,Dual Carriageway,66.89,2.16,7.0,0,9,36
1366,52.272884,0.787951,45,Slight,Fine No High Winds,Single Carriageway,46.89,1.47,15.0,2,9,34
600,53.87833,-0.3126395,45,Slight,Fine No High Winds,Single Carriageway,58.44,1.73,7.0,0,12,33
1343,52.637512,1.4529412,45,Slight,Fine No High Winds,Dual Carriageway,56.67,1.42,7.0,0,7,38
1695,52.120155,-0.806782,45,Slight,Fine No High Winds,Dual Carriageway,67.11,1.82,8.0,2,1,42
860,53.061165,-1.3425763,45,Slight,Fine No High Winds,Single Carriageway,30.89,1.24,15.0,0,12,33
1825,51.186577,-1.4081628,45,Slight,Fine No High Winds,Dual Carriageway,66.44,1.33,8.0,0,6,39
2062,50.761112,0.20399435,45,Slight,Fine No High Winds,Single Carriageway,41.56,1.47,11.0,0,8,37
109,53.676052,-2.9248617,45,Slight,Fine No High Winds,Single Carriageway,45.11,1.56,17.0,1,14,30
819,52.165215,-1.8560455,45,Slight,Fine No High Winds,Single Carriageway,34.22,1.11,17.0,1,7,37
2055,51.00804,0.22440644,44,Slight,Fine No High Winds,Single Carriageway,48.86,1.7,8.0,2,5,37
2378,51.44115,-2.4700067,44,Slight,Fine No High Winds,Single Carriageway,30.23,1.32,8.0,0,4,40
2660,51.583424,-3.4689424,44,Slight,Fine No High Winds,Single Carriageway,34.09,1.48,16.0,2,4,38
681,52.683487,-2.0697002,44,Slight,Fine No High Winds,Single Carriageway,49.77,1.66,17.0,1,2,41
1464,51.78038,0.021358045,44,Slight,Fine No High Winds,Single Carriageway,64.77,1.52,7.0,1,4,39
2659,51.5119,-3.431855,44,Slight,Fine No High Winds,Dual Carriageway,51.82,1.48,17.0,1,3,40
1275,52.621243,-0.055746183,44,Slight,Fine No High Winds,Single Carriageway,63.64,1.73,6.0,3,6,35
831,52.520187,-1.6341691,44,Slight,Fine No High Winds,Single Carriageway,50.0,1.36,7.0,1,4,39
679,52.78867,-2.0400083,44,Slight,Fine No High Winds,Single Carriageway,42.95,1.39,8.0,0,1,43
2992,53.44037,-1.2388812,44,Slight,Fine No High Winds,Single Carriageway,60.91,1.52,19.0,0,5,39
1331,52.779186,0.47086763,44,Slight,Fine No High Winds,Single Carriageway,58.18,1.73,12.0,0,7,37
2063,50.885452,-0.5766849,44,Slight,Fine No High Winds,Single Carriageway,58.86,1.23,12.0,0,9,35
228,53.03749,-2.452274,44,Slight,Fine No High Winds,Single Carriageway,52.27,1.5,7.0,1,8,35
1306,52.904648,1.0907633,44,Slight,Fine No High Winds,Single Carriageway,34.55,1.14,14.0,2,12,30
1512,51.927647,0.69867426,44,Slight,Fine No High Winds,Single Carriageway,30.91,1.2,18.0,0,7,37
1533,51.6631,0.83005506,44,Slight,Fine No High Winds,Single Carriageway,32.95,1.09,16.0,1,12,31
886,53.222984,-1.7063782,44,Slight,Fine No High Winds,Single Carriageway,47.95,1.66,16.0,1,10,33
1527,51.6548,0.5470083,44,Slight,Fine No High Winds,Single Carriageway,54.77,1.34,8.0,3,8,33
2088,50.98671,-0.61038595,44,Slight,Fine No High Winds,Single Carriageway,34.77,1.36,16.0,0,5,39
2952,54.193336,-2.9096804,44,Slight,Fine No High Winds,Single Carriageway,30.91,1.09,8.0,2,4,38
2950,54.62184,-2.5645137,44,Slight,Fine No High Winds,Single Carriageway,42.05,1.66,11.0,0,4,40
2079,50.99275,-0.16655363,44,Slight,Fine No High Winds,Single Carriageway,45.68,1.36,9.0,3,8,33
2381,51.467453,-2.675196,44,Slight,Fine No High Winds,Single Carriageway,48.64,1.68,8.0,0,4,40
1499,51.838085,0.70207614,44,Slight,Fine No High Winds,Single Carriageway,30.0,1.14,15.0,0,5,39
2886,55.83683,-5.056286,44,Slight,Fine No High Winds,Single Carriageway,30.45,1.09,16.0,0,6,38
660,53.05441,-2.302358,44,Slight,Fine No High Winds,Single Carriageway,31.36,1.14,8.0,0,2,42
928,52.736233,-1.5654668,44,Slight,Fine No High Winds,Single Carriageway,32.95,1.18,17.0,1,10,33
623,54.583614,-1.0864353,44,Slight,Fine No High Winds,Dual Carriageway,56.36,1.59,17.0,0,3,41
3060,52.714333,0.41409934,44,Slight,Fine No High Winds,Single Carriageway,38.64,1.43,12.0,0,5,39
1684,51.982204,-1.3214873,44,Slight,Fine No High Winds,Single Carriageway,34.77,1.55,8.0,2,6,36
434,54.12034,-1.190917,44,Slight,Fine No High Winds,Single Carriageway,30.0,1.14,8.0,0,8,36
552,53.575314,-0.16362704,44,Slight,Fine No High Winds,Single Carriageway,32.05,1.59,8.0,0,5,39
2836,55.7553,-2.9215615,44,Slight,Fine No High Winds,Single Carriageway,59.09,1.27,8.0,1,5,38
1778,50.867275,-0.95180917,44,Slight,Fine No High Winds,Single Carriageway,47.27,1.14,0.0,0,4,40
2567,52.948055,-3.989705,44,Slight,Fine No High Winds,Single Carriageway,59.32,2.11,15.0,0,8,36
649,52.37058,-1.5492527,44,Slight,Fine No High Winds,Single Carriageway,38.18,1.39,8.0,0,8,36
135,53.7809,-2.4449923,44,Slight,Fine No High Winds,Single Carriageway,57.73,1.48,8.0,0,9,35
933,53.37533,-1.0599048,44,Slight,Fine No High Winds,Single Carriageway,42.95,1.41,18.0,3,7,34
2181,50.41481,-4.323831,44,Slight,Fine No High Winds,Single Carriageway,49.55,1.64,8.0,2,8,34
1044,52.97501,-0.11081464,44,Slight,Fine No High Winds,Single Carriageway,47.73,1.64,17.0,0,7,37
1744,50.779163,-1.7903706,44,Slight,Fine No High Winds,Single Carriageway,47.5,1.55,18.0,0,7,37
469,53.78251,-1.6371375,44,Slight,Fine No High Winds,Single Carriageway,42.27,1.66,17.0,1,6,37
1087,53.32054,-0.42659852,44,Slight,Fine No High Winds,Single Carriageway,60.0,1.64,9.0,1,5,38
494,53.58865,-1.6285195,44,Slight,Fine No High Winds,Single Carriageway,32.05,1.32,16.0,0,9,35
977,52.85858,-1.2605864,44,Slight,Fine No High Winds,Single Carriageway,54.77,1.68,11.0,0,4,40
2222,50.751408,-3.3334396,44,Slight,Fine No High Winds,Dual Carriageway,59.09,1.57,18.0,2,4,38
2831,55.56627,-2.6473913,44,Slight,Fine No High Winds,Single Carriageway,50.23,1.5,14.0,0,5,39
1022,52.850002,-0.62720066,44,Slight,Fine No High Winds,Dual Carriageway,69.32,1.68,14.0,2,3,39
2707,52.22749,-3.2331533,44,Slight,Fine No High Winds,Single Carriageway,60.0,1.3,13.0,1,11,32
2118,50.13513,-5.488837,44,Slight,Fine No High Winds,Single Carriageway,54.32,1.39,13.0,0,7,37
3044,53.38701,-0.3673072,44,Slight,Fine No High Winds,Single Carriageway,40.0,1.45,8.0,0,5,39
422,53.91636,-1.9982567,44,Slight,Fine No High Winds,Single Carriageway,59.55,1.93,16.0,4,7,33
1629,51.933426,-0.697184,44,Slight,Fine No High Winds,Single Carriageway,63.41,1.48,8.0,0,8,36
1794,51.357986,-0.9691393,44,Slight,Fine No High Winds,Single Carriageway,54.77,1.23,7.0,0,11,33
1643,51.851124,-1.3162786,44,Slight,Fine No High Winds,Single Carriageway,52.05,1.39,16.0,2,8,34
2319,51.252018,-2.2556837,44,Slight,Fine No High Winds,Single Carriageway,59.77,1.57,15.0,1,15,28
588,53.719944,-0.17127232,44,Slight,Fine No High Winds,Single Carriageway,30.68,1.57,8.0,1,11,32
136,53.79623,-2.5057654,44,Slight,Fine No High Winds,Single Carriageway,46.82,1.61,17.0,3,11,30
908,53.187984,-1.278267,44,Slight,Fine No High Winds,Single Carriageway,41.82,1.57,15.0,1,3,40
3034,52.990257,-0.43780717,44,Slight,Fine No High Winds,Single Carriageway,49.09,1.48,16.0,1,3,40
2317,51.387882,-2.782442,44,Slight,Fine No High Winds,Single Carriageway,39.32,1.48,11.0,0,6,38
1658,51.526566,-0.98485285,44,Slight,Fine No High Winds,Single Carriageway,30.68,1.27,13.0,0,3,41
2602,51.56873,-3.2461221,44,Slight,Fine No High Winds,Roundabout,37.95,1.32,15.0,0,2,42
1176,52.078568,-1.2724828,44,Slight,Fine No High Winds,Single Carriageway,46.36,1.5,15.0,1,8,35
2368,51.156296,-2.935975,43,Slight,Fine No High Winds,Single Carriageway,42.33,1.7,15.0,2,9,32
1031,52.834045,-0.6301012,43,Slight,Fine No High Winds,Dual Carriageway,69.07,1.58,13.0,3,7,33
2257,50.60503,-3.6010945,43,Slight,Fine No High Winds,Single Carriageway,43.95,1.09,18.0,1,4,38
1043,52.898205,-0.10760344,43,Slight,Fine No High Winds,Single Carriageway,60.0,1.74,14.0,4,10,29
1041,53.004093,0.08243437,43,Slight,Fine No High Winds,Single Carriageway,40.93,1.7,8.0,0,5,38
262,54.953556,-1.4006339,43,Slight,Fine No High Winds,Single Carriageway,33.49,1.37,15.0,0,7,36
1428,52.164425,-0.5036483,43,Slight,Fine No High Winds,Single Carriageway,40.93,1.14,18.0,0,13,30
3028,53.14436,-1.4154077,43,Slight,Fine No High Winds,Single Carriageway,47.67,1.35,19.0,0,7,36
1074,53.25857,-0.69215846,43,Slight,Fine No High Winds,Single Carriageway,59.77,1.7,17.0,0,10,33
2578,52.95132,-3.0440824,43,Slight,Fine No High Winds,Single Carriageway,57.91,1.74,16.0,2,3,38
2876,55.910282,-4.866569,43,Slight,Fine No High Winds,Single Carriageway,51.63,1.67,16.0,0,5,38
2106,50.92828,-0.39119348,43,Slight,Fine No High Winds,Dual Carriageway,64.42,1.33,11.0,2,10,31
3313,51.46295,-1.2382877,43,Slight,Fine No High Winds,Dual Carriageway,69.3,1.58,7.0,1,9,33
704,52.72097,-1.8432761,43,Slight,Fine No High Winds,Single Carriageway,55.35,1.49,8.0,1,2,40
1321,52.65478,1.1509557,43,Slight,Fine No High Winds,Single Carriageway,60.7,1.67,18.0,1,3,39
3145,50.9605,-0.8818763,43,Slight,Fine No High Winds,Single Carriageway,59.07,1.37,10.0,0,14,29
2142,50.373547,-5.089795,43,Slight,Fine No High Winds,Single Carriageway,56.74,1.74,18.0,1,6,36
1075,53.176376,-0.56269586,43,Slight,Fine No High Winds,Single Carriageway,43.02,1.47,15.0,1,5,37
1335,52.764404,1.474904,43,Slight,Fine No High Winds,Single Carriageway,53.72,1.86,15.0,1,6,36
2153,50.509174,-4.6608415,43,Slight,Fine No High Winds,Single Carriageway,57.21,1.67,10.0,2,6,35
3223,52.150196,-3.4018917,43,Slight,Fine No High Winds,Single Carriageway,31.86,1.16,14.0,0,4,39
1150,52.502197,-1.3242606,43,Slight,Fine No High Winds,Single Carriageway,62.09,1.53,8.0,2,9,32
2058,50.846096,-0.90898246,43,Slight,Fine No High Winds,Single Carriageway,30.7,1.19,15.0,1,11,31
3170,50.828506,-4.518941,43,Slight,Fine No High Winds,Single Carriageway,36.98,1.42,12.0,0,5,38
3054,52.28017,-1.1107397,43,Slight,Fine No High Winds,Single Carriageway,60.0,1.4,16.0,3,7,33
847,52.580578,-1.6720198,43,Slight,Fine No High Winds,Dual Carriageway,67.21,1.6,8.0,2,10,31
1703,51.39031,-0.79580694,43,Slight,Fine No High Winds,Single Carriageway,53.49,1.33,7.0,1,8,34
1995,51.054173,0.44781485,43,Slight,Fine No High Winds,Single Carriageway,50.7,1.58,18.0,0,11,32
2838,55.982758,-3.510916,43,Slight,Fine No High Winds,Single Carriageway,57.91,1.6,7.0,3,6,34
1671,51.96776,-1.2440343,43,Slight,Fine No High Winds,Dual Carriageway,68.84,1.44,8.0,1,8,34
1972,51.093998,0.63472575,43,Slight,Fine No High Winds,Single Carriageway,57.67,1.56,10.0,0,4,39
203,53.203903,-2.6515138,43,Slight,Fine No High Winds,Single Carriageway,59.3,1.95,16.0,1,11,31
2832,55.89373,-3.4630976,43,Slight,Fine No High Winds,Single Carriageway,31.16,1.19,16.0,0,6,37
1655,51.731617,-1.3286902,43,Slight,Fine No High Winds,Single Carriageway,43.26,1.44,17.0,0,8,35
1830,51.30399,-0.43773735,43,Slight,Fine No High Winds,Single Carriageway,41.4,1.3,8.0,1,10,32
1875,51.35649,0.44392884,43,Slight,Fine No High Winds,Single Carriageway,45.81,1.21,16.0,0,8,35
818,52.285892,-1.4591564,43,Slight,Fine No High Winds,Single Carriageway,58.37,1.56,18.0,1,5,37
193,53.276672,-2.3629591,43,Slight,Fine No High Winds,Single Carriageway,57.21,1.4,8.0,0,10,33
2715,52.512722,-3.4225113,43,Slight,Fine No High Winds,Single Carriageway,51.4,1.88,16.0,1,4,38
2743,57.207226,-2.1888542,43,Slight,Fine No High Winds,Single Carriageway,30.93,1.12,8.0,0,6,37
1938,51.207462,0.2265432,43,Slight,Fine No High Winds,Dual Carriageway,63.26,1.47,7.0,1,7,35
1614,52.021706,-0.9201533,43,Slight,Fine No High Winds,Single Carriageway,60.0,1.74,8.0,1,6,36
1712,51.48693,-0.8701917,43,Slight,Fine No High Winds,Single Carriageway,51.4,1.28,8.0,0,10,33
3410,51.48303,-0.7292273,43,Slight,Fine No High Winds,Single Carriageway,47.21,1.47,16.0,0,7,36
678,52.489494,-2.18887,42,Slight,Fine No High Winds,Single Carriageway,55.71,1.57,17.0,0,2,40
3389,52.380436,-1.3979552,42,Slight,Fine No High Winds,Single Carriageway,33.33,1.29,19.0,0,7,35
1483,51.834442,-0.3931239,42,Slight,Fine No High Winds,Single Carriageway,52.62,1.52,6.0,3,12,27
664,52.956978,-2.0299125,42,Slight,Fine No High Winds,Single Carriageway,47.86,1.52,17.0,1,5,36
59,54.208904,-3.0705073,42,Slight,Fine No High Winds,Single Carriageway,58.1,1.69,12.0,1,6,35
302,54.745514,-1.815576,42,Slight,Fine No High Winds,Single Carriageway,32.38,1.17,15.0,0,10,32
1350,52.689606,1.272488,42,Slight,Fine No High Winds,Single Carriageway,49.05,2.36,9.0,2,8,32
1377,52.294964,1.0970604,42,Slight,Fine No High Winds,Single Carriageway,50.95,1.93,12.0,1,5,36
920,52.881706,-1.7039133,42,Slight,Fine No High Winds,Dual Carriageway,62.14,1.31,9.0,1,10,31
1692,51.650032,-1.3160884,42,Slight,Fine No High Winds,Dual Carriageway,55.71,1.71,13.0,2,8,32
2447,50.991863,-1.7563115,42,Slight,Fine No High Winds,Single Carriageway,33.57,1.52,17.0,1,7,34
1877,51.434757,0.4965992,42,Slight,Fine No High Winds,Single Carriageway,35.0,1.26,15.0,0,8,34
868,53.22463,-1.869597,42,Slight,Fine No High Winds,Single Carriageway,53.1,1.69,14.0,1,9,32
2150,50.595867,-4.475171,42,Slight,Fine No High Winds,Dual Carriageway,65.24,2.0,14.0,2,8,32
2148,50.570915,-4.3338594,42,Slight,Fine No High Winds,Single Carriageway,53.1,1.52,8.0,0,5,37
1169,52.302647,-0.9017272,42,Slight,Fine No High Winds,Single Carriageway,56.9,1.26,8.0,0,9,33
2870,55.78668,-4.608145,42,Slight,Fine No High Winds,Single Carriageway,54.29,1.4,14.0,0,8,34
1312,52.671772,0.41877475,42,Slight,Fine No High Winds,Single Carriageway,59.05,1.81,13.0,1,7,34
2085,50.993687,0.21304621,42,Slight,Fine No High Winds,Single Carriageway,55.0,1.64,8.0,1,10,31
2713,51.858032,-3.1360486,42,Slight,Fine No High Winds,Single Carriageway,39.29,1.17,16.0,0,7,35
1530,51.796707,0.48180285,42,Slight,Fine No High Winds,Single Carriageway,57.86,1.62,7.0,3,10,29
2464,51.418682,-2.125411,42,Slight,Fine No High Winds,Single Carriageway,51.43,1.5,10.0,3,4,35
676,52.91748,-2.170001,42,Slight,Fine No High Winds,Single Carriageway,53.33,1.33,18.0,0,6,36
816,52.1398,-1.4102263,42,Slight,Fine No High Winds,Dual Carriageway,67.14,1.81,12.0,2,10,30
2183,50.419743,-4.2611303,42,Slight,Fine No High Winds,Single Carriageway,50.0,1.6,18.0,3,3,36
2133,50.3435,-5.1537876,42,Slight,Fine No High Winds,Single Carriageway,35.0,1.36,15.0,0,5,37
1058,52.933163,-0.154831,42,Slight,Fine No High Winds,Single Carriageway,55.71,1.5,12.0,2,4,36
2356,50.96979,-3.2142708,42,Slight,Fine No High Winds,Single Carriageway,50.0,1.71,8.0,0,4,38
2651,51.514194,-3.6683362,42,Slight,Fine No High Winds,Dual Carriageway,62.62,1.5,8.0,6,9,27
629,54.503483,-1.3105675,42,Slight,Fine No High Winds,Single Carriageway,52.86,1.5,8.0,0,9,33
547,53.38095,-1.5629632,42,Slight,Fine No High Winds,Single Carriageway,48.81,1.67,9.0,1,11,30
1431,51.94752,-0.5329118,42,Slight,Fine No High Winds,Single Carriageway,30.0,1.38,7.0,1,6,35
1457,51.835846,0.15648973,42,Slight,Fine No High Winds,Single Carriageway,34.76,1.69,12.0,1,9,32
2405,51.72236,-2.157287,42,Slight,Fine No High Winds,Single Carriageway,39.29,1.43,15.0,0,4,38
1763,50.726395,-1.5896627,42,Slight,Fine No High Winds,Single Carriageway,30.71,1.12,12.0,0,14,28
51,55.009132,-2.9716094,42,Slight,Fine No High Winds,Single Carriageway,33.57,1.38,10.0,1,4,37
1834,51.252434,-0.4815964,42,Slight,Fine No High Winds,Single Carriageway,48.33,1.4,18.0,0,9,33
1755,50.689476,-1.0871692,42,Slight,Fine No High Winds,Single Carriageway,30.24,1.14,11.0,0,16,26
1818,51.364555,-1.356393,42,Slight,Fine No High Winds,Dual Carriageway,62.14,1.33,17.0,0,7,35
2187,50.81867,-4.467506,42,Slight,Fine No High Winds,Single Carriageway,57.14,1.43,16.0,0,9,33
2807,55.828743,-3.704157,42,Slight,Fine No High Winds,Single Carriageway,30.24,1.17,11.0,0,8,34
2766,56.672108,-3.0057561,42,Slight,Fine No High Winds,Single Carriageway,30.0,1.17,11.0,0,10,32
2034,50.92466,0.7098215,42,Slight,Fine No High Winds,Single Carriageway,32.86,1.4,7.0,0,12,30
906,53.29508,-1.5650343,41,Slight,Fine No High Winds,Single Carriageway,57.8,1.54,16.0,2,17,22
2927,55.515118,-4.379345,41,Slight,Fine No High Winds,Single Carriageway,36.34,1.22,15.0,0,10,31
3241,55.60036,-4.451856,41,Slight,Fine No High Winds,Single Carriageway,30.73,1.32,16.0,0,5,36
2263,50.42975,-3.6428208,41,Slight,Fine No High Winds,Single Carriageway,52.44,1.44,6.0,0,7,34
1792,51.245895,-0.8546798,41,Slight,Fine No High Winds,Single Carriageway,50.0,1.39,7.0,1,6,34
590,53.819126,-0.38677996,41,Slight,Fine No High Winds,Single Carriageway,32.44,1.83,17.0,0,4,37
1034,53.457478,-0.5821155,41,Slight,Fine No High Winds,Single Carriageway,59.27,1.66,8.0,2,7,32
145,53.895157,-2.1543303,41,Slight,Fine No High Winds,Single Carriageway,46.1,1.49,14.0,1,11,29
1802,51.19044,-1.2561392,41,Slight,Fine No High Winds,Dual Carriageway,66.34,1.34,8.0,2,12,27
3099,51.365,-0.8532994,41,Slight,Fine No High Winds,Single Carriageway,41.46,1.46,18.0,0,6,35
3039,52.963707,-0.69266564,41,Slight,Fine No High Winds,Dual Carriageway,67.56,1.49,16.0,2,9,30
1796,51.237053,-0.8311718,41,Slight,Fine No High Winds,Single Carriageway,55.85,1.27,14.0,0,5,36
807,52.06283,-1.6258771,41,Slight,Fine No High Winds,Single Carriageway,32.68,1.15,17.0,0,6,35
1201,52.198273,-0.9157922,41,Slight,Fine No High Winds,Dual Carriageway,69.02,1.78,16.0,2,11,28
3094,51.691822,-0.98093194,41,Slight,Fine No High Winds,Dual Carriageway,65.85,1.78,20.0,0,8,33
1179,51.996784,-1.1607337,41,Slight,Fine No High Winds,Roundabout,66.34,1.34,12.0,2,10,29
1130,52.593254,-0.6390288,41,Slight,Fine No High Winds,Single Carriageway,51.95,1.59,9.0,0,6,35
790,52.558434,-2.3033738,41,Slight,Fine No High Winds,Single Carriageway,58.78,1.8,8.0,0,9,32
625,54.54091,-1.4185786,41,Slight,Fine No High Winds,Dual Carriageway,60.24,1.63,7.0,3,6,32
2559,53.204422,-4.105908,41,Slight,Fine No High Winds,Roundabout,61.22,1.41,17.0,0,5,36
3186,51.374832,-2.860186,41,Slight,Fine No High Winds,Single Carriageway,47.32,1.51,12.0,1,4,36
1138,52.698605,-1.3659222,41,Slight,Fine No High Winds,Single Carriageway,32.2,1.17,8.0,0,5,36
2472,51.526493,-1.6926501,41,Slight,Fine No High Winds,Dual Carriageway,64.39,1.39,7.0,3,3,35
2198,51.17518,-4.093775,41,Slight,Fine No High Winds,Single Carriageway,58.54,1.39,16.0,0,5,36
2170,50.455406,-4.565569,41,Slight,Fine No High Winds,Single Carriageway,50.49,1.8,12.0,1,6,34
2166,50.39705,-4.7941628,41,Slight,Fine No High Winds,Single Carriageway,35.61,1.56,17.0,2,8,31
1146,52.626484,-1.2961122,41,Slight,Fine No High Winds,Single Carriageway,32.68,1.15,15.0,1,3,37
1088,53.263382,-0.4484004,41,Slight,Fine No High Winds,Single Carriageway,52.2,1.61,15.0,2,6,33
1847,51.221764,-0.38100988,41,Slight,Fine No High Winds,Single Carriageway,38.54,1.37,20.0,0,8,33
1846,51.154358,-0.22124293,41,Slight,Fine No High Winds,Single Carriageway,32.93,1.44,18.0,0,6,35
2755,56.45758,-3.0241163,41,Slight,Fine No High Winds,Single Carriageway,32.93,1.24,16.0,0,9,32
2157,50.437447,-4.7649174,41,Slight,Fine No High Winds,Single Carriageway,55.37,1.63,16.0,0,2,39
2575,53.004013,-3.02395,41,Slight,Fine No High Winds,Single Carriageway,62.2,1.63,7.0,0,7,34
495,53.83985,-1.8693937,41,Slight,Fine No High Winds,Single Carriageway,32.2,1.54,8.0,0,3,38
1066,53.313137,0.28020197,41,Slight,Fine No High Winds,Single Carriageway,30.73,1.1,14.0,0,4,37
3467,51.13453,-0.64121985,41,Slight,Fine No High Winds,Single Carriageway,42.44,1.37,7.0,1,6,34
2908,55.734177,-3.947306,41,Slight,Fine No High Winds,Single Carriageway,49.76,1.34,2.0,1,8,32
964,53.176228,-1.0970769,41,Slight,Fine No High Winds,Single Carriageway,49.02,1.37,8.0,0,10,31
2750,57.538162,-2.4611099,41,Slight,Fine No High Winds,Single Carriageway,30.73,1.24,20.0,0,4,37
1670,51.596203,-1.1042314,41,Slight,Fine No High Winds,Single Carriageway,39.76,1.37,12.0,0,8,33
2701,52.6852,-3.0854964,41,Slight,Fine No High Winds,Single Carriageway,54.88,1.59,18.0,2,14,25
2825,55.97862,-3.3463001,41,Slight,Fine No High Winds,Dual Carriageway,60.0,1.39,22.0,1,7,33
1471,51.775627,-0.16055961,41,Slight,Fine No High Winds,Dual Carriageway,65.12,1.22,7.0,1,6,34
2820,55.94384,-2.987189,41,Slight,Fine No High Winds,Single Carriageway,62.68,1.66,14.0,1,8,32
2681,52.11412,-4.0786924,41,Slight,Fine No High Winds,Single Carriageway,30.0,1.22,17.0,1,3,37
1503,51.840378,0.6098936,41,Slight,Fine No High Winds,Single Carriageway,55.85,1.51,16.0,3,9,29
1337,52.717155,0.509076,41,Slight,Fine No High Winds,Single Carriageway,49.27,1.54,10.0,2,7,32
2679,51.84305,-4.4095244,41,Slight,Fine No High Winds,Dual Carriageway,68.78,1.63,7.0,1,9,31
1493,51.813198,0.20551965,41,Slight,Fine No High Winds,Single Carriageway,37.07,1.51,16.0,3,11,27
2678,51.998695,-3.744901,41,Slight,Fine No High Winds,Single Carriageway,59.76,1.15,12.0,2,14,25
3009,52.98803,-2.2589977,41,Slight,Fine No High Winds,Dual Carriageway,68.05,1.78,11.0,3,5,33
1485,51.93535,-0.32653815,41,Slight,Fine No High Winds,Dual Carriageway,67.56,1.39,8.0,1,11,29
859,52.911385,-1.3418709,41,Slight,Fine No High Winds,Dual Carriageway,64.15,1.46,8.0,2,10,29
813,52.27385,-1.3654386,41,Slight,Fine No High Winds,Single Carriageway,55.37,1.54,7.0,2,12,27
230,53.28699,-2.335628,41,Slight,Fine No High Winds,Single Carriageway,58.78,1.46,15.0,0,8,33
235,53.174732,-2.8610692,41,Slight,Fine No High Winds,Dual Carriageway,52.2,1.68,8.0,0,8,33
1414,52.384937,1.6694804,41,Slight,Fine No High Winds,Single Carriageway,34.88,1.51,14.0,0,4,37
1453,51.851055,-0.47793776,41,Slight,Fine No High Winds,Single Carriageway,59.76,1.63,13.0,2,10,29
1436,52.031025,-0.522122,41,Slight,Fine No High Winds,Single Carriageway,55.37,1.54,17.0,1,4,36
2006,51.0086,0.977731,41,Slight,Fine No High Winds,Single Carriageway,35.12,1.37,14.0,0,8,33
822,52.16461,-1.4373468,41,Slight,Fine No High Winds,Dual Carriageway,66.34,1.46,0.0,1,7,33
2687,52.24227,-4.2581406,41,Slight,Fine No High Winds,Single Carriageway,34.63,1.2,15.0,0,7,34
3191,51.089993,-2.5146832,41,Slight,Fine No High Winds,Single Carriageway,30.0,1.15,15.0,2,9,30
3026,53.274395,-1.3754314,41,Slight,Fine No High Winds,Single Carriageway,37.56,1.49,12.0,0,5,36
1121,52.472748,-0.890895,40,Slight,Fine No High Winds,Single Carriageway,58.75,1.48,15.0,1,6,33
1820,50.892715,-1.5225258,40,Slight,Fine No High Winds,Single Carriageway,35.5,1.35,16.0,0,5,35
1714,51.437202,-0.67925656,40,Slight,Fine No High Winds,Single Carriageway,40.25,1.32,8.0,0,6,34
1452,51.905598,-0.69290817,40,Slight,Fine No High Winds,Single Carriageway,61.75,1.35,17.0,1,8,31
2901,55.81596,-3.9093876,40,Slight,Fine No High Winds,Single Carriageway,58.25,1.62,8.0,2,4,34
2048,50.995506,-0.06244587,40,Slight,Fine No High Winds,Single Carriageway,47.25,1.6,8.0,1,5,34
3189,51.469124,-2.3656173,40,Slight,Fine No High Winds,Single Carriageway,58.25,1.95,14.0,1,8,31
2565,52.58619,-4.088068,40,Slight,Fine No High Winds,Single Carriageway,31.25,1.18,15.0,0,5,35
715,52.84897,-2.15963,40,Slight,Fine No High Winds,Dual Carriageway,68.75,2.0,10.0,2,1,37
3252,53.321648,-2.166152,40,Slight,Fine No High Winds,Single Carriageway,57.5,1.58,8.0,0,7,33
3342,51.00585,-2.6815834,40,Slight,Fine No High Winds,Single Carriageway,37.25,1.27,7.0,2,2,36
926,52.714783,-1.5582635,40,Slight,Fine No High Winds,Single Carriageway,43.75,1.65,7.0,0,5,35
2737,57.665314,-2.523872,40,Slight,Fine No High Winds,Single Carriageway,30.0,1.05,13.0,0,12,28
2371,50.979454,-3.123738,40,Slight,Fine No High Winds,Dual Carriageway,64.75,1.68,11.0,3,4,33
1826,50.68678,-1.2470763,40,Slight,Fine No High Winds,Single Carriageway,59.25,1.4,8.0,0,5,35
711,52.671246,-1.8639828,40,Slight,Fine No High Winds,Single Carriageway,52.75,1.52,12.0,0,3,37
1934,51.131172,1.1591644,40,Slight,Fine No High Winds,Single Carriageway,42.25,1.4,7.0,0,6,34
2385,51.331238,-2.3168986,40,Slight,Fine No High Winds,Single Carriageway,59.75,1.72,8.0,1,3,36
1469,51.77639,-0.2534078,40,Slight,Fine No High Winds,Single Carriageway,52.5,1.48,15.0,0,4,36
643,52.364815,-1.8030682,40,Slight,Fine No High Winds,Single Carriageway,53.0,1.7,17.0,1,4,35
2293,50.972984,-2.6709752,40,Slight,Fine No High Winds,Single Carriageway,47.75,1.6,7.0,0,4,36
502,53.639015,-1.4785693,40,Slight,Fine No High Winds,Single Carriageway,44.75,1.85,13.0,0,9,31
377,53.977764,-2.0699377,40,Slight,Fine No High Winds,Single Carriageway,60.0,1.48,13.0,0,11,29
2977,54.335197,-0.6931404,40,Slight,Fine No High Winds,Single Carriageway,59.25,1.85,12.0,1,14,25
290,54.98304,-2.1421854,40,Slight,Fine No High Winds,Dual Carriageway,66.0,1.52,10.0,0,9,31
1095,53.19449,-0.47151226,40,Slight,Fine No High Winds,Single Carriageway,35.0,1.32,15.0,1,2,37
52,54.942284,-2.735942,40,Slight,Fine No High Winds,Single Carriageway,30.75,1.12,15.0,0,4,36
2503,50.809883,-1.9638592,40,Slight,Fine No High Winds,Single Carriageway,34.0,1.68,17.0,1,5,34
774,52.44101,-2.835461,40,Slight,Fine No High Winds,Single Carriageway,34.75,1.25,14.0,0,4,36
2632,51.60066,-3.5419662,40,Slight,Fine No High Winds,Single Carriageway,30.0,1.58,11.0,0,6,34
1856,51.335182,-0.61219877,40,Slight,Fine No High Winds,Single Carriageway,41.75,1.38,7.0,1,6,33
958,53.37786,-1.1212442,40,Slight,Fine No High Winds,Single Carriageway,31.0,1.48,16.0,1,4,35
2355,51.201942,-2.5387046,40,Slight,Fine No High Winds,Single Carriageway,47.25,1.52,11.0,1,7,32
1544,51.693714,0.5855137,40,Slight,Fine No High Winds,Single Carriageway,33.75,1.3,12.0,0,3,37
1596,51.76777,-0.7861467,40,Slight,Fine No High Winds,Single Carriageway,48.25,1.35,8.0,0,3,37
837,52.55821,-1.483785,40,Slight,Fine No High Winds,Single Carriageway,56.75,1.5,15.0,1,9,30
1487,52.02711,-0.1101285,40,Slight,Fine No High Winds,Dual Carriageway,66.0,1.65,11.0,2,6,32
1947,51.184505,0.9089597,40,Slight,Fine No High Winds,Single Carriageway,53.25,1.55,8.0,1,2,37
1502,51.843975,0.57555556,40,Slight,Fine No High Winds,Single Carriageway,44.25,1.48,19.0,0,9,31
2604,51.809044,-3.0092802,40,Slight,Fine No High Winds,Roundabout,52.5,1.68,17.0,1,7,32
2953,54.181946,-2.7266145,40,Slight,Fine No High Winds,Dual Carriageway,57.25,1.38,15.0,1,4,35
2768,56.282482,-3.7285297,40,Slight,Fine No High Winds,Dual Carriageway,69.0,1.6,10.0,3,12,25
762,52.172874,-2.7168248,40,Slight,Fine No High Winds,Single Carriageway,52.0,1.65,17.0,2,6,32
345,54.83913,-1.7811714,40,Slight,Fine No High Winds,Single Carriageway,60.0,1.68,16.0,1,7,32
2948,54.994434,-3.0641239,40,Slight,Fine No High Winds,Single Carriageway,33.75,1.4,13.0,1,5,34
1683,51.82846,-1.3207276,40,Slight,Fine No High Winds,Dual Carriageway,51.5,1.4,13.0,3,5,32
1441,51.949047,-0.6205482,40,Slight,Fine No High Winds,Single Carriageway,59.25,1.52,14.0,0,5,35
1908,51.07333,1.1190592,40,Slight,Fine No High Winds,Single Carriageway,30.75,1.23,11.0,1,2,37
2130,50.283485,-4.950089,40,Slight,Fine No High Winds,Single Carriageway,56.25,1.38,10.0,1,8,31
1641,51.600353,-1.3342448,40,Slight,Fine No High Winds,Single Carriageway,43.75,1.32,8.0,1,5,34
349,54.843243,-1.8586938,40,Slight,Fine No High Winds,Single Carriageway,30.5,1.38,17.0,1,4,35
2127,50.22513,-5.085377,40,Slight,Fine No High Winds,Single Carriageway,46.5,1.55,11.0,0,3,37
121,53.803814,-2.6301482,40,Slight,Fine No High Winds,Single Carriageway,32.0,1.25,18.0,0,7,33
1448,51.989433,-0.6204908,40,Slight,Fine No High Winds,Single Carriageway,37.25,1.35,15.0,0,6,34
1799,51.32832,-1.0037215,40,Slight,Fine No High Winds,Single Carriageway,50.25,1.48,15.0,0,11,29
741,52.41648,-2.228237,40,Slight,Fine No High Winds,Single Carriageway,42.5,1.5,19.0,0,9,31
3171,51.039066,-4.236229,40,Slight,Fine No High Winds,Single Carriageway,35.25,1.25,16.0,0,6,34
1555,51.897026,1.0700071,40,Slight,Fine No High Winds,Dual Carriageway,61.5,1.6,8.0,2,6,32
3304,52.012123,-0.64794207,40,Slight,Fine No High Winds,Single Carriageway,31.25,1.12,13.0,0,4,36
2146,50.34676,-5.025851,40,Slight,Fine No High Winds,Roundabout,59.5,1.72,16.0,1,4,35
2154,50.47692,-4.7532053,40,Slight,Fine No High Winds,Single Carriageway,55.5,1.52,22.0,0,4,36
1542,51.67094,0.5353738,40,Slight,Fine No High Winds,Single Carriageway,63.0,1.5,17.0,0,8,32
172,53.57376,-2.6432118,40,Slight,Fine No High Winds,Single Carriageway,30.0,1.68,11.0,0,5,35
1061,53.03455,0.11687061,39,Slight,Fine No High Winds,Single Carriageway,44.1,1.85,9.0,0,3,36
602,53.864265,-0.48475257,39,Slight,Fine No High Winds,Single Carriageway,48.72,1.69,17.0,1,8,30
730,52.056786,-1.9587326,39,Slight,Fine No High Winds,Single Carriageway,59.74,1.67,7.0,0,10,29
1434,51.97428,-0.5049686,39,Slight,Fine No High Winds,Single Carriageway,59.23,1.74,8.0,3,5,31
3273,52.077534,-2.6615417,39,Slight,Fine No High Winds,Single Carriageway,52.31,1.72,8.0,1,6,32
2000,51.084576,0.51101875,39,Slight,Fine No High Winds,Single Carriageway,43.85,1.82,16.0,2,7,30
2815,55.928867,-3.0222967,39,Slight,Fine No High Winds,Dual Carriageway,62.56,1.54,15.0,1,4,34
834,52.517315,-1.5539254,39,Slight,Fine No High Winds,Single Carriageway,46.15,1.56,16.0,0,7,32
497,53.668076,-1.414559,39,Slight,Fine No High Winds,Single Carriageway,31.54,1.26,15.0,0,7,32
1765,50.99882,-1.388233,39,Slight,Fine No High Winds,Single Carriageway,31.79,1.41,17.0,0,7,32
280,55.080116,-1.6506314,39,Slight,Fine No High Winds,Single Carriageway,60.51,1.79,15.0,1,9,29
2215,50.698135,-3.3021216,39,Slight,Fine No High Winds,Single Carriageway,39.49,1.33,13.0,0,4,35
1821,50.966892,-1.1325561,39,Slight,Fine No High Winds,Single Carriageway,45.9,1.41,16.0,1,10,28
2532,53.26745,-3.503521,39,Slight,Fine No High Winds,Single Carriageway,45.9,1.44,8.0,1,6,32
2245,50.237095,-3.7703266,39,Slight,Fine No High Winds,Single Carriageway,34.62,1.05,16.0,0,8,31
635,52.605076,-2.191491,39,Slight,Fine No High Winds,Single Carriageway,37.44,1.49,8.0,0,7,32
1762,50.886127,-1.1321927,39,Slight,Fine No High Winds,Single Carriageway,57.18,1.49,12.0,2,11,26
2433,51.254837,-1.6175783,39,Slight,Fine No High Winds,Single Carriageway,31.79,1.15,18.0,1,5,33
1993,51.118748,1.0463456,39,Slight,Fine No High Winds,Single Carriageway,53.33,1.49,14.0,0,2,37
2856,56.070217,-3.881159,39,Slight,Fine No High Winds,Single Carriageway,54.36,1.49,18.0,1,11,27
1835,51.26072,-0.4535771,39,Slight,Fine No High Winds,Single Carriageway,40.26,1.56,8.0,0,8,31
2855,56.108555,-3.7496355,39,Slight,Fine No High Winds,Single Carriageway,31.28,1.23,14.0,0,13,26
1987,51.108814,1.2612423,39,Slight,Fine No High Winds,Dual Carriageway,64.62,1.51,18.0,0,8,31
3203,50.719612,-2.6037781,39,Slight,Fine No High Winds,Single Carriageway,60.26,1.72,16.0,2,6,31
1791,51.316963,-1.0235876,39,Slight,Fine No High Winds,Single Carriageway,48.97,1.23,17.0,1,8,30
1786,51.36157,-1.263943,39,Slight,Fine No High Winds,Single Carriageway,41.28,1.33,17.0,0,8,31
1433,51.96314,-0.64310426,39,Slight,Fine No High Winds,Single Carriageway,58.97,1.49,8.0,1,5,33
1526,51.654716,0.6320518,39,Slight,Fine No High Winds,Single Carriageway,59.23,1.51,17.0,0,7,32
2212,50.634506,-3.3534193,39,Slight,Fine No High Winds,Single Carriageway,45.13,1.26,16.0,0,4,35
3495,52.36538,-1.8324329,39,Slight,Fine No High Winds,Single Carriageway,43.85,1.67,12.0,0,8,31
780,52.388237,-2.7638936,39,Slight,Fine No High Winds,Single Carriageway,58.21,1.54,12.0,1,8,30
2600,51.66796,-3.0053444,39,Slight,Fine No High Winds,Dual Carriageway,61.54,1.38,16.0,0,2,37
714,52.910576,-2.1938024,39,Slight,Fine No High Winds,Dual Carriageway,70.0,1.51,14.0,1,1,37
659,52.920506,-2.3918266,39,Slight,Fine No High Winds,Single Carriageway,38.97,1.41,19.0,1,6,32
105,53.683144,-2.811817,39,Slight,Fine No High Winds,Single Carriageway,53.85,2.0,18.0,0,11,28
921,52.95099,-1.4095668,39,Slight,Fine No High Winds,Single Carriageway,56.67,1.33,8.0,1,6,32
3037,52.99555,-0.7626683,39,Slight,Fine No High Winds,Dual Carriageway,60.0,1.38,16.0,1,5,33
1346,52.793743,1.2517623,39,Slight,Fine No High Winds,Single Carriageway,26.92,1.05,16.0,0,6,33
208,53.215393,-2.4542606,39,Slight,Fine No High Winds,Single Carriageway,59.23,1.38,10.0,2,6,31
3302,52.694237,1.6908642,39,Slight,Fine No High Winds,Single Carriageway,33.33,1.33,14.0,0,5,34
1876,51.448284,0.58449394,39,Slight,Fine No High Winds,Single Carriageway,45.64,1.46,9.0,3,6,30
1157,52.555275,-1.0489337,39,Slight,Fine No High Winds,Single Carriageway,58.21,1.51,9.0,0,2,37
1203,52.280937,-1.0983813,39,Slight,Fine No High Winds,Dual Carriageway,65.13,1.44,16.0,2,7,30
320,54.70867,-1.5367986,39,Slight,Fine No High Winds,Single Carriageway,57.69,1.67,15.0,0,6,33
1537,51.718132,0.65806586,39,Slight,Fine No High Winds,Single Carriageway,57.95,1.56,14.0,2,12,25
323,54.803894,-1.609147,39,Slight,Fine No High Winds,Single Carriageway,60.0,2.08,17.0,2,4,33
3329,51.1203,-0.08398415,39,Slight,Fine No High Winds,Single Carriageway,35.64,1.36,12.0,0,3,36
429,53.99821,-1.6926264,39,Slight,Fine No High Winds,Single Carriageway,60.0,1.82,13.0,0,10,29
1616,51.83388,-0.62612313,39,Slight,Fine No High Winds,Single Carriageway,50.77,1.31,17.0,0,6,33
2125,50.2147,-5.0980206,39,Slight,Fine No High Winds,Single Carriageway,46.15,1.51,17.0,1,6,32
881,53.24575,-1.621475,39,Slight,Fine No High Winds,Single Carriageway,35.38,1.26,15.0,0,12,27
738,52.238552,-2.1740265,39,Slight,Fine No High Winds,Single Carriageway,58.46,1.54,17.0,1,6,32
173,53.569324,-2.5871437,39,Slight,Fine No High Winds,Single Carriageway,30.0,1.54,17.0,0,7,32
3064,52.35633,1.6208422,39,Slight,Fine No High Winds,Dual Carriageway,61.28,2.05,12.0,1,9,29
953,53.092285,-1.0693829,39,Slight,Fine No High Winds,Single Carriageway,57.44,1.36,9.0,1,7,31
493,53.616238,-1.4955577,39,Slight,Fine No High Winds,Single Carriageway,47.44,1.72,19.0,1,10,28
1082,53.21756,-0.47107857,39,Slight,Fine No High Winds,Single Carriageway,39.74,1.46,18.0,0,1,38
233,53.292225,-2.1466668,39,Slight,Fine No High Winds,Single Carriageway,28.72,1.31,17.0,0,6,33
845,52.35255,-1.2487055,39,Slight,Fine No High Winds,Single Carriageway,47.69,1.33,8.0,0,6,33
1370,52.381386,0.5252497,39,Slight,Fine No High Winds,Single Carriageway,44.62,1.38,17.0,2,4,33
1183,52.233467,-0.97906995,39,Slight,Fine No High Winds,Dual Carriageway,52.56,1.44,18.0,0,1,38
2194,51.036892,-3.8561451,39,Slight,Fine No High Winds,Single Carriageway,58.46,1.62,8.0,0,4,35
1090,53.12922,-0.4873381,39,Slight,Fine No High Winds,Single Carriageway,58.97,1.9,7.0,1,5,33
2349,50.912205,-3.0264282,39,Slight,Fine No High Winds,Single Carriageway,57.44,1.74,11.0,1,3,35
1129,52.555363,-1.154428,39,Slight,Fine No High Winds,Single Carriageway,30.26,1.18,15.0,0,6,33
1005,52.85942,-0.033296578,38,Slight,Fine No High Winds,Single Carriageway,59.21,1.76,7.0,0,7,31
916,52.83987,-1.5517403,38,Slight,Fine No High Winds,Single Carriageway,33.68,1.21,17.0,0,6,32
2359,51.53182,-2.672048,38,Slight,Fine No High Winds,Single Carriageway,52.37,1.39,17.0,2,2,34
717,52.922718,-2.2056081,38,Slight,Fine No High Winds,Dual Carriageway,67.89,1.61,16.0,1,5,32
2418,51.87251,-2.4104493,38,Slight,Fine No High Winds,Single Carriageway,41.05,1.5,15.0,0,3,35
2478,51.536263,-1.9985504,38,Slight,Fine No High Winds,Dual Carriageway,68.95,1.5,6.0,0,9,29
723,52.154503,-2.3199117,38,Slight,Fine No High Winds,Single Carriageway,37.89,1.5,16.0,0,8,30
3101,51.468,-0.9044524,38,Slight,Fine No High Winds,Single Carriageway,33.16,1.37,8.0,1,5,32
893,53.431984,-1.8511561,38,Slight,Fine No High Winds,Single Carriageway,53.16,1.71,13.0,2,9,27
2421,51.700054,-2.3668976,38,Slight,Fine No High Winds,Single Carriageway,32.11,1.08,17.0,1,5,32
725,52.157345,-2.2643518,38,Slight,Fine No High Winds,Single Carriageway,45.0,1.37,15.0,1,2,35
3187,51.21614,-2.530574,38,Slight,Fine No High Winds,Single Carriageway,59.47,1.58,10.0,2,7,29
642,52.4324,-1.6744694,38,Slight,Fine No High Winds,Roundabout,45.53,1.24,12.0,0,6,32
771,52.834892,-2.9835505,38,Slight,Fine No High Winds,Single Carriageway,56.84,1.89,17.0,2,8,28
3127,51.168854,0.6219638,38,Slight,Fine No High Winds,Single Carriageway,32.63,1.24,16.0,0,6,32
2426,52.002567,-2.0553901,38,Slight,Fine No High Winds,Single Carriageway,57.37,1.29,14.0,0,3,35
3139,50.883434,0.42708647,38,Slight,Fine No High Winds,Single Carriageway,40.53,1.18,8.0,0,10,28
1240,52.571404,-0.39774916,38,Slight,Fine No High Winds,Dual Carriageway,69.74,1.45,15.0,1,3,34
2505,50.780342,-1.9582314,38,Slight,Fine No High Winds,Single Carriageway,37.37,1.66,7.0,0,11,27
1378,52.011673,0.8263791,38,Slight,Fine No High Winds,Single Carriageway,60.0,1.42,7.0,1,5,32
2045,50.99498,0.07740729,38,Slight,Fine No High Winds,Single Carriageway,53.68,1.58,7.0,4,3,31
3337,50.7023,-3.2219782,38,Slight,Fine No High Winds,Single Carriageway,40.79,1.16,11.0,1,4,33
1342,52.679512,1.369643,38,Slight,Fine No High Winds,Single Carriageway,50.0,1.45,7.0,3,8,27
1341,52.579803,0.98197114,38,Slight,Fine No High Winds,Single Carriageway,31.58,1.21,11.0,0,6,32
3016,52.341957,-1.7900447,38,Slight,Fine No High Winds,Dual Carriageway,69.47,1.61,15.0,0,7,31
2089,50.969135,-0.1705799,38,Slight,Fine No High Winds,Single Carriageway,58.68,1.55,16.0,0,10,28
2102,50.90992,-0.37027377,38,Slight,Fine No High Winds,Single Carriageway,56.05,1.5,17.0,0,11,27
1253,52.118706,0.054560423,38,Slight,Fine No High Winds,Single Carriageway,54.21,1.55,14.0,1,4,33
2601,51.719482,-2.9902923,38,Slight,Fine No High Winds,Dual Carriageway,59.74,1.74,8.0,1,12,25
389,53.761898,-1.254898,38,Slight,Fine No High Winds,Single Carriageway,59.21,1.71,12.0,1,8,29
395,54.251915,-0.47958565,38,Slight,Fine No High Winds,Single Carriageway,35.53,1.26,17.0,1,5,32
427,53.934814,-1.1435002,38,Slight,Fine No High Winds,Single Carriageway,48.95,1.45,16.0,2,9,27
2134,50.297848,-5.146693,38,Slight,Fine No High Winds,Single Carriageway,57.63,1.71,12.0,0,5,33
431,54.309635,-1.8283888,38,Slight,Fine No High Winds,Single Carriageway,35.0,1.29,12.0,1,10,27
1153,52.540962,-0.9918173,38,Slight,Fine No High Winds,Single Carriageway,35.0,1.24,8.0,1,3,34
2042,50.930237,0.13336234,38,Slight,Fine No High Winds,Single Carriageway,40.26,1.5,18.0,1,8,29
1400,52.050255,1.2366344,38,Slight,Fine No High Winds,Single Carriageway,59.21,1.39,11.0,0,6,32
1145,52.625843,-1.3767669,38,Slight,Fine No High Winds,Single Carriageway,57.11,1.61,16.0,1,7,30
1408,52.222675,1.3417959,38,Slight,Fine No High Winds,Single Carriageway,29.74,1.18,10.0,0,7,31
1824,51.015102,-0.9099098,38,Slight,Fine No High Winds,Single Carriageway,54.74,1.47,9.0,1,10,27
42,54.25459,-3.1701717,38,Slight,Fine No High Winds,Single Carriageway,54.47,1.5,16.0,1,6,31
1848,51.268894,-0.32645455,38,Slight,Fine No High Winds,Dual Carriageway,47.89,1.26,0.0,0,6,32
1662,51.782692,-1.5526097,38,Slight,Fine No High Winds,Single Carriageway,55.53,1.71,7.0,4,11,23
1659,51.65831,-1.1745871,38,Slight,Fine No High Winds,Single Carriageway,47.11,1.21,7.0,2,11,25
2711,52.590675,-3.8510747,38,Slight,Fine No High Winds,Single Carriageway,34.21,1.18,11.0,0,12,26
166,53.504284,-2.0273774,38,Slight,Fine No High Winds,Single Carriageway,30.0,1.39,8.0,0,4,34
2693,51.718025,-4.96107,38,Slight,Fine No High Winds,Single Carriageway,54.47,2.34,17.0,0,5,33
1539,51.796703,0.72116387,38,Slight,Fine No High Winds,Single Carriageway,60.0,1.45,16.0,2,10,26
1966,51.353134,0.2535613,38,Slight,Fine No High Winds,Single Carriageway,44.47,1.55,18.0,0,11,27
2676,51.688248,-4.2766347,38,Slight,Fine No High Winds,Single Carriageway,36.05,1.5,15.0,1,7,30
2890,55.888195,-3.885223,38,Slight,Fine No High Winds,Single Carriageway,40.79,1.42,16.0,0,9,29
240,53.17331,-2.335947,38,Slight,Fine No High Winds,Single Carriageway,57.37,1.18,17.0,1,7,30
3358,51.597446,-3.268873,38,Slight,Fine No High Winds,Single Carriageway,31.58,1.29,13.0,2,2,34
1424,52.129303,-0.2142994,38,Slight,Fine No High Winds,Single Carriageway,31.05,1.29,19.0,0,8,30
2160,50.406525,-4.83333,38,Slight,Fine No High Winds,Single Carriageway,36.05,1.42,17.0,1,5,32
1334,52.535656,1.2609155,38,Slight,Fine No High Winds,Single Carriageway,40.0,1.71,16.0,1,7,30
1132,52.747738,-1.3022135,38,Slight,Fine No High Winds,Single Carriageway,58.95,2.08,15.0,0,9,29
3077,51.769447,0.15678197,38,Slight,Fine No High Winds,Dual Carriageway,64.21,1.42,14.0,0,4,34
1052,53.15206,0.054647315,38,Slight,Fine No High Winds,Single Carriageway,48.68,1.92,11.0,1,6,31
596,53.759193,-0.47604585,38,Slight,Fine No High Winds,Single Carriageway,57.63,1.37,15.0,3,5,30
573,53.485058,-0.9059212,38,Slight,Fine No High Winds,Single Carriageway,57.89,2.21,13.0,1,16,21
1140,52.45167,-1.2510546,38,Slight,Fine No High Winds,Roundabout,57.89,1.21,7.0,0,4,34
1139,52.73989,-1.1473405,38,Slight,Fine No High Winds,Roundabout,55.26,1.24,8.0,0,3,35
471,53.779026,-1.3476177,38,Slight,Fine No High Winds,Single Carriageway,54.21,1.24,15.0,0,9,29
1125,52.558704,-1.2277507,38,Slight,Fine No High Winds,Single Carriageway,50.79,1.66,17.0,1,9,28
2231,50.3803,-4.0028825,38,Slight,Fine No High Winds,Dual Carriageway,61.05,1.37,16.0,3,3,32
1451,52.022976,-0.40572548,37,Slight,Fine No High Winds,Single Carriageway,59.19,1.59,8.0,1,6,30
560,53.525795,-0.66956216,37,Slight,Fine No High Winds,Single Carriageway,51.89,1.65,8.0,1,10,26
2169,50.45722,-4.591325,37,Slight,Fine No High Winds,Single Carriageway,53.51,1.92,12.0,1,7,29
562,53.617054,-0.6261217,37,Slight,Fine No High Winds,Single Carriageway,58.65,1.51,10.0,0,6,31
2961,53.63843,-2.4984002,37,Slight,Fine No High Winds,Single Carriageway,47.03,1.59,14.0,1,13,23
1965,51.081066,0.41626108,37,Slight,Fine No High Winds,Single Carriageway,59.46,1.46,13.0,3,6,28
2487,50.829872,-1.8378078,37,Slight,Fine No High Winds,Dual Carriageway,48.65,1.57,14.0,0,4,33
243,53.258217,-2.019025,37,Slight,Fine No High Winds,Single Carriageway,50.54,1.35,15.0,0,13,24
1992,51.27961,1.32237,37,Slight,Fine No High Winds,Single Carriageway,56.49,1.59,11.0,0,3,34
3267,53.56207,-1.2173463,37,Slight,Fine No High Winds,Dual Carriageway,67.84,2.24,14.0,0,3,34
2517,50.738926,-2.380561,37,Slight,Fine No High Winds,Dual Carriageway,68.11,1.84,8.0,0,5,32
250,53.184227,-2.6430976,37,Slight,Fine No High Winds,Single Carriageway,51.89,1.35,12.0,1,9,27
1425,52.116917,-0.28719985,37,Slight,Fine No High Winds,Dual Carriageway,53.24,1.59,13.0,1,8,28
985,53.000557,-1.0622432,37,Slight,Fine No High Winds,Single Carriageway,34.05,1.16,9.0,0,5,32
277,55.13593,-1.6799935,37,Slight,Fine No High Winds,Dual Carriageway,63.51,1.76,7.0,1,9,27
2983,54.008373,-1.6007946,37,Slight,Fine No High Winds,Single Carriageway,60.0,1.78,16.0,0,10,27
1506,51.876904,0.4722435,37,Slight,Fine No High Winds,Single Carriageway,62.97,1.32,16.0,0,9,28
1604,51.690765,-0.69478023,37,Slight,Fine No High Winds,Single Carriageway,48.92,1.54,18.0,0,9,28
181,53.661266,-2.0850518,37,Slight,Fine No High Winds,Single Carriageway,31.89,1.54,7.0,1,11,25
748,52.258804,-1.9369885,37,Slight,Fine No High Winds,Single Carriageway,33.24,1.24,7.0,0,4,33
2,51.62736,0.2322721,37,Slight,Fine No High Winds,Dual Carriageway,64.05,1.35,17.0,1,6,30
33,54.198814,-2.5928206,37,Slight,Fine No High Winds,Single Carriageway,42.16,1.38,11.0,0,6,31
1828,51.209362,-0.54777205,37,Slight,Fine No High Winds,Single Carriageway,37.3,1.32,8.0,0,7,30
2854,56.148327,-3.9280853,37,Slight,Fine No High Winds,Single Carriageway,30.54,1.14,8.0,0,10,27
2412,51.769566,-2.2167106,37,Slight,Fine No High Winds,Single Carriageway,49.46,1.54,8.0,1,5,31
3242,55.4985,-4.5642004,37,Slight,Fine No High Winds,Single Carriageway,61.35,1.49,11.0,1,8,28
1719,51.424778,-0.6749192,37,Slight,Fine No High Winds,Single Carriageway,44.86,1.54,18.0,1,6,30
3200,51.189186,-2.1898818,37,Slight,Fine No High Winds,Single Carriageway,55.95,1.41,13.0,0,5,32
3092,51.62119,-1.1119777,37,Slight,Fine No High Winds,Single Carriageway,39.19,1.14,7.0,0,7,30
129,53.846874,-2.3919153,37,Slight,Fine No High Winds,Roundabout,57.3,1.46,8.0,1,7,29
606,53.983162,-0.50307983,37,Slight,Fine No High Winds,Single Carriageway,55.41,2.05,12.0,0,8,29
1653,51.630936,-1.1385458,37,Slight,Fine No High Winds,Single Carriageway,34.86,1.43,17.0,0,9,28
1904,51.36427,1.1958637,37,Slight,Fine No High Winds,Dual Carriageway,67.03,1.32,11.0,1,10,26
3233,56.042427,-3.7833421,37,Slight,Fine No High Winds,Dual Carriageway,64.86,1.41,18.0,3,5,29
2793,56.235657,-3.1538138,37,Slight,Fine No High Winds,Single Carriageway,60.54,1.3,14.0,1,5,31
2995,53.628445,-0.2650493,37,Slight,Fine No High Winds,Single Carriageway,48.65,1.57,6.0,0,10,27
1142,52.6624,-1.2275355,37,Slight,Fine No High Winds,Single Carriageway,41.62,1.08,7.0,0,5,32
2988,53.704086,-1.5557319,37,Slight,Fine No High Winds,Dual Carriageway,60.27,1.68,7.0,0,5,32
1383,52.324867,0.5113936,37,Slight,Fine No High Winds,Dual Carriageway,68.11,1.84,16.0,2,7,28
402,54.405796,-1.661511,37,Slight,Fine No High Winds,Dual Carriageway,62.43,1.92,12.0,0,11,26
3213,52.99481,-3.938849,37,Slight,Fine No High Winds,Single Carriageway,30.0,1.19,17.0,0,6,31
1092,53.27641,-0.40289733,37,Slight,Fine No High Winds,Single Carriageway,48.38,1.84,16.0,0,6,31
2093,50.90332,0.47718805,37,Slight,Fine No High Winds,Single Carriageway,58.38,1.3,8.0,1,8,28
3027,53.208992,-1.2889162,37,Slight,Fine No High Winds,Single Carriageway,58.38,1.41,7.0,0,3,34
889,53.189507,-1.6156242,37,Slight,Fine No High Winds,Single Carriageway,37.57,1.3,13.0,0,3,34
2596,51.61006,-3.2246518,37,Slight,Fine No High Winds,Single Carriageway,47.57,1.32,10.0,0,3,34
448,53.90113,-1.5100751,37,Slight,Fine No High Winds,Single Carriageway,41.08,1.57,12.0,1,5,31
396,54.20245,-0.31000945,37,Slight,Fine No High Winds,Single Carriageway,53.78,1.41,18.0,0,13,24
424,54.38519,-1.3193231,37,Slight,Fine No High Winds,Dual Carriageway,68.65,1.65,16.0,4,12,21
2086,51.089294,-0.3860822,37,Slight,Fine No High Winds,Single Carriageway,55.95,1.32,15.0,0,7,30
2475,51.5051,-1.8231558,37,Slight,Fine No High Winds,Single Carriageway,59.19,1.59,17.0,0,8,29
3288,53.223274,0.33152747,37,Slight,Fine No High Winds,Single Carriageway,31.35,1.16,8.0,0,3,34
443,54.18058,-1.3783014,37,Slight,Fine No High Winds,Single Carriageway,58.92,1.43,17.0,0,6,31
2869,55.75768,-4.3551803,37,Slight,Fine No High Winds,Roundabout,50.81,1.38,14.0,1,6,30
1149,52.549088,-1.2797848,37,Slight,Fine No High Winds,Single Carriageway,30.81,1.43,14.0,0,3,34
1147,52.672977,-0.5306754,37,Slight,Fine No High Winds,Dual Carriageway,61.89,1.65,8.0,2,10,25
2865,55.873383,-4.076923,37,Slight,Fine No High Winds,Single Carriageway,56.49,1.73,17.0,2,4,31
438,54.02041,-1.0454543,37,Slight,Fine No High Winds,Single Carriageway,48.92,1.51,17.0,0,7,30
366,54.284973,-1.3399084,37,Slight,Fine No High Winds,Dual Carriageway,67.03,1.81,9.0,1,10,26
683,52.780922,-1.9703621,37,Slight,Fine No High Winds,Roundabout,41.08,1.22,16.0,0,2,35
2553,53.273132,-3.3069074,37,Slight,Fine No High Winds,Dual Carriageway,62.97,1.57,14.0,1,7,29
2341,51.56819,-2.6579156,37,Slight,Fine No High Winds,Dual Carriageway,59.73,1.51,17.0,3,4,30
1354,52.626392,1.1965549,37,Slight,Fine No High Winds,Dual Carriageway,60.81,1.38,7.0,0,5,32
1362,52.29459,0.8362112,37,Slight,Fine No High Winds,Single Carriageway,53.51,1.46,16.0,0,4,33
864,52.981274,-1.4018748,37,Slight,Fine No High Winds,Single Carriageway,46.76,1.65,21.0,0,8,29
317,54.797478,-1.4964379,37,Slight,Fine No High Winds,Single Carriageway,44.59,1.51,16.0,0,2,35
1376,52.20999,0.7488714,37,Slight,Fine No High Winds,Single Carriageway,35.14,1.51,13.0,0,4,33
488,53.595665,-1.6974297,37,Slight,Fine No High Winds,Single Carriageway,31.35,1.62,17.0,0,5,32
1062,53.150295,-0.2195472,37,Slight,Fine No High Winds,Single Carriageway,32.43,1.27,14.0,0,3,34
850,52.508537,-1.6886517,37,Slight,Fine No High Winds,Single Carriageway,58.92,1.54,15.0,3,8,26
2541,53.18996,-3.1827145,37,Slight,Fine No High Winds,Single Carriageway,50.0,1.35,8.0,3,5,29
2738,57.36519,-2.0725636,36,Slight,Fine No High Winds,Single Carriageway,32.5,1.0,17.0,1,9,26
2637,51.400673,-3.3913875,36,Slight,Fine No High Winds,Single Carriageway,48.61,1.78,18.0,0,8,28
50,54.29472,-2.7620232,36,Slight,Fine No High Winds,Dual Carriageway,67.5,1.39,17.0,2,3,31
637,52.65693,-1.9515784,36,Slight,Fine No High Winds,Single Carriageway,38.33,1.31,16.0,1,4,31
3271,52.990482,-1.8972484,36,Slight,Fine No High Winds,Single Carriageway,53.33,2.11,18.0,0,2,34
2767,56.37174,-3.8415782,36,Slight,Fine No High Winds,Single Carriageway,30.0,1.11,16.0,0,9,27
521,53.587128,-1.2406678,36,Slight,Fine No High Winds,Single Carriageway,58.89,1.64,15.0,2,6,28
3249,53.698326,-2.839422,36,Slight,Fine No High Winds,Single Carriageway,29.72,1.28,15.0,0,11,25
2787,56.249157,-3.1495702,36,Slight,Fine No High Winds,Single Carriageway,46.39,1.42,12.0,2,6,28
399,54.24613,-1.0598469,36,Slight,Fine No High Winds,Single Carriageway,34.17,1.22,15.0,0,12,24
3371,53.942184,-2.7753935,36,Slight,Fine No High Winds,Single Carriageway,52.5,1.67,11.0,0,14,22
742,52.410023,-2.2513783,36,Slight,Fine No High Winds,Single Carriageway,35.0,1.28,8.0,1,3,32
244,53.024548,-2.478473,36,Slight,Fine No High Winds,Single Carriageway,58.33,1.28,8.0,0,6,30
751,52.3506,-1.9605329,36,Slight,Fine No High Winds,Single Carriageway,32.5,1.08,15.0,0,6,30
2558,53.180653,-4.0636883,36,Slight,Fine No High Winds,Single Carriageway,31.11,1.28,18.0,0,7,29
710,52.88673,-1.9052917,36,Slight,Fine No High Winds,Single Carriageway,60.0,1.47,8.0,2,5,29
2691,51.729473,-5.0177083,36,Slight,Fine No High Winds,Single Carriageway,42.78,1.69,16.0,0,5,31
291,54.954475,-1.7818391,36,Slight,Fine No High Winds,Single Carriageway,32.22,1.31,15.0,1,2,33
2688,52.44076,-4.028407,36,Slight,Fine No High Winds,Single Carriageway,37.5,1.53,9.0,1,3,32
3240,55.470425,-4.2942085,36,Slight,Fine No High Winds,Single Carriageway,30.0,1.11,13.0,0,8,28
3390,53.20872,-1.4787979,36,Slight,Fine No High Winds,Single Carriageway,56.67,1.42,16.0,1,5,30
3349,50.928696,-2.3028803,36,Slight,Fine No High Winds,Single Carriageway,30.0,1.06,11.0,1,5,30
3119,51.347225,-0.62656146,36,Slight,Fine No High Winds,Single Carriageway,40.28,1.58,8.0,0,9,27
1490,51.96055,-0.39698553,36,Slight,Fine No High Winds,Single Carriageway,51.94,1.56,7.0,0,6,30
1602,51.641678,-0.8335707,36,Slight,Fine No High Winds,Single Carriageway,58.06,1.44,16.0,1,6,29
1053,53.11223,-0.1553173,36,Slight,Fine No High Winds,Single Carriageway,45.56,1.33,13.0,0,7,29
1697,51.508194,-1.5306416,36,Slight,Fine No High Winds,Single Carriageway,33.61,1.22,21.0,1,8,27
3024,53.104965,-1.6074977,36,Serious,Fine No High Winds,Single Carriageway,52.5,1.28,15.0,1,20,15
1693,52.130764,-0.82327306,36,Slight,Fine No High Winds,Dual Carriageway,69.17,1.47,13.0,2,4,30
1686,52.022293,-1.3109496,36,Slight,Fine No High Winds,Single Carriageway,33.61,1.47,7.0,0,2,34
2235,50.35186,-3.9268782,36,Slight,Fine No High Winds,Single Carriageway,52.78,1.69,9.0,0,6,30
880,53.27978,-1.8897506,36,Slight,Fine No High Winds,Single Carriageway,48.89,1.67,13.0,0,7,29
2076,51.014267,-0.34551433,36,Slight,Fine No High Winds,Dual Carriageway,58.61,1.14,12.0,1,8,27
1888,51.408714,0.82213926,36,Slight,Fine No High Winds,Single Carriageway,46.39,1.42,8.0,0,4,32
2932,55.62131,-4.469997,36,Slight,Fine No High Winds,Single Carriageway,46.11,1.28,15.0,2,4,30
2936,55.490067,-4.531231,36,Slight,Fine No High Winds,Single Carriageway,39.72,1.17,8.0,0,8,28
1353,52.690163,1.21974,36,Slight,Fine No High Winds,Single Carriageway,44.72,1.25,8.0,0,4,32
3081,51.723766,0.18221791,36,Slight,Fine No High Winds,Single Carriageway,44.17,1.58,9.0,1,6,29
1029,52.75947,-0.1583515,36,Slight,Fine No High Winds,Single Carriageway,58.33,1.44,8.0,0,2,34
1357,52.37339,0.5151035,36,Slight,Fine No High Winds,Single Carriageway,60.0,1.53,16.0,0,7,29
2250,50.432655,-3.8017752,36,Slight,Fine No High Winds,Dual Carriageway,62.5,1.42,9.0,0,6,30
2984,53.963207,-1.5006803,36,Slight,Fine No High Winds,Single Carriageway,58.33,1.89,17.0,0,13,23
2311,51.41474,-2.3939388,36,Slight,Fine No High Winds,Single Carriageway,50.56,1.58,16.0,2,1,33
2022,50.90837,0.24868022,36,Slight,Fine No High Winds,Single Carriageway,58.33,1.5,6.0,1,8,27
2309,51.37427,-2.3280349,36,Slight,Fine No High Winds,Single Carriageway,32.22,1.25,13.0,0,5,31
1998,51.36251,1.3240117,36,Slight,Fine No High Winds,Single Carriageway,54.44,1.28,18.0,0,1,35
3108,51.3471,-0.9683964,36,Slight,Fine No High Winds,Single Carriageway,53.61,1.33,17.0,0,10,26
972,52.885582,-1.200122,36,Slight,Fine No High Winds,Single Carriageway,59.17,1.47,17.0,2,8,26
1007,52.87631,-0.6326363,36,Slight,Fine No High Winds,Dual Carriageway,65.28,1.72,18.0,2,2,32
2346,51.1252,-2.8025846,36,Slight,Fine No High Winds,Single Carriageway,30.56,1.44,15.0,0,7,29
2338,50.91285,-2.625343,36,Slight,Fine No High Winds,Single Carriageway,58.33,1.72,12.0,0,2,34
2957,53.966034,-2.7772255,36,Slight,Fine No High Winds,Single Carriageway,55.56,1.39,15.0,0,12,24
1723,51.50092,-0.76275975,36,Slight,Fine No High Winds,Single Carriageway,31.11,1.44,9.0,0,3,33
3184,51.11086,-2.9515214,36,Slight,Fine No High Winds,Single Carriageway,60.0,1.56,7.0,2,6,28
1065,53.434677,-0.067140274,36,Slight,Fine No High Winds,Single Carriageway,60.0,1.31,10.0,1,8,27
1836,51.276188,-0.43325067,36,Slight,Fine No High Winds,Single Carriageway,30.28,1.25,8.0,0,4,32
1760,50.863266,-1.4527678,36,Slight,Fine No High Winds,Single Carriageway,40.28,1.53,15.0,1,13,22
2373,51.339264,-2.7845156,36,Slight,Fine No High Winds,Single Carriageway,39.17,1.69,18.0,1,6,29
1745,50.78209,-1.5126781,36,Slight,Fine No High Winds,Single Carriageway,40.0,1.5,10.0,0,11,25
1814,51.191895,-1.6708391,36,Slight,Fine No High Winds,Single Carriageway,62.22,1.39,17.0,1,7,28
3053,52.040882,-1.1356816,36,Slight,Fine No High Winds,Roundabout,67.5,1.14,15.0,0,12,24
1070,53.2976,-0.4630952,36,Slight,Fine No High Winds,Single Carriageway,55.0,1.47,16.0,0,11,25
2864,55.927074,-4.373905,36,Slight,Fine No High Winds,Single Carriageway,54.17,1.44,17.0,1,5,30
833,52.545025,-1.444649,36,Slight,Fine No High Winds,Single Carriageway,48.06,1.39,16.0,2,10,24
776,52.458694,-2.834685,36,Slight,Fine No High Winds,Single Carriageway,59.44,1.78,11.0,2,6,28
1715,51.378166,-0.85643345,36,Slight,Fine No High Winds,Single Carriageway,31.67,1.19,12.0,0,8,28
2221,50.86091,-3.1130517,36,Slight,Fine No High Winds,Single Carriageway,52.5,1.83,10.0,2,2,32
2151,50.56196,-4.5672975,35,Slight,Fine No High Winds,Dual Carriageway,65.14,1.4,13.0,1,5,29
1017,52.738804,0.14787866,35,Slight,Fine No High Winds,Single Carriageway,49.43,1.34,17.0,1,5,29
1420,52.23228,-0.5280243,35,Slight,Fine No High Winds,Single Carriageway,59.14,1.57,8.0,0,9,26
3357,53.107548,-2.9544919,35,Slight,Fine No High Winds,Single Carriageway,51.14,1.4,7.0,3,4,28
1478,51.769333,-0.52584887,35,Slight,Fine No High Winds,Single Carriageway,32.57,1.6,12.0,1,9,25
1172,52.1709,-0.89981335,35,Slight,Fine No High Winds,Single Carriageway,55.71,1.57,14.0,2,10,23
1015,52.983204,-0.2803574,35,Slight,Fine No High Winds,Single Carriageway,60.29,1.54,8.0,0,9,26
1467,51.739468,-0.12148186,35,Slight,Fine No High Winds,Single Carriageway,56.86,1.71,16.0,0,2,33
2673,52.036804,-4.466004,35,Slight,Fine No High Winds,Single Carriageway,29.43,1.23,15.0,0,4,31
1988,51.326355,0.98865837,35,Slight,Fine No High Winds,Dual Carriageway,65.43,1.63,18.0,2,6,27
2499,50.85144,-1.8836225,35,Slight,Fine No High Winds,Single Carriageway,35.14,1.71,17.0,1,6,28
432,54.498913,-1.6269451,35,Slight,Fine No High Winds,Dual Carriageway,69.43,1.26,17.0,1,6,28
608,53.687824,-0.96055496,35,Slight,Fine No High Winds,Dual Carriageway,61.43,1.63,7.0,1,1,33
506,53.820724,-1.8584445,35,Slight,Fine No High Winds,Single Carriageway,32.57,1.37,19.0,0,7,28
1018,52.867287,-0.15747714,35,Slight,Fine No High Winds,Single Carriageway,40.29,1.29,9.0,0,3,32
2239,50.52363,-4.1257844,35,Slight,Fine No High Winds,Single Carriageway,53.43,1.74,10.0,0,5,30
3033,52.88489,-1.2188575,35,Slight,Fine No High Winds,Single Carriageway,59.71,1.77,10.0,1,9,25
1287,52.656994,0.026082572,35,Slight,Fine No High Winds,Single Carriageway,38.0,1.94,16.0,1,9,25
989,52.800846,-0.3791261,35,Slight,Fine No High Winds,Single Carriageway,44.29,1.29,18.0,1,4,30
398,54.453304,-1.7034625,35,Slight,Fine No High Winds,Dual Carriageway,66.57,1.97,10.0,1,11,23
1081,53.291965,-0.5721102,35,Slight,Fine No High Winds,Single Carriageway,56.29,1.8,10.0,1,10,24
1084,53.168934,-0.6421978,35,Slight,Fine No High Winds,Dual Carriageway,64.0,1.54,8.0,2,6,27
556,53.591984,-0.20915745,35,Slight,Fine No High Winds,Single Carriageway,56.57,1.54,13.0,0,7,28
1019,53.012486,0.004195657,35,Slight,Fine No High Winds,Single Carriageway,60.0,1.74,13.0,3,5,27
3011,52.42415,-2.214242,35,Slight,Fine No High Winds,Single Carriageway,56.86,1.63,12.0,3,9,23
1033,52.8033,-0.09615472,35,Slight,Fine No High Winds,Single Carriageway,48.57,1.46,22.0,0,4,31
404,53.809002,-1.0388328,35,Slight,Fine No High Winds,Single Carriageway,51.43,1.46,8.0,2,6,27
2047,50.84688,0.3770463,35,Slight,Fine No High Winds,Single Carriageway,60.0,2.0,14.0,3,11,21
415,53.956726,-2.0896807,35,Slight,Fine No High Winds,Single Carriageway,58.86,1.31,17.0,1,4,30
419,53.993416,-1.7451376,35,Slight,Fine No High Winds,Single Carriageway,60.0,1.6,13.0,1,9,25
406,53.907417,-1.5254507,35,Slight,Fine No High Winds,Single Carriageway,54.57,1.37,10.0,1,2,32
2906,55.757946,-4.2310305,35,Slight,Fine No High Winds,Single Carriageway,37.14,1.11,16.0,0,2,33
1143,52.619625,-0.9223747,35,Slight,Fine No High Winds,Single Carriageway,55.43,1.34,10.0,1,8,26
3155,50.89676,0.076627515,35,Slight,Fine No High Winds,Single Carriageway,44.29,1.97,8.0,0,8,27
1573,51.652946,0.11948669,35,Slight,Fine No High Winds,Single Carriageway,44.29,1.11,13.0,0,8,27
2369,51.271397,-2.2857912,35,Slight,Fine No High Winds,Single Carriageway,58.86,1.34,10.0,2,5,28
169,53.601704,-2.5925844,35,Slight,Fine No High Winds,Single Carriageway,53.14,1.57,16.0,0,8,27
57,54.579872,-2.4902039,35,Slight,Fine No High Winds,Single Carriageway,32.29,1.23,16.0,0,8,27
672,52.827087,-2.0665972,35,Slight,Fine No High Winds,Single Carriageway,59.71,1.6,10.0,2,7,26
2704,52.745705,-3.0921931,35,Slight,Fine No High Winds,Single Carriageway,60.0,1.54,17.0,2,4,29
1711,51.389393,-0.97557807,35,Slight,Fine No High Winds,Single Carriageway,40.57,1.49,11.0,2,8,25
1895,51.307125,0.61023754,35,Slight,Fine No High Winds,Dual Carriageway,65.43,1.49,8.0,1,6,28
1558,51.88067,0.99512154,35,Slight,Fine No High Winds,Single Carriageway,38.86,1.31,17.0,0,11,24
1664,51.55525,-1.2989353,35,Slight,Fine No High Winds,Dual Carriageway,70.0,1.51,10.0,0,6,29
722,52.063797,-2.2175992,35,Slight,Fine No High Winds,Single Carriageway,32.86,1.14,15.0,0,4,31
3168,50.38372,-4.88166,35,Slight,Fine No High Winds,Single Carriageway,41.14,1.37,8.0,0,2,33
1674,52.039955,-1.3618519,35,Slight,Fine No High Winds,Single Carriageway,56.0,1.66,16.0,1,10,24
2348,50.908394,-2.7416234,35,Slight,Fine No High Winds,Single Carriageway,60.0,1.46,8.0,2,7,26
1870,51.15484,-0.68679166,35,Slight,Fine No High Winds,Dual Carriageway,65.43,1.69,8.0,2,2,31
2444,51.10182,-2.185,35,Slight,Fine No High Winds,Single Carriageway,60.29,1.77,11.0,3,11,21
662,53.075363,-2.136211,35,Slight,Fine No High Winds,Single Carriageway,36.29,1.34,16.0,0,2,33
2697,51.798748,-4.7416935,35,Slight,Fine No High Winds,Single Carriageway,31.14,1.37,15.0,0,7,28
3396,52.17534,-0.8768634,35,Slight,Fine No High Winds,Dual Carriageway,68.57,2.09,11.0,2,9,24
39,54.54116,-3.494047,35,Slight,Fine No High Winds,Single Carriageway,30.57,1.29,15.0,0,8,27
2895,55.901505,-4.138738,35,Slight,Fine No High Winds,Dual Carriageway,58.29,1.29,14.0,0,6,29
630,54.4961,-1.3436935,35,Slight,Fine No High Winds,Single Carriageway,42.29,1.66,8.0,0,6,29
2398,51.638348,-2.3544552,35,Slight,Fine No High Winds,Single Carriageway,33.43,1.11,9.0,0,4,31
29,54.690002,-3.518876,35,Slight,Fine No High Winds,Single Carriageway,31.14,1.46,17.0,1,5,29
1545,51.856785,1.1647203,35,Slight,Fine No High Winds,Single Carriageway,32.57,1.34,8.0,0,7,28
3128,51.419895,0.43432912,35,Slight,Fine No High Winds,Single Carriageway,45.71,1.6,13.0,1,1,33
2823,55.908062,-3.3692873,35,Slight,Fine No High Winds,Single Carriageway,52.0,1.46,17.0,0,4,31
2300,51.52522,-2.4722664,35,Slight,Fine No High Winds,Single Carriageway,30.0,1.26,11.0,0,7,28
2304,51.26236,-2.2770312,35,Slight,Fine No High Winds,Roundabout,60.86,1.23,12.0,0,3,32
34,54.24727,-3.0423124,34,Slight,Fine No High Winds,Single Carriageway,60.0,1.71,8.0,0,8,26
1200,52.244686,-1.0576767,34,Slight,Fine No High Winds,Dual Carriageway,67.35,1.47,17.0,2,5,27
1758,51.34216,-0.9488293,34,Slight,Fine No High Winds,Single Carriageway,47.06,1.56,8.0,0,7,27
1798,51.18444,-0.9885164,34,Slight,Fine No High Winds,Single Carriageway,52.94,1.38,13.0,1,5,28
1177,52.141945,-0.9054134,34,Slight,Fine No High Winds,Single Carriageway,52.94,1.5,12.0,3,5,26
1813,51.11386,-1.0379672,34,Slight,Fine No High Winds,Single Carriageway,36.18,1.59,17.0,0,9,25
3581,50.73244,-2.4568722,34,Slight,Fine No High Winds,Single Carriageway,40.59,1.32,16.0,0,7,27
4,51.616417,0.18338689,34,Slight,Fine No High Winds,Single Carriageway,30.0,1.29,16.0,0,6,28
3052,52.495358,-0.6514723,34,Slight,Fine No High Winds,Dual Carriageway,47.06,1.38,8.0,0,6,28
1865,51.296688,-0.015386029,34,Slight,Fine No High Winds,Single Carriageway,53.53,1.41,8.0,1,2,31
1709,51.398094,-0.8764979,34,Slight,Fine No High Winds,Single Carriageway,36.18,1.32,10.0,1,4,29
1232,52.47472,-0.097090855,34,Slight,Fine No High Winds,Single Carriageway,59.71,1.47,16.0,0,3,31
1718,51.48219,-1.5553576,34,Slight,Fine No High Winds,Dual Carriageway,65.29,1.85,6.0,3,9,22
379,53.992767,-1.7921419,34,Slight,Fine No High Winds,Single Carriageway,60.0,1.47,17.0,1,7,26
2112,50.204723,-5.2403817,34,Slight,Fine No High Winds,Single Carriageway,43.24,1.38,17.0,0,5,29
134,53.722614,-2.3689315,34,Slight,Fine No High Winds,Single Carriageway,50.88,1.56,22.0,2,8,24
1250,52.49934,0.1286843,34,Slight,Fine No High Winds,Single Carriageway,59.12,1.65,17.0,0,7,27
1413,52.454304,1.6544365,34,Slight,Fine No High Winds,Single Carriageway,51.18,1.91,15.0,1,3,30
1513,51.846638,0.62507415,34,Slight,Fine No High Winds,Single Carriageway,30.88,1.32,17.0,0,8,26
1943,51.183495,1.3756992,34,Slight,Fine No High Winds,Single Carriageway,41.76,1.68,8.0,2,2,30
2946,55.121372,-3.3569577,34,Slight,Fine No High Winds,Single Carriageway,36.18,1.12,17.0,2,8,24
2960,53.735798,-2.6200376,34,Slight,Fine No High Winds,Single Carriageway,33.24,1.44,12.0,0,7,27
1462,51.884464,0.090467796,34,Slight,Fine No High Winds,Single Carriageway,33.53,1.41,8.0,0,5,29
1982,51.34795,1.3643571,34,Slight,Fine No High Winds,Single Carriageway,38.82,1.59,15.0,0,2,32
239,53.250072,-2.008928,34,Slight,Fine No High Winds,Single Carriageway,52.94,1.53,17.0,2,12,20
2662,51.708355,-3.864332,34,Slight,Fine No High Winds,Single Carriageway,33.53,1.18,13.0,1,2,31
1985,51.205727,1.2997241,34,Slight,Fine No High Winds,Roundabout,63.53,1.44,14.0,1,4,29
1931,51.349087,1.3460298,34,Slight,Fine No High Winds,Single Carriageway,40.59,1.44,20.0,1,5,28
2980,54.1868,-0.29611865,34,Slight,Fine No High Winds,Single Carriageway,58.24,2.06,12.0,0,10,24
86,53.91519,-2.9458191,34,Slight,Fine No High Winds,Single Carriageway,56.76,1.41,16.0,2,11,21
281,54.907276,-1.6008662,34,Slight,Fine No High Winds,Single Carriageway,51.47,1.79,18.0,2,10,22
2940,54.95752,-4.4843545,34,Slight,Fine No High Winds,Single Carriageway,32.65,1.26,16.0,0,3,31
2705,52.44878,-3.537384,34,Slight,Fine No High Winds,Single Carriageway,37.06,1.47,15.0,1,7,26
3411,51.31808,-1.1206579,34,Slight,Fine No High Winds,Single Carriageway,52.06,1.44,13.0,1,7,26
315,54.699734,-1.4315909,34,Slight,Fine No High Winds,Single Carriageway,32.06,1.35,15.0,0,1,33
2675,51.869633,-4.283947,34,Slight,Fine No High Winds,Single Carriageway,35.88,1.24,17.0,0,5,29
1322,52.601246,1.1933584,34,Slight,Fine No High Winds,Single Carriageway,42.65,1.41,17.0,1,6,27
2729,57.47204,-4.152636,34,Slight,Fine No High Winds,Single Carriageway,37.06,1.26,15.0,0,7,27
2087,51.02659,-0.73242414,34,Slight,Fine No High Winds,Single Carriageway,54.71,1.76,13.0,3,13,18
2605,51.581,-2.783235,34,Slight,Fine No High Winds,Dual Carriageway,53.53,1.56,18.0,1,2,31
2168,50.432526,-4.4365215,34,Slight,Fine No High Winds,Dual Carriageway,65.88,2.03,11.0,2,11,21
2829,55.88941,-3.44552,34,Slight,Fine No High Winds,Single Carriageway,48.24,1.26,15.0,1,10,23
2386,51.17909,-3.328731,34,Slight,Fine No High Winds,Single Carriageway,30.88,1.41,14.0,0,6,28
2219,50.81427,-3.1660993,34,Slight,Fine No High Winds,Single Carriageway,48.24,1.91,13.0,0,5,29
2347,51.52655,-2.344898,34,Slight,Fine No High Winds,Single Carriageway,45.88,1.35,17.0,4,3,27
3217,51.82878,-4.287535,34,Slight,Fine No High Winds,Single Carriageway,41.18,1.82,16.0,0,5,29
2423,51.94113,-2.0240521,34,Slight,Fine No High Winds,Single Carriageway,46.47,1.5,19.0,1,4,29
840,52.40976,-1.3612306,34,Slight,Fine No High Winds,Single Carriageway,43.53,1.32,10.0,0,6,28
2363,51.17366,-3.4195204,34,Slight,Fine No High Winds,Single Carriageway,31.76,1.59,17.0,1,2,31
3076,51.644512,0.20682745,34,Slight,Fine No High Winds,Dual Carriageway,69.12,1.41,18.0,0,3,31
2375,50.84696,-2.9581969,34,Slight,Fine No High Winds,Single Carriageway,56.18,1.68,17.0,0,7,27
2367,51.28923,-2.8309662,34,Slight,Fine No High Winds,Single Carriageway,48.24,1.41,10.0,0,7,27
2264,50.446236,-3.7093654,34,Slight,Fine No High Winds,Single Carriageway,36.76,1.21,15.0,0,4,30
3079,51.580696,0.6810565,34,Slight,Fine No High Winds,Single Carriageway,42.06,1.53,8.0,0,6,28
2810,55.78634,-3.2207668,34,Slight,Fine No High Winds,Single Carriageway,54.71,1.62,17.0,3,4,27
2233,50.351337,-4.0348716,34,Slight,Fine No High Winds,Single Carriageway,42.35,1.26,17.0,0,4,30
734,52.271748,-2.226126,34,Slight,Fine No High Winds,Single Carriageway,46.76,1.32,8.0,0,5,29
2853,56.187065,-3.9642735,34,Slight,Fine No High Winds,Single Carriageway,30.59,1.12,15.0,0,7,27
2449,51.299026,-2.0085006,34,Slight,Fine No High Winds,Single Carriageway,57.06,1.44,10.0,1,5,28
729,52.09103,-1.8998467,34,Slight,Fine No High Winds,Single Carriageway,33.53,1.32,16.0,1,6,27
691,52.787766,-2.0173118,34,Slight,Fine No High Winds,Single Carriageway,58.82,1.38,16.0,2,5,27
882,53.13917,-1.7527082,34,Slight,Fine No High Winds,Single Carriageway,53.82,1.71,14.0,4,5,25
987,52.815304,-0.62096053,34,Slight,Fine No High Winds,Dual Carriageway,67.06,1.56,16.0,2,8,24
3107,51.07369,-0.8734467,34,Slight,Fine No High Winds,Dual Carriageway,68.24,1.32,7.0,1,12,21
1106,52.51027,-1.0762683,34,Slight,Fine No High Winds,Single Carriageway,59.12,1.53,9.0,1,7,26
904,53.238678,-1.5403609,34,Slight,Fine No High Winds,Single Carriageway,55.88,1.56,12.0,0,4,30
1111,52.68766,-1.3522785,34,Slight,Fine No High Winds,Single Carriageway,42.35,1.29,9.0,2,3,29
3134,51.091827,0.39544407,34,Slight,Fine No High Winds,Single Carriageway,54.71,1.44,17.0,1,1,32
3153,50.768673,-0.8702513,34,Slight,Fine No High Winds,Single Carriageway,30.29,1.12,15.0,1,8,25
1020,52.74319,-0.36868975,34,Slight,Fine No High Winds,Single Carriageway,52.06,1.59,8.0,1,8,25
632,54.472263,-1.3249297,34,Slight,Fine No High Winds,Single Carriageway,62.94,1.59,8.0,1,8,25
2414,51.80189,-2.567072,34,Slight,Fine No High Winds,Single Carriageway,58.82,1.71,17.0,1,6,27
2987,53.61487,-1.2575394,33,Slight,Fine No High Winds,Single Carriageway,41.52,1.67,13.0,0,9,24
2986,53.649628,-1.6016759,33,Slight,Fine No High Winds,Single Carriageway,30.3,1.33,8.0,0,8,25
3243,55.44579,-4.5187955,33,Slight,Fine No High Winds,Single Carriageway,36.36,1.24,15.0,0,5,28
3355,53.15267,-3.1135612,33,Slight,Fine No High Winds,Single Carriageway,60.3,1.73,17.0,2,4,27
1680,51.573032,-0.9854912,33,Slight,Fine No High Winds,Single Carriageway,53.64,1.39,10.0,3,4,26
286,55.180447,-1.6692079,33,Slight,Fine No High Winds,Single Carriageway,56.36,1.91,15.0,1,3,29
1409,52.179337,1.5389149,33,Slight,Fine No High Winds,Single Carriageway,60.0,1.7,18.0,0,4,29
273,54.974693,-2.0175161,33,Slight,Fine No High Winds,Single Carriageway,31.82,1.18,12.0,0,4,29
2647,51.515957,-3.400613,33,Slight,Fine No High Winds,Single Carriageway,49.7,1.79,16.0,1,5,27
284,54.993565,-1.7340313,33,Slight,Fine No High Winds,Single Carriageway,39.7,1.42,8.0,0,4,29
1024,52.930065,-0.72958094,33,Slight,Fine No High Winds,Single Carriageway,56.67,1.64,8.0,1,4,28
3158,51.025284,-0.3511628,33,Slight,Fine No High Winds,Single Carriageway,30.3,1.27,14.0,0,5,28
2509,50.748417,-2.5129194,33,Slight,Fine No High Winds,Single Carriageway,46.67,1.61,16.0,0,4,29
2266,50.39522,-3.8756797,33,Slight,Fine No High Winds,Dual Carriageway,57.88,1.52,7.0,0,7,26
451,53.88143,-1.357645,33,Slight,Fine No High Winds,Single Carriageway,54.55,1.61,16.0,1,10,22
2661,51.712334,-3.6971743,33,Slight,Fine No High Winds,Single Carriageway,42.12,1.45,23.0,1,7,25
689,52.942863,-2.1723497,33,Slight,Fine No High Winds,Single Carriageway,33.33,1.3,16.0,0,4,29
137,53.935062,-2.2618232,33,Slight,Fine No High Winds,Single Carriageway,40.0,1.27,12.0,0,9,24
937,53.09169,-0.8461317,33,Slight,Fine No High Winds,Single Carriageway,35.76,1.36,18.0,0,9,24
163,53.498627,-2.124057,33,Slight,Fine No High Winds,Dual Carriageway,53.03,1.48,10.0,0,2,31
2291,51.28417,-2.3002436,33,Slight,Fine No High Winds,Single Carriageway,55.45,1.48,12.0,0,4,29
1520,51.60153,0.44676554,33,Slight,Fine No High Winds,Single Carriageway,53.33,1.3,16.0,0,4,29
2685,52.31798,-4.1312675,33,Slight,Fine No High Winds,Single Carriageway,59.09,1.76,17.0,1,7,25
199,53.08455,-2.3830068,33,Slight,Fine No High Winds,Single Carriageway,59.09,1.52,18.0,1,8,24
1954,51.128925,1.0479175,33,Slight,Fine No High Winds,Single Carriageway,55.76,1.27,8.0,0,3,30
2794,56.194637,-3.1978962,33,Slight,Fine No High Winds,Single Carriageway,28.48,1.18,17.0,0,9,24
1959,51.342144,1.0628157,33,Slight,Fine No High Winds,Single Carriageway,53.33,1.48,7.0,1,3,29
1479,51.78227,-0.49562103,33,Slight,Fine No High Winds,Single Carriageway,41.82,1.27,16.0,0,2,31
1003,52.99636,-0.36554462,33,Slight,Fine No High Winds,Single Carriageway,61.82,1.48,7.0,2,4,27
3231,56.001232,-2.5166082,33,Slight,Fine No High Winds,Single Carriageway,30.91,1.03,9.0,0,8,25
215,53.35084,-2.1432023,33,Slight,Fine No High Winds,Single Carriageway,31.21,1.18,17.0,1,5,27
1128,52.493217,-1.304973,33,Slight,Fine No High Winds,Dual Carriageway,68.18,1.42,7.0,4,6,23
1622,51.84317,-1.1493895,33,Slight,Fine No High Winds,Dual Carriageway,70.0,1.45,16.0,2,4,27
605,53.864483,-0.3725365,33,Slight,Fine No High Winds,Single Carriageway,54.24,1.33,17.0,2,9,22
2496,50.720734,-2.0827675,33,Slight,Fine No High Winds,Single Carriageway,53.64,1.21,16.0,0,4,29
2717,57.679955,-4.2973886,33,Slight,Fine No High Winds,Single Carriageway,59.39,1.79,22.0,0,5,28
1691,51.87897,-1.1232566,33,Slight,Fine No High Winds,Single Carriageway,58.79,1.58,8.0,0,6,27
3096,51.43074,-0.7050386,33,Slight,Fine No High Winds,Single Carriageway,32.42,1.33,17.0,0,0,33
1627,51.57258,-0.62124664,33,Slight,Fine No High Winds,Single Carriageway,52.12,1.52,8.0,2,6,25
107,53.616333,-2.9668124,33,Slight,Fine No High Winds,Single Carriageway,58.18,1.61,14.0,0,7,26
1025,52.80939,0.039985698,33,Slight,Fine No High Winds,Single Carriageway,59.09,1.61,16.0,0,5,28
2997,53.778965,-0.2304219,33,Slight,Fine No High Winds,Single Carriageway,34.55,1.58,16.0,1,7,25
382,53.968197,-1.9790455,33,Slight,Fine No High Winds,Single Carriageway,59.09,1.76,12.0,1,4,28
480,53.655487,-1.3327274,33,Slight,Fine No High Winds,Single Carriageway,34.24,1.42,10.0,0,4,29
3270,52.67,-2.1312435,33,Slight,Fine No High Winds,Dual Carriageway,63.03,1.45,15.0,0,3,30
1051,53.296577,0.03108206,33,Slight,Fine No High Winds,Single Carriageway,52.12,1.52,7.0,0,7,26
6,51.357155,0.12441745,33,Slight,Fine No High Winds,Single Carriageway,31.21,1.64,17.0,1,4,28
20,54.77117,-2.5528984,33,Slight,Fine No High Winds,Single Carriageway,60.0,1.15,14.0,0,14,19
736,52.345222,-2.228573,33,Slight,Fine No High Winds,Single Carriageway,48.18,1.36,14.0,0,7,26
30,54.163868,-3.1906629,33,Slight,Fine No High Winds,Single Carriageway,59.09,1.48,8.0,0,2,31
3289,52.634617,-1.3433342,33,Slight,Fine No High Winds,Single Carriageway,45.15,1.7,13.0,1,4,28
3078,51.803726,0.17872207,33,Slight,Fine No High Winds,Dual Carriageway,56.06,1.48,14.0,2,8,23
2147,50.459072,-4.9226046,33,Slight,Fine No High Winds,Single Carriageway,59.7,1.36,8.0,1,2,30
1173,52.396515,-1.031908,33,Slight,Fine No High Winds,Dual Carriageway,62.73,1.3,10.0,0,5,28
403,54.36865,-1.3227602,33,Slight,Fine No High Winds,Dual Carriageway,64.55,1.55,17.0,1,4,28
3279,53.082165,-1.5743408,33,Slight,Fine No High Winds,Single Carriageway,33.64,1.24,15.0,1,7,25
1089,53.25714,-0.7523671,33,Slight,Fine No High Winds,Single Carriageway,58.18,1.97,9.0,1,7,25
3324,51.16096,-0.50703824,33,Slight,Fine No High Winds,Single Carriageway,39.7,1.55,14.0,0,4,29
1124,52.57245,-1.0374086,33,Slight,Fine No High Winds,Single Carriageway,45.76,1.06,8.0,1,2,30
350,54.8072,-1.659808,33,Slight,Fine No High Winds,Single Carriageway,60.0,1.52,10.0,0,5,28
1338,52.841423,0.8365755,33,Slight,Fine No High Winds,Single Carriageway,56.36,1.82,16.0,1,4,28
296,55.06313,-1.550336,33,Slight,Fine No High Winds,Single Carriageway,32.73,1.36,14.0,0,4,29
2180,50.431202,-4.257604,33,Slight,Fine No High Winds,Single Carriageway,50.61,1.61,10.0,0,3,30
1352,52.75461,1.2592934,33,Slight,Fine No High Winds,Single Carriageway,51.21,1.61,11.0,5,5,23
3335,50.24149,-5.1819487,33,Slight,Fine No High Winds,Single Carriageway,38.48,1.3,9.0,0,6,27
2442,51.12797,-1.8563335,33,Slight,Fine No High Winds,Single Carriageway,60.0,1.52,8.0,0,7,26
3091,51.877064,-1.0955558,33,Slight,Fine No High Winds,Single Carriageway,52.12,1.52,16.0,0,8,25
3066,51.940784,-0.51740515,33,Slight,Fine No High Winds,Single Carriageway,57.27,1.3,7.0,0,3,30
1134,52.73388,-1.4148918,33,Slight,Fine No High Winds,Single Carriageway,51.82,1.45,18.0,1,5,27
3258,54.81939,-1.4823489,33,Slight,Fine No High Winds,Single Carriageway,53.33,1.48,12.0,1,5,27
1313,52.89587,0.50085545,33,Slight,Fine No High Winds,Single Carriageway,55.76,1.94,11.0,2,7,24
2331,51.067608,-3.1981285,32,Slight,Fine No High Winds,Single Carriageway,52.5,1.62,18.0,0,4,28
779,52.504818,-2.8230288,32,Slight,Fine No High Winds,Single Carriageway,58.12,1.41,9.0,0,6,26
1601,51.863792,-0.8921358,32,Slight,Fine No High Winds,Single Carriageway,60.0,1.25,7.0,2,4,26
1811,51.327084,-1.2390417,32,Slight,Fine No High Winds,Single Carriageway,47.19,1.5,10.0,0,8,24
1812,51.175163,-0.9182943,32,Slight,Fine No High Winds,Dual Carriageway,67.5,1.62,17.0,1,8,23
3174,50.746918,-3.033941,32,Slight,Fine No High Winds,Single Carriageway,46.88,1.38,8.0,1,5,26
1599,51.59345,-0.7628586,32,Slight,Fine No High Winds,Dual Carriageway,64.69,1.41,20.0,4,9,19
2332,51.108574,-2.7378192,32,Slight,Fine No High Winds,Single Carriageway,55.62,1.66,14.0,2,6,24
3675,51.925583,0.9783608,32,Slight,Fine No High Winds,Single Carriageway,41.56,1.31,7.0,1,4,27
2795,56.156166,-3.3229172,32,Slight,Fine No High Winds,Single Carriageway,29.06,1.25,18.0,0,7,25
1788,50.767998,-1.5813708,32,Slight,Fine No High Winds,Single Carriageway,34.38,1.31,17.0,0,2,30
887,53.379063,-1.9477931,32,Slight,Fine No High Winds,Single Carriageway,37.5,1.12,12.0,0,2,30
1626,51.854317,-0.8290123,32,Slight,Fine No High Winds,Single Carriageway,59.06,1.47,9.0,1,3,28
3172,50.629887,-3.3256426,32,Slight,Fine No High Winds,Single Carriageway,29.38,1.03,12.0,0,3,29
41,54.173565,-3.144984,32,Slight,Fine No High Winds,Single Carriageway,44.06,1.62,14.0,1,4,27
3207,53.26061,-3.9716692,32,Slight,Fine No High Winds,Dual Carriageway,59.06,1.41,15.0,0,6,26
3164,50.420982,-5.027762,32,Slight,Fine No High Winds,Single Carriageway,55.31,1.84,3.0,1,6,25
1704,51.380085,-0.8262412,32,Slight,Fine No High Winds,Single Carriageway,39.06,1.53,17.0,0,8,24
2916,55.624287,-3.5238352,32,Slight,Fine No High Winds,Single Carriageway,30.31,1.06,15.0,0,5,27
713,52.655125,-1.8551093,32,Slight,Fine No High Winds,Dual Carriageway,58.12,1.22,9.0,1,2,29
3502,52.40707,0.24943888,32,Slight,Fine No High Winds,Single Carriageway,54.06,1.59,17.0,0,4,28
3503,52.56789,1.3483448,32,Slight,Fine No High Winds,Single Carriageway,33.12,1.34,8.0,0,5,27
3532,53.082264,-0.73404014,32,Slight,Fine No High Winds,Single Carriageway,56.88,1.88,15.0,2,4,26
2749,57.255325,-2.0612326,32,Slight,Fine No High Winds,Dual Carriageway,60.94,1.34,17.0,0,10,22
3432,55.810947,-3.1896884,32,Slight,Fine No High Winds,Single Carriageway,57.5,1.38,16.0,0,8,24
687,52.69405,-2.2426672,32,Slight,Fine No High Winds,Single Carriageway,58.12,1.38,10.0,0,3,29
2372,51.602097,-2.6202657,32,Slight,Fine No High Winds,Dual Carriageway,54.69,1.38,14.0,3,3,26
3536,52.27509,-1.1619676,32,Slight,Fine No High Winds,Single Carriageway,34.38,1.34,9.0,1,9,22
3430,57.118713,-2.1720605,32,Slight,Fine No High Winds,Single Carriageway,32.19,1.16,8.0,0,10,22
1843,51.19266,-0.32450676,32,Slight,Fine No High Winds,Dual Carriageway,54.06,1.59,17.0,2,4,26
3415,51.405445,0.3524381,32,Slight,Fine No High Winds,Single Carriageway,33.75,1.16,18.0,0,4,28
2320,51.026306,-2.6912608,32,Slight,Fine No High Winds,Single Carriageway,54.38,1.62,17.0,0,5,27
1775,50.67862,-1.4139996,32,Slight,Fine No High Winds,Single Carriageway,58.12,1.62,16.0,0,5,27
3567,52.511494,-0.9423473,32,Slight,Fine No High Winds,Single Carriageway,58.44,1.84,17.0,1,9,22
151,53.359188,-3.14641,32,Slight,Fine No High Winds,Single Carriageway,36.88,1.66,8.0,1,10,21
155,53.606655,-3.0565503,32,Slight,Fine No High Winds,Roundabout,42.19,1.69,16.0,0,3,29
1580,51.65599,0.03969625,32,Slight,Fine No High Winds,Single Carriageway,47.81,1.44,8.0,1,9,22
1225,52.616592,-0.018733032,32,Slight,Fine No High Winds,Single Carriageway,59.38,2.03,7.0,1,1,30
3142,50.93421,-0.19641054,32,Slight,Fine No High Winds,Dual Carriageway,60.94,1.72,7.0,0,8,24
2005,51.101143,1.0087296,32,Slight,Fine No High Winds,Dual Carriageway,55.0,1.44,11.0,0,3,29
1016,53.017303,-0.76579726,32,Slight,Fine No High Winds,Dual Carriageway,68.44,1.41,17.0,0,5,27
2155,50.449596,-4.662264,32,Slight,Fine No High Winds,Single Carriageway,50.94,1.84,7.0,0,3,29
3356,53.032135,-2.9379184,32,Slight,Fine No High Winds,Single Carriageway,43.12,1.31,17.0,0,5,27
2131,50.271908,-5.143243,32,Slight,Fine No High Winds,Single Carriageway,54.38,1.94,8.0,0,5,27
2037,50.84259,-0.51426303,32,Slight,Fine No High Winds,Dual Carriageway,69.69,1.34,14.0,0,8,24
2551,53.199486,-3.095871,32,Slight,Fine No High Winds,Dual Carriageway,56.88,1.53,14.0,2,9,21
1027,52.763012,-3.8687496e-05,32,Slight,Fine No High Winds,Single Carriageway,60.0,1.88,10.0,1,6,25
3280,52.974438,-1.6436892,32,Slight,Fine No High Winds,Single Carriageway,51.25,1.94,8.0,3,3,26
1577,51.710785,0.0942044,32,Slight,Fine No High Winds,Single Carriageway,55.31,1.69,16.0,0,6,26
2065,50.911583,-0.15391375,32,Slight,Fine No High Winds,Single Carriageway,54.38,1.28,14.0,2,6,24
2240,50.53546,-4.179446,32,Slight,Fine No High Winds,Single Carriageway,55.62,1.59,14.0,1,7,24
3083,51.7731,-0.9227548,32,Slight,Fine No High Winds,Single Carriageway,30.94,1.62,7.0,1,7,24
3075,51.80433,0.9114491,32,Slight,Fine No High Winds,Single Carriageway,57.19,1.53,13.0,0,5,27
1288,52.336662,-0.31998178,32,Slight,Fine No High Winds,Dual Carriageway,67.81,1.44,14.0,0,7,25
3325,51.085777,-0.6479266,32,Slight,Fine No High Winds,Single Carriageway,48.75,1.66,8.0,0,7,25
365,53.937843,-1.562238,32,Slight,Fine No High Winds,Single Carriageway,59.06,1.66,16.0,0,7,25
3316,50.812347,-1.47619,32,Slight,Fine No High Winds,Single Carriageway,39.69,1.22,8.0,0,9,23
1268,52.391636,0.13043481,32,Slight,Fine No High Winds,Single Carriageway,46.88,1.47,17.0,1,7,24
524,53.579624,-0.96956366,32,Slight,Fine No High Winds,Single Carriageway,57.19,1.94,17.0,0,4,28
522,53.573452,-0.92000806,32,Slight,Fine No High Winds,Single Carriageway,61.88,1.69,14.0,2,2,28
1241,52.57655,-0.121632405,32,Slight,Fine No High Winds,Single Carriageway,59.38,1.59,16.0,4,6,22
1154,52.579792,-1.3592771,32,Slight,Fine No High Winds,Single Carriageway,44.69,1.25,10.0,0,6,26
2969,54.932312,-1.7846122,32,Slight,Fine No High Winds,Single Carriageway,34.06,1.56,13.0,0,6,26
2003,51.31211,1.1529703,32,Slight,Fine No High Winds,Single Carriageway,38.12,1.62,15.0,0,4,28
3367,55.79362,-4.628899,32,Slight,Fine No High Winds,Single Carriageway,35.0,1.5,17.0,0,7,25
2173,50.45384,-4.5381374,32,Slight,Fine No High Winds,Single Carriageway,49.38,1.56,17.0,0,5,27
2188,50.816196,-4.5292873,32,Slight,Fine No High Winds,Single Carriageway,49.69,1.56,14.0,0,5,27
439,54.039886,-0.9512786,32,Slight,Fine No High Winds,Single Carriageway,60.0,1.97,8.0,5,5,22
2473,51.62484,-1.7329025,32,Slight,Fine No High Winds,Single Carriageway,54.06,1.78,9.0,0,1,31
2949,55.311806,-3.451829,32,Slight,Fine No High Winds,Dual Carriageway,68.44,1.19,13.0,1,8,23
986,53.04942,-1.0836864,32,Slight,Fine No High Winds,Single Carriageway,58.75,1.72,15.0,0,11,21
3230,55.915615,-3.0967321,32,Slight,Fine No High Winds,Single Carriageway,51.56,1.25,18.0,0,4,28
1123,52.80685,-0.93400615,32,Slight,Fine No High Winds,Single Carriageway,58.12,2.06,9.0,0,4,28
3375,53.46776,-2.0287266,32,Slight,Fine No High Winds,Single Carriageway,30.62,1.38,17.0,0,5,27
2002,51.215145,0.098579,32,Slight,Fine No High Winds,Single Carriageway,33.12,1.53,7.0,1,3,28
2275,51.055847,-3.1905966,32,Slight,Fine No High Winds,Single Carriageway,50.62,1.47,0.0,2,6,24
3237,55.886524,-4.0821095,32,Slight,Fine No High Winds,Dual Carriageway,48.44,1.25,0.0,2,5,25
1011,52.945183,-0.62132996,32,Slight,Fine No High Winds,Single Carriageway,58.44,1.41,10.0,0,2,30
1012,52.90588,-0.20465228,32,Slight,Fine No High Winds,Single Carriageway,39.38,1.16,15.0,0,5,27
2962,53.07484,-2.5634463,32,Slight,Fine No High Winds,Single Carriageway,56.56,1.12,11.0,1,6,25
1014,52.731804,-0.42580777,32,Slight,Fine No High Winds,Single Carriageway,59.06,1.59,13.0,1,5,26
2599,51.683533,-3.1170914,32,Slight,Fine No High Winds,Single Carriageway,42.81,1.62,13.0,1,8,23
3298,52.53509,1.4750706,32,Slight,Fine No High Winds,Single Carriageway,45.62,1.47,9.0,0,6,26
3656,51.8654,-1.3256047,31,Slight,Fine No High Winds,Single Carriageway,60.0,1.52,8.0,1,12,18
3287,53.496677,-0.066228904,31,Slight,Fine No High Winds,Single Carriageway,55.16,1.65,17.0,0,9,22
3277,53.10021,-1.4213398,31,Slight,Fine No High Winds,Single Carriageway,41.94,1.48,8.0,0,5,26
2828,55.59511,-2.6717076,31,Slight,Fine No High Winds,Single Carriageway,58.71,1.55,11.0,0,4,27
3182,51.04006,-2.824766,31,Slight,Fine No High Winds,Single Carriageway,25.81,1.16,14.0,1,7,23
3669,53.592365,-1.3573954,31,Slight,Fine No High Winds,Single Carriageway,58.39,1.39,9.0,1,6,24
2871,55.862057,-4.5417852,31,Slight,Fine No High Winds,Single Carriageway,33.55,1.16,17.0,1,4,26
3185,51.49787,-2.390379,31,Slight,Fine No High Winds,Dual Carriageway,70.0,1.71,16.0,1,1,29
3293,52.15882,-0.8967001,31,Slight,Fine No High Winds,Single Carriageway,30.97,1.23,15.0,0,7,24
3040,53.077843,-0.2766702,31,Slight,Fine No High Winds,Single Carriageway,46.13,1.48,6.0,0,6,25
3045,53.21532,-0.6319631,31,Slight,Fine No High Winds,Single Carriageway,60.0,1.42,17.0,1,4,26
3250,53.353424,-3.1181092,31,Slight,Fine No High Winds,Single Carriageway,30.0,1.32,17.0,1,8,22
3275,52.31893,-1.5713654,31,Slight,Fine No High Winds,Dual Carriageway,59.35,1.52,6.0,1,2,28
3437,55.680016,-4.517322,31,Slight,Fine No High Winds,Single Carriageway,31.94,1.03,13.0,0,5,26
3225,57.597836,-4.432107,31,Slight,Fine No High Winds,Single Carriageway,30.65,1.1,8.0,1,6,24
3403,51.941418,0.95339495,31,Slight,Fine No High Winds,Dual Carriageway,61.61,1.52,12.0,1,7,23
3140,51.107643,-0.33443424,31,Slight,Fine No High Winds,Single Carriageway,51.94,1.77,16.0,1,10,20
3152,51.00213,-0.26870686,31,Slight,Fine No High Winds,Single Carriageway,58.71,1.32,7.0,3,8,20
3395,52.771828,-1.4243448,31,Slight,Fine No High Winds,Single Carriageway,60.32,1.61,8.0,2,7,22
3100,51.381714,-1.248692,31,Slight,Fine No High Winds,Single Carriageway,48.06,1.45,16.0,0,7,24
3380,54.164284,-0.66735774,31,Slight,Fine No High Winds,Single Carriageway,60.0,1.87,16.0,2,11,18
3422,51.71916,-2.1872585,31,Slight,Fine No High Winds,Single Carriageway,36.45,1.39,13.0,0,7,24
2967,53.208603,-2.7389314,31,Slight,Fine No High Winds,Single Carriageway,59.35,2.03,12.0,3,4,24
3211,53.265522,-3.1657329,31,Slight,Fine No High Winds,Single Carriageway,41.29,1.26,16.0,1,3,27
3260,54.806065,-1.637263,31,Slight,Fine No High Winds,Single Carriageway,48.71,1.42,16.0,0,5,26
3352,53.27687,-3.9069726,31,Slight,Fine No High Winds,Dual Carriageway,62.58,2.87,17.0,1,5,25
2917,55.660908,-3.9088342,31,Slight,Fine No High Winds,Single Carriageway,59.68,1.55,18.0,0,9,22
2974,54.87222,-1.6362587,31,Slight,Fine No High Winds,Single Carriageway,45.48,1.77,16.0,2,4,25
3351,53.26271,-4.0960274,31,Slight,Fine No High Winds,Single Carriageway,34.52,1.39,14.0,2,6,23
2993,53.33361,-1.5652403,31,Slight,Fine No High Winds,Single Carriageway,51.29,1.55,8.0,1,11,19
3208,53.286263,-3.5093448,31,Slight,Fine No High Winds,Single Carriageway,59.03,1.58,16.0,2,5,24
3341,51.30506,-2.5004594,31,Slight,Fine No High Winds,Single Carriageway,26.45,1.13,8.0,0,4,27
3328,51.168777,0.8479012,31,Slight,Fine No High Winds,Dual Carriageway,61.94,1.32,17.0,0,8,23
3327,51.112484,1.2004725,31,Slight,Fine No High Winds,Dual Carriageway,68.71,1.58,7.0,3,4,24
2959,53.623524,-2.5643075,31,Slight,Fine No High Winds,Single Carriageway,53.87,1.48,14.0,0,8,23
1852,51.220894,-0.22837842,31,Slight,Fine No High Winds,Single Carriageway,47.74,1.42,17.0,0,4,27
466,53.59179,-1.652719,31,Slight,Fine No High Winds,Single Carriageway,30.32,1.16,15.0,0,7,24
1345,52.49649,0.98271406,31,Slight,Fine No High Winds,Dual Carriageway,64.52,1.48,11.0,0,8,23
298,55.422245,-1.6839628,31,Slight,Fine No High Winds,Single Carriageway,58.06,1.48,11.0,0,5,26
340,54.85302,-1.7556496,31,Slight,Fine No High Winds,Single Carriageway,52.9,1.84,15.0,0,6,25
2261,50.433113,-3.661039,31,Slight,Fine No High Winds,Single Carriageway,47.74,1.58,14.0,2,6,23
2276,50.974567,-2.728935,31,Slight,Fine No High Winds,Single Carriageway,59.68,1.45,7.0,0,3,28
2313,51.075268,-2.6207285,31,Slight,Fine No High Winds,Single Carriageway,34.52,1.81,18.0,1,4,26
1379,52.37067,0.5400996,31,Slight,Fine No High Winds,Single Carriageway,60.0,1.52,16.0,0,4,27
442,53.96856,-1.9986233,31,Slight,Fine No High Winds,Single Carriageway,58.06,1.55,12.0,2,8,21
2466,51.29653,-2.234875,31,Slight,Fine No High Winds,Single Carriageway,30.97,1.26,9.0,1,3,27
2380,51.438435,-2.6678553,31,Slight,Fine No High Winds,Single Carriageway,57.1,1.48,7.0,2,4,25
1969,51.13063,0.8141615,31,Slight,Fine No High Winds,Single Carriageway,56.77,1.68,10.0,1,3,27
482,53.677124,-1.919743,31,Slight,Fine No High Winds,Single Carriageway,37.1,2.16,14.0,1,8,22
505,53.744747,-1.3555081,31,Slight,Fine No High Winds,Single Carriageway,41.61,1.42,11.0,0,4,27
1264,52.358986,-0.04315729,31,Slight,Fine No High Winds,Single Carriageway,60.0,1.77,9.0,0,1,30
2775,56.123512,-3.2886074,31,Slight,Fine No High Winds,Dual Carriageway,62.26,1.58,17.0,0,8,23
2213,50.759567,-3.212837,31,Slight,Fine No High Winds,Single Carriageway,53.87,1.71,15.0,2,5,24
289,55.115086,-1.6224914,31,Slight,Fine No High Winds,Single Carriageway,56.13,2.0,12.0,1,8,22
1466,51.946598,-0.06302439,31,Slight,Fine No High Winds,Single Carriageway,57.1,1.58,15.0,2,7,22
100,53.600204,-2.9009767,31,Slight,Fine No High Winds,Single Carriageway,51.61,1.87,8.0,1,10,20
2171,50.422924,-4.409727,31,Slight,Fine No High Winds,Dual Carriageway,64.19,1.81,19.0,2,6,23
2145,50.41601,-4.8471527,31,Slight,Fine No High Winds,Single Carriageway,60.0,1.65,13.0,2,9,20
2137,50.42453,-4.942279,31,Slight,Fine No High Winds,Single Carriageway,51.29,1.52,12.0,0,5,26
2132,50.304253,-5.1043453,31,Slight,Fine No High Winds,Single Carriageway,58.06,1.61,8.0,0,4,27
2128,50.31072,-5.2020764,31,Slight,Fine No High Winds,Single Carriageway,37.1,1.23,9.0,0,4,27
2111,50.205315,-5.3624167,31,Slight,Fine No High Winds,Single Carriageway,46.77,1.52,8.0,1,5,25
179,53.632504,-2.3009195,31,Slight,Fine No High Winds,Dual Carriageway,53.87,1.52,17.0,2,3,26
146,54.140022,-2.754677,31,Slight,Fine No High Winds,Roundabout,57.42,1.52,17.0,1,6,24
2057,50.840874,-0.48823747,31,Slight,Fine No High Winds,Dual Carriageway,67.42,1.29,6.0,2,10,19
1817,50.99065,-1.3089312,31,Slight,Fine No High Winds,Single Carriageway,34.52,1.42,9.0,0,3,28
1864,51.28283,2.1612993e-06,31,Slight,Fine No High Winds,Single Carriageway,54.84,1.26,7.0,0,6,25
1913,51.277943,0.1268131,31,Slight,Fine No High Winds,Single Carriageway,31.61,1.42,13.0,1,5,25
1955,51.23816,0.71961945,31,Slight,Fine No High Winds,Single Carriageway,47.74,1.35,9.0,1,11,19
2453,51.34961,-2.2213712,31,Slight,Fine No High Winds,Single Carriageway,58.71,2.03,17.0,1,5,25
1958,51.15284,0.37248006,31,Slight,Fine No High Winds,Single Carriageway,35.16,1.26,12.0,0,4,27
728,52.094486,-1.8709445,31,Slight,Fine No High Winds,Single Carriageway,33.23,1.19,14.0,0,7,24
2518,50.623257,-2.5041926,31,Slight,Fine No High Winds,Single Carriageway,32.9,1.16,18.0,0,5,26
757,51.952923,-2.5383732,31,Slight,Fine No High Winds,Single Carriageway,60.0,1.84,11.0,1,5,25
1006,52.914135,-0.37839097,31,Slight,Fine No High Winds,Single Carriageway,60.0,1.77,17.0,1,6,24
2698,51.801144,-4.8025384,31,Slight,Fine No High Winds,Single Carriageway,57.1,1.77,12.0,1,4,26
2649,51.576324,-3.5691743,31,Slight,Fine No High Winds,Single Carriageway,33.55,1.61,11.0,1,1,29
791,52.69443,-2.3583097,31,Slight,Fine No High Winds,Single Carriageway,55.48,1.77,8.0,1,4,26
817,52.34347,-1.5467626,31,Slight,Fine No High Winds,Dual Carriageway,66.45,1.35,14.0,3,5,23
961,53.14197,-1.0471741,31,Slight,Fine No High Winds,Single Carriageway,51.94,1.48,8.0,2,3,26
892,53.230328,-1.6585186,31,Slight,Fine No High Winds,Single Carriageway,56.77,1.68,8.0,0,5,26
890,53.270283,-1.6425501,31,Slight,Fine No High Winds,Single Carriageway,32.58,1.58,15.0,0,3,28
1678,51.79235,-1.5187049,30,Slight,Fine No High Winds,Single Carriageway,42.33,1.4,17.0,0,5,25
1511,51.869434,0.2665868,30,Slight,Fine No High Winds,Single Carriageway,41.0,1.27,19.0,0,7,23
297,55.02462,-2.1221676,30,Slight,Fine No High Winds,Single Carriageway,57.33,1.4,13.0,0,6,24
3156,50.858418,0.43963194,30,Slight,Fine No High Winds,Single Carriageway,53.0,1.7,19.0,0,7,23
3112,50.936424,-1.306688,30,Slight,Fine No High Winds,Single Carriageway,43.0,1.27,7.0,1,7,22
876,53.09402,-1.5841311,30,Slight,Fine No High Winds,Single Carriageway,37.67,1.73,14.0,1,8,21
773,52.81102,-3.0658681,30,Slight,Fine No High Winds,Single Carriageway,55.33,1.4,11.0,1,5,24
3114,50.86177,-1.3272468,30,Slight,Fine No High Winds,Single Carriageway,30.67,1.1,8.0,0,4,26
1474,51.814106,-0.6733595,30,Slight,Fine No High Winds,Single Carriageway,51.0,1.27,17.0,1,3,26
1489,52.049892,0.0036102,30,Slight,Fine No High Winds,Single Carriageway,64.33,1.47,7.0,0,8,22
218,53.26517,-2.236093,30,Slight,Fine No High Winds,Single Carriageway,56.0,1.5,16.0,0,9,21
3381,54.668343,-1.300132,30,Slight,Fine No High Winds,Dual Carriageway,69.67,1.77,8.0,2,9,19
778,52.313614,-2.7061057,30,Slight,Fine No High Winds,Single Carriageway,60.0,1.53,7.0,2,10,18
1809,51.253765,-0.9433906,30,Slight,Fine No High Winds,Single Carriageway,33.0,1.13,16.0,1,11,18
875,53.009262,-1.7655022,30,Slight,Fine No High Winds,Single Carriageway,41.33,1.3,7.0,3,0,27
796,52.694546,-2.419951,30,Slight,Fine No High Winds,Single Carriageway,49.0,1.43,18.0,0,1,29
3423,51.874004,-1.9645526,30,Slight,Fine No High Winds,Single Carriageway,56.33,1.67,11.0,0,5,25
2951,54.18649,-3.2067993,30,Slight,Fine No High Winds,Single Carriageway,33.33,1.1,14.0,1,4,25
3103,51.416687,-1.1180044,30,Slight,Fine No High Winds,Single Carriageway,61.67,1.33,6.0,2,10,18
1523,51.819824,0.500095,30,Slight,Fine No High Winds,Roundabout,62.33,1.3,7.0,1,6,23
1609,51.84349,-0.6082515,30,Slight,Fine No High Winds,Single Carriageway,59.33,1.5,7.0,3,5,22
956,53.338116,-1.0885818,30,Slight,Fine No High Winds,Single Carriageway,59.0,1.6,7.0,2,6,22
1618,51.953293,-0.7614899,30,Slight,Fine No High Winds,Single Carriageway,59.33,1.77,8.0,1,4,25
1621,51.775005,-0.75626403,30,Slight,Fine No High Winds,Roundabout,39.33,1.33,17.0,1,3,26
3404,51.777332,0.6765497,30,Slight,Fine No High Winds,Single Carriageway,43.33,1.37,9.0,0,3,27
3405,51.55093,0.36708176,30,Slight,Fine No High Winds,Single Carriageway,52.0,1.47,16.0,0,5,25
1650,51.500664,-1.0071257,30,Slight,Fine No High Winds,Single Carriageway,50.33,1.5,16.0,2,4,24
3131,51.23613,1.0648965,30,Slight,Fine No High Winds,Single Carriageway,55.0,1.67,12.0,0,5,25
3338,50.905533,-3.329753,30,Slight,Fine No High Winds,Single Carriageway,34.0,1.1,14.0,0,3,27
1068,52.97035,-0.1882155,30,Slight,Fine No High Winds,Single Carriageway,48.33,1.93,13.0,1,4,25
3102,51.51687,-0.80031043,30,Slight,Fine No High Winds,Single Carriageway,48.67,1.27,9.0,0,3,27
3018,52.202408,-1.7930814,30,Slight,Fine No High Winds,Single Carriageway,59.33,1.57,13.0,0,8,22
1290,52.113598,0.19532867,30,Slight,Fine No High Winds,Single Carriageway,59.33,1.57,17.0,2,3,25
3025,53.30273,-1.4142416,30,Slight,Fine No High Winds,Single Carriageway,57.0,1.87,17.0,0,3,27
3215,51.823006,-3.0770147,30,Slight,Fine No High Winds,Single Carriageway,44.0,1.47,17.0,0,3,27
3216,51.471203,-3.4899569,30,Slight,Fine No High Winds,Single Carriageway,54.0,1.47,6.0,2,6,22
513,53.601578,-0.9896984,30,Slight,Fine No High Winds,Single Carriageway,60.0,1.27,12.0,0,5,25
3032,53.036377,-0.77174455,30,Slight,Fine No High Winds,Dual Carriageway,65.33,1.7,17.0,2,9,19
3219,51.667362,-4.107371,30,Slight,Fine No High Winds,Single Carriageway,49.33,1.57,9.0,1,5,24
3264,54.49219,-1.1336166,30,Slight,Fine No High Winds,Single Carriageway,31.0,1.27,11.0,0,2,28
1197,52.2652,-0.75028706,30,Slight,Fine No High Winds,Single Carriageway,30.0,1.13,18.0,0,10,20
599,53.99471,-0.45285887,30,Slight,Fine No High Winds,Single Carriageway,41.33,1.57,12.0,0,8,22
610,53.691208,-1.0292941,30,Slight,Fine No High Winds,Single Carriageway,34.0,1.3,15.0,0,3,27
3224,52.67246,-3.115026,30,Slight,Fine No High Winds,Single Carriageway,59.0,1.63,18.0,0,7,23
1063,53.071598,0.0141181005,30,Slight,Fine No High Winds,Single Carriageway,58.0,1.43,6.0,1,1,28
1067,53.2403,0.1119422,30,Slight,Fine No High Winds,Single Carriageway,58.67,1.43,8.0,1,3,26
3221,52.424244,-4.038026,30,Slight,Fine No High Winds,Single Carriageway,59.0,1.4,8.0,0,3,27
3019,52.356236,-1.1960081,30,Slight,Fine No High Winds,Single Carriageway,55.67,1.47,6.0,0,9,21
1304,52.636456,1.4828709,30,Slight,Fine No High Winds,Single Carriageway,51.33,2.0,15.0,3,5,22
1078,53.398106,-0.5904967,30,Slight,Fine No High Winds,Single Carriageway,60.0,1.2,8.0,2,6,22
3214,52.911564,-3.5979147,30,Slight,Fine No High Winds,Single Carriageway,34.0,1.3,17.0,0,7,23
342,54.888268,-1.7257227,30,Slight,Fine No High Winds,Single Carriageway,33.33,2.13,19.0,0,8,22
354,54.541233,-1.4962817,30,Slight,Fine No High Winds,Dual Carriageway,63.0,1.6,16.0,0,3,27
1390,52.322956,1.1448554,30,Slight,Fine No High Winds,Single Carriageway,31.0,1.13,10.0,0,5,25
3322,51.25769,-0.65851223,30,Slight,Fine No High Winds,Single Carriageway,34.33,1.53,8.0,0,6,24
1387,52.02673,0.8128129,30,Slight,Fine No High Winds,Single Carriageway,59.0,1.8,12.0,2,4,24
376,54.311863,-1.672376,30,Slight,Fine No High Winds,Single Carriageway,57.33,2.07,12.0,4,6,20
1381,52.28341,0.55244607,30,Slight,Fine No High Winds,Single Carriageway,60.0,1.67,7.0,0,11,19
705,52.819572,-1.7784432,30,Slight,Fine No High Winds,Single Carriageway,55.0,1.63,7.0,1,4,25
3000,54.108326,-0.4584757,30,Slight,Fine No High Winds,Single Carriageway,58.0,2.23,16.0,2,5,23
3003,52.624813,-1.8982803,30,Slight,Fine No High Winds,Single Carriageway,45.33,1.77,11.0,2,4,24
436,53.988754,-1.4630675,30,Slight,Fine No High Winds,Single Carriageway,59.33,2.13,16.0,4,4,22
1347,52.701298,1.5889099,30,Slight,Fine No High Winds,Single Carriageway,44.67,1.33,10.0,0,2,28
3097,51.433357,-0.77269584,30,Slight,Fine No High Winds,Single Carriageway,43.33,1.5,7.0,2,3,25
1013,52.66979,-0.3609011,30,Slight,Fine No High Winds,Single Carriageway,59.0,1.73,16.0,0,4,26
3209,53.230053,-3.4363701,30,Slight,Fine No High Winds,Single Carriageway,52.0,1.6,12.0,1,6,23
585,53.753246,-0.7386958,30,Slight,Fine No High Winds,Single Carriageway,34.67,1.6,17.0,0,9,21
219,53.133675,-2.6678872,30,Slight,Fine No High Winds,Single Carriageway,42.33,1.33,12.0,0,2,28
2835,55.98331,-3.6168213,30,Slight,Fine No High Winds,Single Carriageway,61.0,1.4,7.0,1,2,27
2103,51.11477,-0.0327544,30,Slight,Fine No High Winds,Single Carriageway,51.33,1.3,14.0,2,10,18
2677,51.770664,-4.072256,30,Slight,Fine No High Winds,Dual Carriageway,68.33,1.8,13.0,5,3,22
2051,50.884743,0.38475212,30,Slight,Fine No High Winds,Single Carriageway,58.67,1.7,19.0,1,8,21
2269,50.304195,-3.7874436,30,Slight,Fine No High Winds,Single Carriageway,57.33,1.97,16.0,0,6,24
3485,57.460197,-4.2134585,30,Slight,Fine No High Winds,Single Carriageway,29.67,1.37,18.0,0,4,26
2208,50.7597,-3.4414058,30,Slight,Fine No High Winds,Single Carriageway,35.67,1.37,15.0,1,3,26
2672,51.695835,-4.085096,30,Slight,Fine No High Winds,Single Carriageway,33.33,1.3,16.0,0,4,26
2655,51.66242,-4.07609,30,Slight,Fine No High Winds,Single Carriageway,41.0,1.47,14.0,0,4,26
2716,57.54099,-4.336342,30,Slight,Fine No High Winds,Roundabout,58.67,1.57,15.0,1,2,27
3539,51.639065,-0.6968923,30,Slight,Fine No High Winds,Single Carriageway,30.0,1.37,14.0,0,3,27
2441,51.12657,-1.786118,30,Slight,Fine No High Winds,Single Carriageway,60.0,1.83,7.0,1,5,24
2324,51.409184,-2.6505659,30,Slight,Fine No High Winds,Single Carriageway,57.67,1.6,16.0,1,5,24
56,54.665607,-3.4217322,30,Slight,Fine No High Winds,Single Carriageway,56.0,1.43,8.0,2,3,25
2881,55.972836,-4.5854583,30,Slight,Fine No High Winds,Single Carriageway,41.67,1.27,14.0,1,4,25
7,51.578842,-0.47013503,30,Slight,Fine No High Winds,Single Carriageway,35.33,1.3,6.0,4,5,21
2411,51.82676,-2.3823671,30,Slight,Fine No High Winds,Single Carriageway,47.67,1.83,14.0,1,8,21
2177,50.524708,-4.2137766,30,Slight,Fine No High Winds,Single Carriageway,41.0,1.37,13.0,1,2,27
2891,55.882328,-4.0347056,30,Slight,Fine No High Winds,Single Carriageway,59.0,1.37,11.0,1,7,22
2557,53.11523,-4.2681174,30,Slight,Fine No High Winds,Single Carriageway,32.67,1.37,18.0,0,5,25
3473,50.98957,-0.6964172,30,Serious,Fine No High Winds,Single Carriageway,58.67,1.17,8.0,0,15,15
2770,56.560364,-3.5851283,30,Slight,Fine No High Winds,Single Carriageway,55.33,1.67,16.0,1,10,19
3493,53.78184,-2.5337372,30,Slight,Fine No High Winds,Single Carriageway,46.33,1.9,14.0,1,3,26
2165,50.343845,-4.8907104,30,Slight,Fine No High Winds,Single Carriageway,33.0,1.3,11.0,0,4,26
2420,51.769966,-2.3259728,30,Slight,Fine No High Winds,Single Carriageway,43.33,1.33,13.0,0,6,24
2161,50.40763,-4.668726,30,Slight,Fine No High Winds,Single Carriageway,34.33,1.3,15.0,0,2,28
1427,52.030624,-0.21564652,29,Slight,Fine No High Winds,Dual Carriageway,69.31,1.66,7.0,0,4,25
3350,50.71388,-2.5802257,29,Slight,Fine No High Winds,Single Carriageway,59.66,1.66,14.0,1,6,22
1046,53.356987,-0.19203325,29,Slight,Fine No High Winds,Single Carriageway,60.0,1.93,9.0,1,5,23
1518,51.95485,0.34340814,29,Slight,Fine No High Winds,Single Carriageway,35.17,1.31,17.0,0,6,23
541,53.380894,-1.3366803,29,Slight,Fine No High Winds,Single Carriageway,55.86,2.31,8.0,0,6,23
2968,55.050823,-1.6728177,29,Slight,Fine No High Winds,Single Carriageway,43.79,1.28,15.0,0,8,21
3354,53.156765,-3.0240586,29,Slight,Fine No High Winds,Single Carriageway,57.93,2.14,8.0,1,9,19
252,53.349083,-2.6534607,29,Slight,Fine No High Winds,Single Carriageway,50.69,1.59,8.0,1,7,21
3570,52.240204,0.7801944,29,Slight,Fine No High Winds,Dual Carriageway,62.41,1.52,8.0,0,3,26
3348,50.835968,-2.1427708,29,Slight,Fine No High Winds,Single Carriageway,33.45,1.52,17.0,1,9,19
3605,52.874153,-1.0887798,29,Slight,Fine No High Winds,Single Carriageway,30.0,1.31,15.0,0,6,23
1308,52.789318,1.2648568,29,Slight,Fine No High Winds,Single Carriageway,56.9,1.66,15.0,1,6,22
1102,52.744007,-1.0644243,29,Slight,Fine No High Winds,Dual Carriageway,68.62,1.55,18.0,2,8,19
3589,52.531303,-3.2585592,29,Slight,Fine No High Winds,Single Carriageway,60.0,1.86,11.0,1,6,22
1333,52.662777,1.3772048,29,Slight,Fine No High Winds,Single Carriageway,32.07,1.17,8.0,0,4,25
3002,54.579872,-1.0456038,29,Slight,Fine No High Winds,Single Carriageway,40.0,1.45,8.0,0,3,26
548,53.372505,-1.560162,29,Slight,Fine No High Winds,Single Carriageway,34.83,1.69,16.0,0,4,25
3256,53.321438,-2.1367135,29,Slight,Fine No High Winds,Single Carriageway,53.79,1.55,16.0,1,12,16
3253,53.140778,-2.8106902,29,Slight,Fine No High Winds,Single Carriageway,56.21,1.28,11.0,1,9,19
3247,54.90292,-2.8260646,29,Slight,Fine No High Winds,Single Carriageway,38.62,1.52,15.0,1,3,25
1181,52.28836,-0.8381969,29,Slight,Fine No High Winds,Single Carriageway,44.48,1.24,13.0,0,9,20
441,53.972084,-1.8935647,29,Slight,Fine No High Winds,Single Carriageway,57.59,1.24,11.0,0,3,26
575,53.55649,-0.7114043,29,Slight,Fine No High Winds,Dual Carriageway,67.59,1.45,23.0,1,1,27
2337,51.308186,-2.9587188,29,Slight,Fine No High Winds,Single Carriageway,48.28,1.76,12.0,1,3,25
544,53.3202,-1.6052667,29,Slight,Fine No High Winds,Single Carriageway,53.1,1.38,17.0,0,7,22
3291,52.353302,-0.5464913,29,Slight,Fine No High Winds,Single Carriageway,52.41,1.48,14.0,3,8,18
1155,52.634888,-0.70562226,29,Slight,Fine No High Winds,Single Carriageway,51.03,1.83,7.0,3,5,21
2298,51.27931,-2.4100366,29,Slight,Fine No High Winds,Single Carriageway,43.1,1.59,17.0,1,3,25
3235,55.990635,-3.5619745,29,Slight,Fine No High Winds,Single Carriageway,62.76,1.86,17.0,1,6,22
2985,53.7319,-2.1489656,29,Slight,Fine No High Winds,Single Carriageway,30.34,1.48,11.0,0,6,23
3326,51.23544,0.5966275,29,Slight,Fine No High Winds,Single Carriageway,35.17,1.41,10.0,0,4,25
2982,53.880608,-2.0661345,29,Slight,Fine No High Winds,Single Carriageway,60.0,2.0,12.0,2,7,20
3234,56.243492,-4.2151227,29,Slight,Fine No High Winds,Single Carriageway,30.0,1.17,15.0,1,4,24
2163,50.270725,-4.7879987,29,Slight,Fine No High Winds,Single Carriageway,36.21,1.0,14.0,0,4,25
38,54.66774,-3.5461862,29,Slight,Fine No High Winds,Single Carriageway,45.86,1.83,17.0,1,4,24
3069,51.945705,-0.44243053,29,Slight,Fine No High Winds,Single Carriageway,48.62,1.45,8.0,1,3,25
1209,52.36362,0.30672863,29,Slight,Fine No High Winds,Single Carriageway,60.0,1.86,6.0,1,7,21
3259,54.650177,-1.4663478,29,Slight,Fine No High Winds,Roundabout,60.69,1.34,8.0,0,6,23
3607,52.935898,-0.6661148,29,Slight,Fine No High Winds,Single Carriageway,37.24,1.31,16.0,1,3,25
149,53.35137,-3.131234,29,Slight,Fine No High Winds,Single Carriageway,40.69,1.93,8.0,1,9,19
3543,51.10141,0.2273021,29,Slight,Fine No High Winds,Single Carriageway,53.45,1.41,9.0,1,10,18
1278,52.360054,-0.40770793,29,Slight,Fine No High Winds,Dual Carriageway,67.24,1.52,8.0,2,7,20
3645,51.51466,-2.0819166,29,Slight,Fine No High Winds,Dual Carriageway,70.0,1.31,17.0,2,3,24
131,53.81046,-2.3860335,29,Slight,Fine No High Winds,Single Carriageway,54.48,1.59,9.0,1,2,26
1687,51.828392,-1.2182072,29,Slight,Fine No High Winds,Single Carriageway,60.0,1.21,16.0,1,3,25
3434,55.925583,-3.3812797,29,Slight,Fine No High Winds,Single Carriageway,50.34,1.41,7.0,0,1,28
3554,53.877117,-1.2988666,29,Slight,Fine No High Winds,Single Carriageway,46.9,1.9,15.0,1,6,22
851,52.389313,-1.370324,29,Slight,Fine No High Winds,Single Carriageway,54.14,1.14,15.0,0,5,24
3166,50.53772,-4.6051393,29,Slight,Fine No High Winds,Dual Carriageway,66.9,1.86,14.0,2,4,23
2910,55.75844,-4.111064,29,Slight,Fine No High Winds,Single Carriageway,58.28,1.38,8.0,1,2,26
3459,51.70796,-0.1589512,29,Slight,Fine No High Winds,Single Carriageway,58.28,1.52,14.0,0,2,27
1222,52.37178,-0.096180305,29,Slight,Fine No High Winds,Single Carriageway,59.66,1.48,18.0,2,4,23
873,53.262703,-1.5838176,29,Slight,Fine No High Winds,Single Carriageway,57.59,1.52,15.0,0,6,23
2786,56.18195,-3.0571082,29,Slight,Fine No High Winds,Single Carriageway,57.59,1.69,7.0,0,4,25
927,52.88357,-1.6036937,29,Slight,Fine No High Winds,Single Carriageway,38.28,1.28,8.0,1,7,21
3136,51.412277,0.3294167,29,Slight,Fine No High Winds,Single Carriageway,40.69,1.48,9.0,0,3,26
3272,52.36841,-2.344217,29,Slight,Fine No High Winds,Single Carriageway,54.83,1.24,18.0,1,5,23
1897,51.252674,0.4827411,29,Slight,Fine No High Winds,Single Carriageway,39.31,1.14,16.0,0,6,23
3154,50.948536,0.5991114,29,Slight,Fine No High Winds,Single Carriageway,38.28,1.76,15.0,0,5,24
2384,51.002197,-3.1538951,29,Slight,Fine No High Winds,Single Carriageway,53.79,1.55,16.0,0,6,23
777,52.537975,-2.804629,29,Slight,Fine No High Winds,Single Carriageway,31.03,1.38,15.0,1,7,21
3414,51.40661,0.852533,29,Slight,Fine No High Winds,Single Carriageway,44.48,1.55,14.0,0,6,23
3393,53.267094,-0.50384486,29,Slight,Fine No High Winds,Single Carriageway,57.93,1.41,14.0,1,7,21
2568,52.9298,-4.068192,29,Slight,Fine No High Winds,Single Carriageway,30.0,1.14,16.0,0,6,23
3529,54.55509,-1.018596,29,Slight,Fine No High Winds,Single Carriageway,60.0,1.41,18.0,0,4,25
3388,52.333622,-1.766881,29,Slight,Fine No High Winds,Dual Carriageway,68.62,2.17,16.0,1,5,23
2650,51.585175,-4.054914,29,Slight,Fine No High Winds,Single Carriageway,31.03,1.28,15.0,0,6,23
709,52.642685,-1.9047067,29,Slight,Fine No High Winds,Single Carriageway,47.24,1.48,9.0,0,2,27
2942,54.83745,-4.050144,29,Slight,Fine No High Winds,Single Carriageway,30.0,1.03,11.0,0,8,21
1578,51.71774,0.22494252,29,Slight,Fine No High Winds,Single Carriageway,55.17,1.24,7.0,0,8,21
3392,52.803925,-0.22175583,29,Slight,Fine No High Winds,Single Carriageway,51.03,1.21,7.0,0,1,28
183,53.591812,-2.038672,29,Slight,Fine No High Winds,Single Carriageway,42.41,1.52,20.0,3,3,23
1610,51.653896,-0.5827446,29,Slight,Fine No High Winds,Single Carriageway,48.28,1.83,15.0,1,6,22
1289,52.079544,-0.036748584,29,Slight,Fine No High Winds,Single Carriageway,38.28,1.62,17.0,0,4,25
970,52.814075,-1.1463603,29,Slight,Fine No High Winds,Single Carriageway,45.86,1.41,17.0,1,11,17
2083,51.104534,-0.10456059,29,Slight,Fine No High Winds,Single Carriageway,58.97,1.34,18.0,0,8,21
3022,53.339924,-1.9240612,29,Slight,Fine No High Winds,Single Carriageway,35.86,1.52,7.0,1,5,23
3282,53.1862,-1.4903492,29,Slight,Fine No High Winds,Single Carriageway,59.31,1.9,11.0,1,9,19
3482,50.71731,-2.2876344,29,Slight,Fine No High Winds,Single Carriageway,59.66,1.79,16.0,0,6,23
2700,51.804085,-4.868315,29,Slight,Fine No High Winds,Single Carriageway,58.62,1.62,8.0,0,4,25
3038,52.78472,0.0014111785,28,Slight,Fine No High Winds,Single Carriageway,60.0,1.11,15.0,1,5,22
1218,52.381935,-0.018407643,28,Slight,Fine No High Winds,Single Carriageway,55.36,1.36,7.0,1,3,24
1196,52.337833,-0.7054309,28,Slight,Fine No High Winds,Single Carriageway,59.29,1.82,12.0,0,4,24
118,53.768604,-2.576083,28,Slight,Fine No High Winds,Single Carriageway,50.36,1.86,9.0,0,1,27
3600,53.90388,-1.360185,28,Slight,Fine No High Winds,Single Carriageway,30.0,1.14,15.0,0,2,26
570,53.58471,-0.36748806,28,Slight,Fine No High Winds,Single Carriageway,55.36,1.96,10.0,0,7,21
3245,54.931602,-3.8225014,28,Slight,Fine No High Winds,Single Carriageway,30.0,1.07,15.0,0,4,24
924,52.867855,-1.3694534,28,Slight,Fine No High Winds,Slip Road,66.43,1.54,17.0,0,6,22
2771,56.52985,-2.9450622,28,Slight,Fine No High Winds,Dual Carriageway,68.57,1.46,17.0,1,5,22
3163,50.2789,-4.993894,28,Slight,Fine No High Winds,Single Carriageway,40.0,1.39,15.0,0,3,25
3659,50.8825,-0.4113197,28,Slight,Fine No High Winds,Dual Carriageway,64.29,1.07,14.0,1,9,18
821,52.132683,-1.5958786,28,Slight,Fine No High Winds,Single Carriageway,56.43,1.36,15.0,0,6,22
3183,51.099663,-2.524545,28,Slight,Fine No High Winds,Single Carriageway,39.29,1.5,17.0,0,6,22
792,52.50776,-2.340633,28,Slight,Fine No High Winds,Single Carriageway,58.57,1.46,14.0,3,8,17
2710,52.56417,-3.2238715,28,Slight,Fine No High Winds,Single Carriageway,58.93,1.79,13.0,0,5,23
3632,53.22595,-2.9553833,28,Slight,Fine No High Winds,Single Carriageway,32.5,1.14,9.0,0,4,24
3622,51.182026,-2.096135,28,Slight,Fine No High Winds,Single Carriageway,56.43,1.96,14.0,1,6,21
3199,51.348198,-1.7917002,28,Slight,Fine No High Winds,Single Carriageway,57.86,2.14,7.0,0,7,21
3105,50.99371,-1.3269749,28,Slight,Fine No High Winds,Single Carriageway,46.43,1.29,12.0,0,4,24
3095,51.56381,-0.7599254,28,Slight,Fine No High Winds,Single Carriageway,61.79,1.29,18.0,1,6,21
3212,53.144737,-4.2284613,28,Slight,Fine No High Winds,Single Carriageway,60.0,1.46,8.0,0,7,21
3088,51.49285,-0.91687244,28,Slight,Fine No High Winds,Single Carriageway,50.36,1.25,7.0,1,6,21
3086,51.57125,-1.2989521,28,Slight,Fine No High Winds,Dual Carriageway,59.64,1.43,15.0,0,4,24
3035,52.863476,-0.6294889,28,Slight,Fine No High Winds,Dual Carriageway,69.64,1.68,11.0,0,6,22
686,52.86034,-2.079325,28,Slight,Fine No High Winds,Single Carriageway,43.57,1.36,13.0,1,1,26
2519,50.808983,-2.740087,28,Slight,Fine No High Winds,Single Carriageway,30.36,1.11,11.0,0,7,21
1054,52.967216,-0.094790034,28,Slight,Fine No High Winds,Single Carriageway,58.93,1.32,17.0,0,3,25
684,52.73944,-1.9610401,28,Slight,Fine No High Winds,Single Carriageway,60.0,1.39,14.0,0,1,27
3232,56.154636,-3.9482822,28,Slight,Fine No High Winds,Single Carriageway,32.5,1.25,17.0,0,5,23
3065,51.851597,-0.3752434,28,Slight,Fine No High Winds,Single Carriageway,51.79,1.5,8.0,1,6,21
3061,52.955425,0.85108036,28,Slight,Fine No High Winds,Single Carriageway,29.64,1.11,9.0,0,5,23
2443,51.131123,-1.9005235,28,Slight,Fine No High Winds,Single Carriageway,46.07,1.68,13.0,2,7,19
533,53.55233,-1.348724,28,Slight,Fine No High Winds,Single Carriageway,31.43,1.18,8.0,0,4,24
910,53.198967,-1.4905889,28,Slight,Fine No High Winds,Single Carriageway,55.36,1.79,13.0,1,5,22
3378,54.02343,-1.153698,28,Slight,Fine No High Winds,Single Carriageway,45.36,1.64,16.0,0,5,23
3426,51.340202,-2.1442716,28,Slight,Fine No High Winds,Single Carriageway,51.79,1.21,8.0,0,7,21
2258,50.605686,-3.5525784,28,Slight,Fine No High Winds,Dual Carriageway,61.79,1.32,10.0,0,2,26
58,54.6663,-3.3939598,28,Slight,Fine No High Winds,Roundabout,59.64,1.32,16.0,0,3,25
3500,52.481712,-1.2895968,28,Slight,Fine No High Winds,Single Carriageway,60.0,1.75,13.0,3,3,22
3484,52.073544,-3.12615,28,Slight,Fine No High Winds,Single Carriageway,34.29,1.11,15.0,0,2,26
1990,51.285046,0.0640715,28,Slight,Fine No High Winds,Single Carriageway,54.29,1.5,8.0,1,6,21
1803,50.705296,-1.3212281,28,Slight,Fine No High Winds,Single Carriageway,49.64,1.29,13.0,1,2,25
3460,51.78031,-0.30486888,28,Slight,Fine No High Winds,Single Carriageway,34.29,1.29,14.0,0,5,23
3345,51.36295,-2.2622826,28,Slight,Fine No High Winds,Single Carriageway,51.79,1.39,15.0,0,3,25
3347,50.736973,-2.0861452,28,Slight,Fine No High Winds,Single Carriageway,58.93,1.86,7.0,1,8,19
3440,53.998287,-1.267198,28,Slight,Fine No High Winds,Single Carriageway,50.71,2.07,9.0,0,3,25
1713,51.388268,-0.89869034,28,Slight,Fine No High Winds,Single Carriageway,32.5,1.14,7.0,0,5,23
1682,51.76576,-1.1034,28,Slight,Fine No High Winds,Dual Carriageway,70.0,1.61,18.0,2,5,21
3361,51.785854,-4.113975,28,Slight,Fine No High Winds,Single Carriageway,31.07,1.25,12.0,0,3,25
3511,51.313595,-0.00023953569,28,Slight,Fine No High Winds,Single Carriageway,52.86,1.43,18.0,0,7,21
1996,51.049213,1.035469,28,Slight,Fine No High Winds,Single Carriageway,51.79,1.79,16.0,1,5,22
3144,51.03197,0.05559725,28,Slight,Fine No High Winds,Single Carriageway,30.36,1.25,7.0,2,6,20
1449,51.95881,-0.37359118,28,Slight,Fine No High Winds,Single Carriageway,50.36,1.61,19.0,2,9,17
3377,54.834534,-1.8760864,28,Slight,Fine No High Winds,Single Carriageway,31.07,1.32,15.0,1,4,23
3479,51.326862,-2.4777696,28,Slight,Fine No High Winds,Single Carriageway,32.5,1.21,16.0,0,1,27
1661,51.479458,-0.92884076,28,Slight,Fine No High Winds,Single Carriageway,37.14,1.32,16.0,0,7,21
3383,52.13889,-2.1971643,28,Slight,Fine No High Winds,Dual Carriageway,70.0,2.32,14.0,0,6,22
2091,50.888344,0.2405294,28,Slight,Fine No High Winds,Single Carriageway,51.79,1.46,14.0,1,7,20
1552,51.903698,0.97236663,28,Slight,Fine No High Winds,Dual Carriageway,64.29,1.68,13.0,1,4,23
1565,51.85836,0.9598097,28,Slight,Fine No High Winds,Single Carriageway,30.0,1.25,15.0,2,8,18
1566,51.830452,0.7659015,28,Slight,Fine No High Winds,Single Carriageway,60.0,1.54,8.0,1,6,21
1603,51.708427,-0.8347544,28,Slight,Fine No High Winds,Single Carriageway,54.29,1.5,7.0,0,3,25
2981,54.06067,-1.3898573,28,Slight,Fine No High Winds,Dual Carriageway,67.14,1.64,18.0,1,3,24
3483,51.7535,-3.1939855,28,Slight,Fine No High Winds,Single Carriageway,31.79,1.43,16.0,0,4,24
3294,52.260067,-0.12090979,28,Slight,Fine No High Winds,Single Carriageway,56.43,1.21,14.0,0,4,24
53,54.60493,-3.1640303,28,Slight,Fine No High Winds,Single Carriageway,60.0,1.93,17.0,0,5,23
3468,51.283833,0.23914924,28,Slight,Fine No High Winds,Single Carriageway,50.71,1.57,8.0,0,4,24
2361,51.022305,-2.6164496,28,Slight,Fine No High Winds,Single Carriageway,51.07,1.89,18.0,1,5,22
1873,51.184162,-0.70457554,28,Slight,Fine No High Winds,Single Carriageway,31.07,1.32,17.0,0,6,22
3528,53.834534,-1.4353226,28,Slight,Fine No High Winds,Single Carriageway,43.93,1.79,12.0,1,6,21
1872,51.190514,-0.7194538,28,Slight,Fine No High Winds,Single Carriageway,40.0,1.29,8.0,1,1,26
3527,53.683926,-1.376237,28,Slight,Fine No High Winds,Single Carriageway,45.36,1.68,8.0,2,11,15
3013,52.66726,-2.3078997,28,Slight,Fine No High Winds,Single Carriageway,58.21,1.89,17.0,2,4,22
3286,52.999245,-0.02173775,28,Slight,Fine No High Winds,Single Carriageway,48.57,1.57,14.0,1,4,23
3522,51.689022,-4.8629165,28,Slight,Fine No High Winds,Single Carriageway,60.0,1.75,10.0,2,4,22
2394,51.69947,-2.406198,28,Slight,Fine No High Winds,Single Carriageway,56.07,1.43,7.0,0,4,24
3307,51.924324,0.898615,28,Slight,Fine No High Winds,Dual Carriageway,60.36,1.71,7.0,0,5,23
1284,52.63799,-0.19921982,28,Slight,Fine No High Winds,Single Carriageway,58.93,1.64,18.0,1,5,22
3308,51.850945,1.0403668,28,Slight,Fine No High Winds,Single Carriageway,52.14,1.39,15.0,0,5,23
3315,50.673603,-1.2524627,28,Slight,Fine No High Winds,Single Carriageway,57.14,1.32,8.0,0,3,25
3318,50.74115,-1.6183388,28,Slight,Fine No High Winds,Single Carriageway,54.64,1.54,17.0,2,5,21
483,53.675285,-1.8684187,28,Slight,Fine No High Winds,Single Carriageway,28.21,1.21,13.0,2,3,23
1986,51.173946,1.3657192,28,Slight,Fine No High Winds,Single Carriageway,49.64,1.61,15.0,0,3,25
1815,51.255074,-1.1719885,28,Slight,Fine No High Winds,Single Carriageway,33.93,1.25,11.0,0,5,23
1359,52.328865,0.92107916,28,Slight,Fine No High Winds,Single Carriageway,46.43,1.61,16.0,1,5,22
3680,51.04731,-0.4296087,27,Slight,Fine No High Winds,Single Carriageway,50.37,1.44,17.0,0,6,21
3190,51.146782,-2.9002066,27,Slight,Fine No High Winds,Single Carriageway,48.89,2.11,7.0,2,4,21
3408,51.75983,-1.1563014,27,Slight,Fine No High Winds,Dual Carriageway,68.52,1.19,20.0,1,6,20
760,52.228287,-2.8206182,27,Slight,Fine No High Winds,Single Carriageway,60.0,1.63,10.0,0,5,22
3195,51.88671,-1.7618308,27,Slight,Fine No High Winds,Single Carriageway,37.41,1.11,13.0,0,4,23
3149,50.927338,-0.5648105,27,Slight,Fine No High Winds,Single Carriageway,44.81,1.44,17.0,0,8,19
159,53.398026,-2.7020326,27,Slight,Fine No High Winds,Single Carriageway,35.19,1.41,17.0,1,5,21
3673,52.097115,0.32149097,27,Slight,Fine No High Winds,Dual Carriageway,64.81,1.96,17.0,4,4,19
3637,52.67441,-2.1716506,27,Slight,Fine No High Winds,Single Carriageway,31.11,1.3,8.0,0,1,26
3420,50.433853,-4.940332,27,Slight,Fine No High Winds,Single Carriageway,38.89,1.37,15.0,3,1,23
3466,51.03078,-1.0750619,27,Slight,Fine No High Winds,Single Carriageway,55.56,1.19,14.0,0,10,17
3643,51.025406,0.11150052,27,Slight,Fine No High Winds,Single Carriageway,51.85,1.15,18.0,1,8,18
3162,50.32704,-5.1312947,27,Slight,Fine No High Winds,Single Carriageway,44.44,1.63,12.0,2,2,23
849,52.561913,-1.705997,27,Slight,Fine No High Winds,Single Carriageway,61.48,1.41,12.0,0,2,25
3451,53.22309,0.29860798,27,Slight,Fine No High Winds,Single Carriageway,37.78,1.44,13.0,0,3,24
3457,52.657085,1.1271555,27,Slight,Fine No High Winds,Single Carriageway,59.63,1.63,10.0,2,5,20
3165,50.539715,-4.9404826,27,Slight,Fine No High Winds,Single Carriageway,32.59,1.11,9.0,0,4,23
3464,51.461548,-0.6469177,27,Slight,Fine No High Winds,Single Carriageway,51.11,1.48,7.0,2,3,22
3677,50.75495,-1.6114607,27,Slight,Fine No High Winds,Single Carriageway,30.37,1.33,8.0,0,5,22
3463,52.116814,-1.3724717,27,Slight,Fine No High Winds,Dual Carriageway,69.63,2.41,16.0,1,6,20
3269,53.466675,-1.1418769,27,Slight,Fine No High Winds,Single Carriageway,37.78,1.63,13.0,0,4,23
740,52.327896,-2.2590947,27,Slight,Fine No High Winds,Single Carriageway,40.37,1.56,16.0,0,3,24
3238,55.70107,-3.6885061,27,Slight,Fine No High Winds,Single Carriageway,58.89,1.78,14.0,1,6,20
3226,57.146957,-2.2180471,27,Slight,Fine No High Winds,Dual Carriageway,48.15,1.33,7.0,1,6,20
631,54.534542,-1.343254,27,Slight,Fine No High Winds,Single Carriageway,30.0,1.04,8.0,0,5,22
615,54.533375,-1.146512,27,Slight,Fine No High Winds,Single Carriageway,51.48,1.7,11.0,0,6,21
3339,50.488503,-3.6327062,27,Slight,Fine No High Winds,Single Carriageway,42.59,1.41,13.0,0,5,22
371,54.071735,-0.9181352,27,Slight,Fine No High Winds,Dual Carriageway,68.52,1.63,17.0,1,7,19
3584,53.181538,-3.3921087,27,Slight,Fine No High Winds,Single Carriageway,51.11,1.52,8.0,0,4,23
3323,51.155586,-0.112456925,27,Slight,Fine No High Winds,Single Carriageway,40.37,1.63,15.0,0,3,24
601,53.709423,-0.11135703,27,Slight,Fine No High Winds,Single Carriageway,30.0,1.41,16.0,1,6,20
212,53.110622,-2.2877562,27,Slight,Fine No High Winds,Single Carriageway,41.85,1.67,14.0,0,7,20
3521,51.773125,-4.964761,27,Slight,Fine No High Winds,Single Carriageway,55.56,1.37,17.0,1,4,22
3306,51.9086,-0.25375918,27,Slight,Fine No High Winds,Single Carriageway,60.0,1.59,8.0,2,2,23
3300,52.698063,1.3995376,27,Slight,Fine No High Winds,Single Carriageway,46.67,1.52,13.0,0,7,20
3261,54.078976,-1.533867,27,Slight,Fine No High Winds,Single Carriageway,46.67,1.52,7.0,0,3,24
3262,54.048748,-2.285613,27,Slight,Fine No High Winds,Single Carriageway,59.26,1.44,16.0,1,8,18
3538,51.7674,0.6833431,27,Slight,Fine No High Winds,Single Carriageway,48.15,1.44,14.0,0,3,24
3559,52.39131,-1.616083,27,Slight,Fine No High Winds,Single Carriageway,42.22,1.7,8.0,0,4,23
3585,51.72403,-3.0615582,27,Slight,Fine No High Winds,Single Carriageway,30.37,1.26,19.0,0,6,21
3588,52.15977,-3.397261,27,Slight,Fine No High Winds,Single Carriageway,51.48,1.48,15.0,0,2,25
3591,56.488922,-2.8992338,27,Slight,Fine No High Winds,Single Carriageway,31.48,1.26,18.0,0,8,19
3593,55.88737,-4.4317446,27,Slight,Fine No High Winds,Single Carriageway,50.0,1.52,17.0,0,5,22
3621,51.148636,-3.0614903,27,Slight,Fine No High Winds,Single Carriageway,37.78,1.26,18.0,2,5,20
3615,51.15173,0.39984912,27,Slight,Fine No High Winds,Single Carriageway,47.78,1.3,8.0,0,2,25
3384,52.22901,-2.1406763,27,Slight,Fine No High Winds,Dual Carriageway,66.3,1.41,14.0,0,2,25
3491,51.682365,-0.09941426,27,Slight,Fine No High Winds,Single Carriageway,30.37,1.3,12.0,0,7,20
3210,53.180244,-3.1165395,27,Slight,Fine No High Winds,Single Carriageway,34.44,1.59,9.0,0,1,26
693,52.80147,-2.0361228,27,Slight,Fine No High Winds,Single Carriageway,38.15,1.48,8.0,1,1,25
3494,53.24004,-2.418218,27,Slight,Fine No High Winds,Single Carriageway,60.0,1.41,18.0,0,7,20
688,52.895126,-2.079922,27,Slight,Fine No High Winds,Single Carriageway,59.63,1.67,17.0,1,5,21
3566,52.98428,-0.23917189,27,Slight,Fine No High Winds,Single Carriageway,56.67,1.59,16.0,1,5,21
3372,53.799507,-2.9478123,27,Slight,Fine No High Winds,Dual Carriageway,66.3,2.22,8.0,0,7,20
3364,57.81081,-4.0543723,27,Slight,Fine No High Winds,Single Carriageway,31.11,1.19,13.0,1,3,23
278,54.946014,-1.9021597,27,Slight,Fine No High Winds,Single Carriageway,30.0,1.44,9.0,0,2,25
3497,52.786324,-0.6109066,27,Slight,Fine No High Winds,Dual Carriageway,70.0,1.56,9.0,0,3,24
3220,51.976326,-3.8448184,27,Slight,Fine No High Winds,Single Carriageway,59.63,1.3,13.0,2,4,21
3596,53.669018,-2.8535664,27,Serious,Fine No High Winds,Single Carriageway,54.81,1.56,16.0,3,12,12
3541,51.117558,0.3787431,27,Slight,Fine No High Winds,Single Carriageway,58.89,1.78,15.0,2,9,16
3704,51.720085,-3.240198,27,Slight,Fine No High Winds,Single Carriageway,30.37,1.19,16.0,1,4,22
1517,51.903774,0.5720642,27,Slight,Fine No High Winds,Single Carriageway,41.48,1.37,13.0,1,9,17
2156,50.444527,-4.703869,27,Slight,Fine No High Winds,Single Carriageway,56.3,1.26,8.0,0,2,25
2555,53.27802,-3.286208,27,Slight,Fine No High Winds,Single Carriageway,57.41,1.81,21.0,0,4,23
3089,51.644444,-1.0061707,27,Slight,Fine No High Winds,Single Carriageway,30.0,1.22,9.0,0,1,26
1273,52.18403,0.20734556,27,Slight,Fine No High Winds,Single Carriageway,39.26,1.19,16.0,1,4,22
2244,50.534348,-3.684381,27,Slight,Fine No High Winds,Single Carriageway,54.07,1.22,8.0,1,3,23
2535,52.9919,-3.3835459,27,Slight,Fine No High Winds,Single Carriageway,56.3,1.44,14.0,0,5,22
3118,51.20522,-0.30905625,27,Slight,Fine No High Winds,Single Carriageway,40.74,1.44,12.0,1,3,23
2251,50.49929,-3.6284616,27,Slight,Fine No High Winds,Single Carriageway,44.44,1.44,15.0,0,4,23
2502,50.761497,-2.0578816,27,Slight,Fine No High Winds,Single Carriageway,55.93,2.93,8.0,0,3,24
2954,54.843357,-2.9848251,27,Slight,Fine No High Winds,Single Carriageway,31.11,1.22,8.0,0,4,23
2450,51.357624,-2.0988615,27,Slight,Fine No High Winds,Single Carriageway,60.0,1.7,13.0,2,3,22
3030,53.185543,-1.5430499,27,Slight,Fine No High Winds,Single Carriageway,60.0,1.74,8.0,0,7,20
1266,52.257828,0.06610622,27,Slight,Fine No High Winds,Single Carriageway,32.59,1.41,17.0,0,0,27
3074,51.869316,1.0377141,27,Slight,Fine No High Winds,Single Carriageway,40.74,1.81,11.0,0,4,23
1086,53.260197,-0.7710547,27,Slight,Fine No High Winds,Single Carriageway,55.56,1.63,12.0,1,4,22
1581,51.67692,0.2938352,27,Slight,Fine No High Winds,Single Carriageway,37.41,1.26,16.0,0,6,21
2430,51.48542,-1.7150481,27,Slight,Fine No High Winds,Single Carriageway,59.63,1.93,8.0,3,7,17
1057,53.161198,0.24869837,27,Slight,Fine No High Winds,Single Carriageway,46.3,1.37,15.0,0,4,23
3042,53.05596,0.18189377,27,Slight,Fine No High Winds,Single Carriageway,54.81,1.44,15.0,1,1,25
3084,52.090164,-1.3372078,27,Slight,Fine No High Winds,Dual Carriageway,67.41,1.52,15.0,0,2,25
2424,51.70846,-1.775923,27,Slight,Fine No High Winds,Single Carriageway,34.07,1.19,15.0,0,5,22
1669,51.788803,-1.5819188,27,Slight,Fine No High Winds,Roundabout,63.33,1.44,8.0,1,1,25
2409,51.90696,-2.2938745,27,Slight,Fine No High Winds,Single Carriageway,52.96,1.41,17.0,0,8,19
1676,51.882587,-1.2291784,27,Slight,Fine No High Winds,Single Carriageway,52.59,1.96,17.0,2,8,17
1677,51.583225,-1.2689595,27,Slight,Fine No High Winds,Single Carriageway,51.85,1.7,17.0,0,5,22
2383,51.06762,-2.3565085,27,Slight,Fine No High Winds,Dual Carriageway,66.3,1.15,9.0,1,3,23
2376,51.397568,-2.5201056,27,Slight,Fine No High Winds,Single Carriageway,56.67,1.59,18.0,0,3,24
2366,51.451344,-2.3681006,27,Slight,Fine No High Winds,Single Carriageway,46.67,1.37,13.0,0,1,26
2576,52.96477,-2.73329,27,Slight,Fine No High Winds,Single Carriageway,59.63,1.67,13.0,1,9,17
2360,51.126194,-2.5704103,27,Slight,Fine No High Winds,Single Carriageway,42.96,1.56,18.0,0,4,23
2059,50.893906,0.056600668,27,Slight,Fine No High Winds,Single Carriageway,30.37,1.22,8.0,1,4,22
2751,57.15257,-2.277653,27,Slight,Fine No High Winds,Single Carriageway,32.22,1.19,11.0,1,8,18
1164,52.360386,-0.7614617,27,Serious,Fine No High Winds,Single Carriageway,60.0,1.89,17.0,0,14,13
1407,52.188663,1.4506265,27,Slight,Fine No High Winds,Single Carriageway,31.85,1.37,11.0,1,2,24
3137,51.13708,0.6419887,27,Slight,Fine No High Winds,Single Carriageway,55.93,1.56,11.0,0,2,25
2994,53.53089,-0.6535917,27,Slight,Fine No High Winds,Single Carriageway,31.48,1.44,16.0,0,3,24
3062,52.795315,1.3772882,27,Slight,Fine No High Winds,Single Carriageway,51.11,1.48,2.0,2,0,25
2726,57.214943,-3.823173,27,Slight,Fine No High Winds,Single Carriageway,59.26,1.89,9.0,0,3,24
1412,52.151985,1.6007634,27,Slight,Fine No High Winds,Single Carriageway,30.0,1.11,15.0,2,5,20
2686,52.193455,-4.3084254,27,Slight,Fine No High Winds,Single Carriageway,40.37,1.56,9.0,1,1,25
2060,50.989895,-0.22946836,27,Slight,Fine No High Winds,Single Carriageway,58.89,1.48,8.0,0,4,23
2718,57.817596,-4.0699406,27,Slight,Fine No High Winds,Single Carriageway,56.67,1.59,14.0,1,4,22
3130,51.111164,0.87928796,27,Slight,Fine No High Winds,Single Carriageway,47.04,1.3,17.0,1,7,19
3014,52.744663,-2.4006388,27,Slight,Fine No High Winds,Single Carriageway,55.19,1.7,8.0,1,4,22
1133,52.824738,-1.3648164,27,Slight,Fine No High Winds,Single Carriageway,55.19,1.44,9.0,2,1,24
919,52.876263,-1.4146438,27,Slight,Fine No High Winds,Single Carriageway,57.78,2.04,16.0,1,5,21
3015,52.20866,-1.6826818,27,Slight,Fine No High Winds,Single Carriageway,51.48,1.37,11.0,2,2,23
2097,50.90026,0.51943296,27,Slight,Fine No High Winds,Single Carriageway,47.04,1.33,8.0,0,4,23
1979,51.355434,0.6488593,27,Slight,Fine No High Winds,Single Carriageway,40.0,1.59,13.0,0,4,23
1423,52.2473,-0.5481801,27,Slight,Fine No High Winds,Single Carriageway,60.0,1.56,17.0,0,9,18
2708,51.917194,-3.467317,27,Slight,Fine No High Winds,Single Carriageway,55.93,1.63,13.0,1,5,21
3123,51.16152,-0.53609097,27,Slight,Fine No High Winds,Single Carriageway,47.78,1.33,14.0,1,1,25
1728,51.38278,-1.3400636,27,Slight,Fine No High Winds,Single Carriageway,30.37,1.11,15.0,0,4,23
2699,51.709206,-4.9505076,27,Slight,Fine No High Winds,Single Carriageway,30.0,1.26,15.0,0,3,24
2999,54.05989,-0.23604311,27,Slight,Fine No High Winds,Single Carriageway,52.59,1.52,16.0,1,3,23
2991,53.478077,-1.4102501,27,Slight,Fine No High Winds,Single Carriageway,52.59,1.7,16.0,0,5,22
3429,57.054688,-2.1484697,26,Slight,Fine No High Winds,Dual Carriageway,59.23,1.73,13.0,0,7,19
3462,51.6556,-1.2135403,26,Slight,Fine No High Winds,Single Carriageway,40.38,1.23,15.0,0,4,22
1725,51.458443,-0.7427585,26,Slight,Fine No High Winds,Single Carriageway,58.46,1.31,7.0,0,1,25
144,53.768856,-2.2234745,26,Slight,Fine No High Winds,Single Carriageway,48.46,1.42,13.0,1,7,18
1685,51.554382,-0.92745805,26,Slight,Fine No High Winds,Single Carriageway,62.31,1.58,18.0,1,2,23
130,53.7321,-2.4196763,26,Slight,Fine No High Winds,Single Carriageway,43.85,1.92,18.0,1,2,23
1722,51.43787,-1.3210266,26,Slight,Fine No High Winds,Dual Carriageway,67.69,1.69,19.0,1,5,20
3442,54.460007,-0.66426253,26,Slight,Fine No High Winds,Single Carriageway,41.92,1.38,12.0,1,3,22
3443,54.250557,-0.37847117,26,Slight,Fine No High Winds,Single Carriageway,37.31,1.62,16.0,1,2,23
3455,52.2144,-1.0003396,26,Slight,Fine No High Winds,Single Carriageway,41.92,1.19,15.0,1,7,18
3447,52.068848,-2.200591,26,Slight,Fine No High Winds,Single Carriageway,48.08,1.65,8.0,1,1,24
909,53.229855,-1.3657233,26,Slight,Fine No High Winds,Single Carriageway,48.46,1.58,9.0,0,4,22
1681,51.713394,-1.0928605,26,Slight,Fine No High Winds,Single Carriageway,51.15,1.92,18.0,3,7,16
1679,52.024246,-1.295049,26,Slight,Fine No High Winds,Dual Carriageway,70.0,1.31,4.0,1,1,24
2996,53.737648,-0.471879,26,Slight,Fine No High Winds,Single Carriageway,53.08,1.65,8.0,1,4,21
3309,51.64487,-0.8008897,26,Slight,Fine No High Winds,Single Carriageway,35.38,1.46,16.0,1,5,20
2989,53.730186,-1.4003868,26,Slight,Fine No High Winds,Single Carriageway,39.62,1.35,16.0,1,5,20
1411,52.161476,1.3804411,26,Slight,Fine No High Winds,Single Carriageway,55.38,1.31,17.0,0,3,23
3331,50.905354,0.16980194,26,Slight,Fine No High Winds,Single Carriageway,58.46,1.31,8.0,0,3,23
3332,50.990444,-0.27344492,26,Slight,Fine No High Winds,Single Carriageway,35.77,1.42,7.0,0,3,23
319,54.7626,-1.505279,26,Slight,Fine No High Winds,Single Carriageway,57.69,1.62,9.0,0,3,23
2978,53.796654,-1.2322383,26,Slight,Fine No High Winds,Single Carriageway,49.62,1.46,17.0,1,5,20
3346,51.27769,-2.2002974,26,Slight,Fine No High Winds,Single Carriageway,42.69,1.35,7.0,1,6,19
2971,54.948734,-1.9546958,26,Slight,Fine No High Winds,Single Carriageway,58.85,1.54,9.0,1,3,22
245,53.109097,-2.39872,26,Slight,Fine No High Winds,Single Carriageway,55.77,1.46,9.0,1,10,15
2965,53.09631,-2.3962495,26,Slight,Fine No High Winds,Single Carriageway,40.77,1.65,10.0,0,8,18
1437,52.083565,-0.6112302,26,Slight,Fine No High Winds,Single Carriageway,58.08,1.35,18.0,1,4,21
3366,55.746597,-4.527155,26,Slight,Fine No High Winds,Single Carriageway,57.31,1.27,8.0,0,4,22
3370,53.851505,-2.7635474,26,Slight,Fine No High Winds,Single Carriageway,58.85,1.42,9.0,0,10,16
2963,53.33368,-2.597617,26,Slight,Fine No High Winds,Dual Carriageway,61.54,2.04,17.0,0,5,21
3374,53.515827,-2.8050132,26,Slight,Fine No High Winds,Dual Carriageway,62.69,1.42,13.0,2,9,15
1446,52.061527,-0.3729448,26,Slight,Fine No High Winds,Single Carriageway,57.69,1.54,17.0,0,8,18
3470,51.278755,0.58322006,26,Slight,Fine No High Winds,Dual Carriageway,56.92,1.35,9.0,1,4,21
3385,52.333603,-1.8699703,26,Slight,Fine No High Winds,Dual Carriageway,60.0,1.42,8.0,3,0,23
1586,51.88779,0.26302952,26,Slight,Fine No High Winds,Single Carriageway,44.23,1.31,13.0,1,2,23
1613,51.83272,-0.782552,26,Slight,Fine No High Winds,Single Carriageway,35.0,1.54,9.0,1,2,23
3398,52.5339,1.0561379,26,Slight,Fine No High Winds,Dual Carriageway,63.85,1.81,14.0,5,2,19
1628,51.666325,-0.69764256,26,Slight,Fine No High Winds,Single Carriageway,30.0,1.42,15.0,0,4,22
2925,55.677265,-4.71314,26,Slight,Fine No High Winds,Single Carriageway,58.46,1.23,9.0,0,6,20
1980,51.328026,1.0249066,26,Slight,Fine No High Winds,Single Carriageway,40.38,1.54,19.0,2,6,18
3504,51.673393,-0.34502837,26,Slight,Fine No High Winds,Single Carriageway,51.54,1.58,8.0,0,2,24
1981,51.213676,0.31170416,26,Slight,Fine No High Winds,Single Carriageway,45.38,1.19,16.0,0,2,24
2714,52.408226,-3.571635,26,Slight,Fine No High Winds,Single Carriageway,60.0,1.73,12.0,1,6,19
2515,50.731117,-2.402269,26,Slight,Fine No High Winds,Single Carriageway,60.0,1.81,8.0,0,5,21
3598,55.09581,-1.6600279,26,Slight,Fine No High Winds,Dual Carriageway,63.85,1.54,7.0,2,3,21
3599,54.89746,-1.7930276,26,Slight,Fine No High Winds,Single Carriageway,55.77,1.96,15.0,0,6,20
3601,53.69328,-1.2306243,26,Slight,Fine No High Winds,Dual Carriageway,67.31,1.58,7.0,0,6,20
3603,53.710064,-0.13354608,26,Slight,Fine No High Winds,Single Carriageway,48.08,1.54,12.0,0,5,21
3604,52.873875,-3.003077,26,Slight,Fine No High Winds,Single Carriageway,32.69,1.27,8.0,0,4,22
3617,50.79507,-0.8251926,26,Slight,Fine No High Winds,Single Carriageway,44.23,1.85,10.0,0,7,19
3618,50.9795,-0.3411549,26,Slight,Fine No High Winds,Dual Carriageway,61.15,1.69,14.0,0,2,24
3628,55.692764,-4.8628154,26,Slight,Fine No High Winds,Single Carriageway,31.15,1.08,13.0,0,6,20
3635,54.151913,-2.4851477,26,Slight,Fine No High Winds,Single Carriageway,57.31,1.73,15.0,0,9,17
3638,51.98118,-0.6378753,26,Slight,Fine No High Winds,Single Carriageway,60.0,1.65,18.0,0,3,23
2712,52.50914,-3.2792768,26,Slight,Fine No High Winds,Single Carriageway,58.85,1.69,16.0,0,5,21
3651,53.23829,-1.9112881,26,Slight,Fine No High Winds,Single Carriageway,49.23,1.15,7.0,0,6,20
3586,51.812176,-3.8643658,26,Slight,Fine No High Winds,Single Carriageway,31.54,1.27,9.0,0,4,22
11,51.67617,-0.12449062,26,Slight,Fine No High Winds,Single Carriageway,33.46,1.42,12.0,1,4,21
3664,51.67432,-3.4839227,26,Slight,Fine No High Winds,Single Carriageway,34.62,1.19,18.0,0,3,23
3665,56.084557,-3.564002,26,Slight,Fine No High Winds,Single Carriageway,36.54,1.38,15.0,0,8,18
3666,55.741398,-4.2739196,26,Slight,Fine No High Winds,Single Carriageway,32.31,1.12,13.0,2,4,20
3672,53.054283,-1.1821256,26,Slight,Fine No High Winds,Single Carriageway,41.15,1.35,8.0,2,3,21
2731,56.74613,-5.201399,26,Slight,Raining No High Winds,Single Carriageway,59.23,1.31,18.0,1,2,23
3,51.59039,0.25385562,26,Slight,Fine No High Winds,Single Carriageway,32.31,1.65,9.0,0,2,24
2782,56.076252,-3.2903407,26,Slight,Fine No High Winds,Single Carriageway,60.0,1.5,7.0,2,5,19
3681,50.934013,0.07866565,26,Slight,Fine No High Winds,Single Carriageway,56.54,1.65,10.0,0,5,21
3690,53.27744,-2.3002687,26,Serious,Fine No High Winds,Single Carriageway,54.23,1.42,8.0,0,13,13
3691,53.25266,-2.968049,26,Slight,Fine No High Winds,Single Carriageway,51.15,1.42,12.0,1,6,19
3694,53.344486,0.009430077,26,Slight,Fine No High Winds,Single Carriageway,58.85,1.88,17.0,1,7,18
3590,57.2213,-2.0745924,26,Slight,Fine No High Winds,Dual Carriageway,68.46,1.62,15.0,2,7,17
3582,50.81689,-1.9824303,26,Slight,Fine No High Winds,Single Carriageway,45.38,1.31,14.0,0,2,24
3474,50.900887,-0.3352642,26,Slight,Fine No High Winds,Single Carriageway,56.15,1.15,9.0,1,5,20
2308,51.268307,-2.6530669,26,Slight,Fine No High Winds,Single Carriageway,59.23,2.12,16.0,3,6,17
3478,51.011745,-3.0438182,26,Slight,Fine No High Winds,Single Carriageway,33.08,1.38,12.0,0,4,22
2101,50.903008,0.4533161,26,Slight,Fine No High Winds,Single Carriageway,56.92,1.38,7.0,0,6,20
2141,50.342472,-5.109055,26,Slight,Fine No High Winds,Single Carriageway,41.15,1.73,7.0,0,3,23
2176,50.551758,-4.3322096,26,Slight,Fine No High Winds,Single Carriageway,56.54,1.81,12.0,0,2,24
2860,55.91284,-4.2702894,26,Slight,Fine No High Winds,Single Carriageway,57.31,1.54,8.0,0,5,21
3501,52.751347,-1.251456,26,Slight,Fine No High Winds,Single Carriageway,41.15,1.42,15.0,0,1,25
70,53.784245,-2.9241858,26,Slight,Fine No High Winds,Single Carriageway,47.69,1.58,7.0,0,4,22
3303,52.228806,0.6774161,26,Slight,Fine No High Winds,Single Carriageway,48.08,1.38,13.0,0,3,23
3508,50.87081,-1.1125754,26,Slight,Fine No High Winds,Single Carriageway,50.38,1.12,11.0,0,6,20
2278,51.13875,-3.0482302,26,Slight,Fine No High Winds,Single Carriageway,59.23,1.58,16.0,3,7,16
3514,50.990463,0.8938462,26,Slight,Fine No High Winds,Single Carriageway,57.31,1.65,14.0,1,1,24
3520,51.71055,-3.1463351,26,Slight,Fine No High Winds,Single Carriageway,40.0,1.65,19.0,0,1,25
2370,51.32482,-2.4149492,26,Slight,Fine No High Winds,Single Carriageway,52.31,1.58,16.0,2,3,21
2434,51.261208,-1.6419572,26,Slight,Fine No High Winds,Single Carriageway,60.0,1.54,7.0,1,3,22
3540,51.540726,-0.80420524,26,Slight,Fine No High Winds,Single Carriageway,45.38,1.42,7.0,0,5,21
2401,51.722385,-2.2276123,26,Slight,Fine No High Winds,Single Carriageway,40.38,1.62,13.0,1,7,18
3555,54.10695,-2.3714354,26,Slight,Fine No High Winds,Single Carriageway,60.0,1.31,12.0,2,7,17
3558,52.351944,-1.7790014,26,Slight,Fine No High Winds,Single Carriageway,33.85,1.19,18.0,0,2,24
3560,52.670357,-2.7634454,26,Slight,Fine No High Winds,Single Carriageway,48.46,1.58,11.0,1,5,20
3561,52.20594,-1.815903,26,Slight,Fine No High Winds,Single Carriageway,59.62,1.69,17.0,0,6,20
3563,53.078857,-1.0891458,26,Slight,Fine No High Winds,Single Carriageway,56.54,1.88,17.0,0,5,21
49,54.843063,-3.1169145,26,Slight,Fine No High Winds,Single Carriageway,60.0,1.58,16.0,0,5,21
3569,52.355614,0.033259653,26,Slight,Fine No High Winds,Single Carriageway,32.69,1.23,14.0,0,2,24
3574,50.701206,-1.2386165,26,Slight,Fine No High Winds,Single Carriageway,58.85,1.62,10.0,0,8,18
3576,50.638447,-4.3296824,26,Slight,Fine No High Winds,Single Carriageway,56.54,1.31,8.0,1,3,22
3580,50.764893,-2.0204446,26,Slight,Fine No High Winds,Single Carriageway,30.0,1.27,17.0,0,4,22
405,53.97271,-1.595244,26,Slight,Fine No High Winds,Single Carriageway,39.62,1.69,16.0,1,4,21
3425,51.129578,-1.7335846,26,Slight,Fine No High Winds,Single Carriageway,36.92,1.5,16.0,0,3,23
435,54.025387,-1.5147645,26,Slight,Fine No High Winds,Single Carriageway,57.69,1.85,16.0,0,5,21
3251,53.343655,-2.1618128,26,Slight,Fine No High Winds,Single Carriageway,31.15,1.23,12.0,0,3,23
3070,51.85103,-0.18035208,26,Slight,Fine No High Winds,Single Carriageway,38.85,1.5,10.0,1,3,22
3068,51.89915,-0.6115583,26,Slight,Fine No High Winds,Single Carriageway,54.23,1.42,20.0,0,1,25
612,53.862175,-0.39178956,26,Slight,Fine No High Winds,Single Carriageway,52.31,1.54,16.0,0,8,18
3059,52.509926,0.6554976,26,Slight,Fine No High Winds,Single Carriageway,42.69,1.31,10.0,1,5,20
3057,52.28874,0.4714732,26,Slight,Fine No High Winds,Dual Carriageway,65.38,2.04,7.0,5,6,15
3244,55.37377,-4.650153,26,Slight,Fine No High Winds,Single Carriageway,60.0,1.92,21.0,0,5,21
3055,52.31065,-0.81507003,26,Slight,Fine No High Winds,Single Carriageway,59.62,1.31,8.0,1,2,23
557,53.52335,-0.16430527,26,Slight,Fine No High Winds,Single Carriageway,57.69,1.88,14.0,0,8,18
3281,53.164757,-1.34858,26,Slight,Fine No High Winds,Single Carriageway,53.08,1.88,14.0,1,5,20
3257,55.14963,-1.5488466,26,Slight,Fine No High Winds,Dual Carriageway,64.62,1.96,12.0,0,2,24
3048,52.78431,-1.1466186,26,Slight,Fine No High Winds,Single Carriageway,56.54,1.31,17.0,1,6,19
3043,53.22876,0.126518,26,Slight,Fine No High Winds,Single Carriageway,53.46,2.15,14.0,0,7,19
3263,53.72528,-1.2657565,26,Slight,Fine No High Winds,Single Carriageway,43.85,1.46,13.0,2,4,20
3266,53.908855,-1.4085482,26,Slight,Fine No High Winds,Single Carriageway,32.31,1.31,16.0,0,0,26
528,53.565937,-1.1554163,26,Slight,Fine No High Winds,Single Carriageway,31.15,1.31,15.0,0,3,23
3029,53.114006,-1.373125,26,Slight,Fine No High Winds,Single Carriageway,40.77,1.46,8.0,0,4,22
1091,53.341454,-0.3976917,26,Slight,Fine No High Winds,Single Carriageway,55.38,1.5,8.0,0,3,23
3218,51.974144,-4.256222,26,Slight,Fine No High Winds,Single Carriageway,52.31,1.65,11.0,1,7,18
1028,52.788822,-0.37644893,26,Slight,Fine No High Winds,Single Carriageway,60.0,1.35,15.0,0,8,18
3093,51.861423,-1.3073938,26,Slight,Fine No High Winds,Single Carriageway,55.0,1.31,14.0,0,2,24
3150,50.99865,0.47767082,26,Slight,Fine No High Winds,Single Carriageway,53.08,1.81,12.0,1,10,15
922,52.859524,-1.6014788,26,Slight,Fine No High Winds,Single Carriageway,49.23,1.88,19.0,1,7,18
3135,51.113808,0.64320433,26,Slight,Fine No High Winds,Single Carriageway,35.77,1.19,14.0,0,1,25
3133,51.29311,1.3454303,26,Slight,Fine No High Winds,Dual Carriageway,49.62,1.42,8.0,0,1,25
960,53.4187,-1.0284619,26,Slight,Fine No High Winds,Single Carriageway,58.46,1.73,8.0,1,10,15
962,53.1406,-1.0315497,26,Slight,Fine No High Winds,Single Carriageway,30.0,1.27,16.0,0,6,20
808,52.123177,-1.5301851,26,Slight,Fine No High Winds,Single Carriageway,59.23,1.42,8.0,1,5,20
3175,50.8847,-3.0850515,26,Slight,Fine No High Winds,Single Carriageway,53.46,1.65,15.0,1,3,22
3176,50.77014,-3.0057535,26,Slight,Fine No High Winds,Single Carriageway,50.77,1.65,15.0,0,6,20
3178,50.834305,-3.3933907,26,Slight,Fine No High Winds,Single Carriageway,58.08,1.38,14.0,1,1,24
963,53.122498,-1.0214238,26,Slight,Fine No High Winds,Single Carriageway,54.23,1.96,14.0,0,3,23
3196,51.41927,-1.8719279,26,Slight,Fine No High Winds,Single Carriageway,58.08,1.19,8.0,0,3,23
966,53.051895,-1.0649384,26,Slight,Fine No High Winds,Single Carriageway,57.31,1.15,8.0,0,5,21
745,52.363125,-2.3660605,26,Slight,Fine No High Winds,Single Carriageway,50.38,1.65,11.0,0,6,20
3205,53.283676,-4.5638304,26,Slight,Fine No High Winds,Single Carriageway,33.85,1.23,16.0,1,5,20
1274,52.6366,0.17028481,26,Slight,Fine No High Winds,Single Carriageway,30.77,1.5,8.0,2,2,22
2780,56.182194,-3.191525,26,Slight,Fine No High Winds,Single Carriageway,48.85,1.35,17.0,0,4,22
3006,53.04044,-2.0528219,26,Slight,Fine No High Winds,Single Carriageway,34.62,1.5,9.0,0,0,26
3296,52.51798,-0.15539208,26,Slight,Fine No High Winds,Single Carriageway,59.23,1.46,7.0,0,2,24
3301,52.569176,1.6645538,26,Slight,Fine No High Winds,Single Carriageway,30.38,1.31,7.0,0,5,21
295,55.07241,-1.4711667,25,Slight,Fine No High Winds,Single Carriageway,52.0,1.6,20.0,2,2,21
3545,50.83932,-0.844753,25,Slight,Fine No High Winds,Single Carriageway,34.8,1.2,18.0,0,5,20
3204,50.712177,-2.5382316,25,Slight,Fine No High Winds,Single Carriageway,40.0,1.64,14.0,0,2,23
3552,55.503624,-3.695791,25,Slight,Fine No High Winds,Dual Carriageway,66.4,1.32,8.0,1,6,18
3550,55.958492,-3.4621034,25,Slight,Fine No High Winds,Single Carriageway,36.8,1.32,15.0,0,7,18
3549,56.48985,-2.8351986,25,Slight,Fine No High Winds,Dual Carriageway,48.0,1.4,8.0,0,4,21
3544,50.80008,-0.61816293,25,Slight,Fine No High Winds,Single Carriageway,42.4,1.24,13.0,0,5,20
3557,54.642353,-1.255461,25,Slight,Fine No High Winds,Dual Carriageway,66.8,1.8,17.0,3,2,20
3542,51.135693,1.2235328,25,Slight,Fine No High Winds,Single Carriageway,44.4,1.44,10.0,0,7,18
2833,55.988766,-2.562197,25,Slight,Fine No High Winds,Dual Carriageway,69.2,1.52,6.0,0,6,19
996,52.800613,-0.0296134,25,Slight,Fine No High Winds,Single Carriageway,37.2,1.6,9.0,1,2,22
1021,52.917152,-0.32143277,25,Slight,Fine No High Winds,Single Carriageway,60.0,1.56,13.0,0,8,17
3537,52.085472,0.0149866,25,Slight,Fine No High Winds,Single Carriageway,40.0,1.12,14.0,0,5,20
3556,53.86879,-0.34490517,25,Slight,Fine No High Winds,Single Carriageway,53.2,1.76,12.0,0,2,23
3201,50.966084,-2.161849,25,Slight,Fine No High Winds,Single Carriageway,59.2,1.4,10.0,1,4,20
993,53.06161,-0.39560768,25,Slight,Fine No High Winds,Single Carriageway,53.2,1.48,12.0,0,3,22
3533,52.856354,-1.2351565,25,Slight,Fine No High Winds,Single Carriageway,60.0,1.52,17.0,0,5,20
3562,53.04994,-1.4496077,25,Slight,Fine No High Winds,Single Carriageway,30.0,1.24,7.0,1,4,20
3564,52.947685,-0.06192468,25,Slight,Fine No High Winds,Single Carriageway,50.0,1.36,8.0,0,2,23
2427,51.64814,-2.6599874,25,Slight,Fine No High Winds,Single Carriageway,50.8,1.44,7.0,0,5,20
3317,50.880863,-1.1812426,25,Slight,Fine No High Winds,Single Carriageway,47.6,1.44,13.0,0,7,18
3568,52.327023,-1.1442615,25,Slight,Fine No High Winds,Dual Carriageway,64.4,1.44,8.0,1,7,17
3197,51.19784,-1.7738017,25,Slight,Fine No High Winds,Single Carriageway,30.4,1.12,7.0,0,4,21
1386,52.148346,0.55377495,25,Slight,Fine No High Winds,Single Carriageway,59.2,1.36,15.0,0,3,22
3577,50.35814,-4.8618793,25,Slight,Fine No High Winds,Single Carriageway,36.4,1.36,12.0,1,2,22
3579,51.864925,-2.488738,25,Slight,Fine No High Winds,Single Carriageway,34.0,1.24,17.0,0,2,23
758,51.933666,-2.4827065,25,Slight,Fine No High Winds,Single Carriageway,59.6,1.56,13.0,0,5,20
3534,52.761063,-1.3202063,25,Slight,Fine No High Winds,Single Carriageway,58.8,1.64,10.0,0,4,21
3531,52.415062,-2.2852368,25,Slight,Fine No High Winds,Single Carriageway,55.6,1.48,17.0,1,6,18
3321,50.637207,-1.2590369,25,Slight,Fine No High Winds,Single Carriageway,37.6,1.52,8.0,0,2,23
1389,52.347412,0.7385967,25,Slight,Fine No High Winds,Single Carriageway,60.0,1.92,16.0,1,5,19
3476,50.53154,-4.331325,25,Slight,Fine No High Winds,Single Carriageway,55.6,1.88,15.0,1,7,17
3236,56.429985,-5.4585986,25,Slight,Fine No High Winds,Single Carriageway,60.0,1.44,8.0,1,5,19
3481,50.7335,-2.7854376,25,Slight,Fine No High Winds,Single Carriageway,52.8,2.04,11.0,2,9,14
3005,53.007492,-2.0833993,25,Slight,Fine No High Winds,Single Carriageway,58.8,1.6,7.0,1,6,18
1391,52.079636,0.7392747,25,Slight,Fine No High Winds,Single Carriageway,58.8,1.8,8.0,0,9,16
3486,57.032433,-2.156732,25,Slight,Fine No High Winds,Dual Carriageway,60.4,1.12,18.0,1,7,17
3487,55.597267,-2.7137628,25,Slight,Fine No High Winds,Single Carriageway,49.2,1.56,14.0,1,5,19
3488,55.92689,-4.282335,25,Slight,Fine No High Winds,Roundabout,44.4,1.44,13.0,0,5,20
3489,55.396748,-4.523838,25,Slight,Fine No High Winds,Single Carriageway,60.0,1.32,13.0,0,4,21
3490,55.10544,-3.3496897,25,Slight,Fine No High Winds,Single Carriageway,64.4,1.76,11.0,0,7,18
2113,50.245052,-5.2794123,25,Slight,Fine No High Winds,Single Carriageway,50.8,1.44,12.0,1,3,21
3492,54.196976,-2.7236779,25,Slight,Fine No High Winds,Dual Carriageway,61.6,1.48,9.0,0,4,21
3496,53.243317,-1.5784776,25,Slight,Fine No High Winds,Single Carriageway,53.2,1.56,17.0,0,3,22
3111,51.018543,-0.93063337,25,Slight,Fine No High Winds,Slip Road,64.0,1.36,13.0,1,5,19
3498,52.57749,-1.256071,25,Slight,Fine No High Winds,Dual Carriageway,70.0,1.64,14.0,2,1,22
3072,51.871246,0.6606791,25,Slight,Fine No High Winds,Single Carriageway,56.0,1.8,8.0,1,7,17
663,52.97157,-1.9649253,25,Slight,Fine No High Winds,Single Carriageway,56.4,2.0,10.0,0,3,22
433,54.1783,-0.530485,25,Slight,Fine No High Winds,Single Carriageway,43.2,1.4,17.0,1,10,14
3506,51.62611,-1.2225548,25,Slight,Fine No High Winds,Single Carriageway,58.8,1.68,8.0,1,7,17
3507,51.467392,-0.7438605,25,Slight,Fine No High Winds,Single Carriageway,53.6,1.24,6.0,2,4,19
1042,53.365078,-0.03086568,25,Slight,Fine No High Winds,Single Carriageway,58.4,1.72,16.0,0,6,19
3510,51.01937,-1.3912038,25,Slight,Fine No High Winds,Single Carriageway,44.8,1.4,17.0,0,5,20
3512,51.302765,0.84319687,25,Slight,Raining No High Winds,Dual Carriageway,69.6,1.24,8.0,1,1,23
3085,51.783005,-1.4569948,25,Slight,Fine No High Winds,Single Carriageway,63.6,1.4,7.0,2,6,17
3517,51.49765,-2.4355798,25,Slight,Fine No High Winds,Dual Carriageway,67.6,2.28,8.0,1,4,20
3090,51.67489,-1.5127667,25,Slight,Fine No High Winds,Single Carriageway,50.8,1.76,21.0,2,4,19
3583,53.085438,-3.0569499,25,Slight,Fine No High Winds,Single Carriageway,58.4,1.28,17.0,1,5,19
3587,51.7918,-5.051236,25,Slight,Fine No High Winds,Single Carriageway,60.0,1.76,13.0,0,6,19
1858,51.384453,-0.64954245,25,Slight,Fine No High Winds,Single Carriageway,45.6,1.44,7.0,1,4,20
3592,55.91846,-3.6777744,25,Slight,Fine No High Winds,Single Carriageway,58.4,1.36,16.0,0,4,21
3661,51.41601,-2.2685032,25,Slight,Fine No High Winds,Single Carriageway,44.0,1.44,16.0,1,3,21
3662,51.77637,-3.2993686,25,Slight,Fine No High Winds,Dual Carriageway,54.4,1.8,14.0,0,6,19
3161,50.124672,-5.6805,25,Slight,Fine No High Winds,Single Carriageway,36.4,1.24,12.0,0,4,21
1385,52.03859,0.7765737,25,Slight,Fine No High Winds,Single Carriageway,56.8,1.68,7.0,0,6,19
3667,54.95015,-2.6787174,25,Slight,Fine No High Winds,Single Carriageway,60.0,1.68,11.0,1,0,24
3668,53.813446,-2.6082604,25,Serious,Fine No High Winds,Single Carriageway,46.4,2.08,22.0,3,13,9
3670,51.999897,-2.793302,25,Slight,Fine No High Winds,Single Carriageway,59.2,1.72,17.0,0,5,20
3671,52.283936,-1.3927417,25,Slight,Fine No High Winds,Single Carriageway,32.0,1.24,15.0,0,6,19
3138,51.32366,1.1969551,25,Slight,Fine No High Winds,Single Carriageway,39.6,1.6,16.0,0,3,22
3674,52.035324,-0.3529951,25,Slight,Fine No High Winds,Single Carriageway,47.6,1.24,17.0,0,2,23
3001,53.947147,-0.88897216,25,Slight,Fine No High Winds,Single Carriageway,51.2,1.96,16.0,1,10,14
3676,51.559105,-0.708988,25,Slight,Fine No High Winds,Single Carriageway,33.6,1.24,9.0,0,1,24
3678,50.98642,0.81506026,25,Slight,Fine No High Winds,Single Carriageway,59.6,1.32,9.0,1,8,16
3151,50.916763,0.44773257,25,Slight,Fine No High Winds,Single Carriageway,48.4,1.68,17.0,0,2,23
3684,50.874615,-0.92418295,25,Slight,Fine No High Winds,Single Carriageway,59.6,1.72,23.0,0,4,21
3687,55.808144,-3.8069754,25,Slight,Fine No High Winds,Dual Carriageway,60.4,1.52,10.0,0,7,18
3688,53.81653,-2.4262304,25,Slight,Fine No High Winds,Single Carriageway,38.0,1.16,15.0,0,2,23
3689,53.29599,-2.1058555,25,Slight,Fine No High Winds,Single Carriageway,30.0,1.12,17.0,0,5,20
3148,50.79001,-0.7933927,25,Slight,Fine No High Winds,Single Carriageway,39.2,1.6,16.0,1,3,21
3693,53.190063,-1.1314508,25,Slight,Fine No High Winds,Single Carriageway,57.2,1.32,6.0,1,4,20
3147,51.025467,0.5077352,25,Slight,Fine No High Winds,Single Carriageway,59.6,2.0,15.0,1,5,19
3695,52.160805,0.7620685,25,Slight,Fine No High Winds,Single Carriageway,60.0,1.48,8.0,2,3,20
3696,52.037983,-0.30209586,25,Slight,Fine No High Winds,Single Carriageway,33.6,1.16,16.0,0,4,21
3699,51.44591,-0.7526923,25,Slight,Fine No High Winds,Single Carriageway,59.6,1.44,14.0,1,3,21
3700,51.615997,-1.6349472,25,Slight,Fine No High Winds,Single Carriageway,56.4,1.6,8.0,2,4,19
3702,51.122974,-0.7505386,25,Slight,Fine No High Winds,Single Carriageway,35.6,1.44,10.0,0,4,21
3703,52.998425,-2.9627182,25,Slight,Fine No High Winds,Single Carriageway,58.8,1.32,18.0,0,4,21
3660,51.285355,-2.7896273,25,Slight,Fine No High Winds,Single Carriageway,30.0,1.68,8.0,0,2,23
3657,51.06812,-1.0206467,25,Slight,Fine No High Winds,Single Carriageway,58.8,1.28,16.0,0,7,18
3654,52.79583,-1.2945001,25,Slight,Fine No High Winds,Dual Carriageway,66.4,1.36,7.0,1,2,22
3614,51.238434,0.58079225,25,Slight,Fine No High Winds,Single Carriageway,40.0,1.64,11.0,2,8,15
3116,50.942623,-1.292651,25,Slight,Fine No High Winds,Single Carriageway,49.2,1.12,8.0,2,3,20
3594,54.33024,-2.6214645,25,Slight,Fine No High Winds,Single Carriageway,61.6,1.88,16.0,0,5,20
3595,53.899536,-2.9517932,25,Slight,Fine No High Winds,Single Carriageway,36.0,1.28,16.0,0,1,24
2516,50.73354,-2.7231321,25,Slight,Fine No High Winds,Single Carriageway,59.6,1.64,12.0,0,9,16
3297,52.620087,0.1500064,25,Slight,Fine No High Winds,Single Carriageway,54.8,1.44,20.0,0,3,22
3602,53.506084,-0.14908871,25,Slight,Fine No High Winds,Single Carriageway,56.4,1.68,8.0,0,7,18
3180,50.575214,-3.6227999,25,Slight,Fine No High Winds,Single Carriageway,54.4,1.16,9.0,0,2,23
3606,52.82729,-0.0141375605,25,Slight,Fine No High Winds,Single Carriageway,57.6,1.64,7.0,0,6,19
3314,50.97224,-1.2558643,25,Slight,Fine No High Winds,Single Carriageway,42.0,1.24,8.0,0,5,20
3608,52.896465,-0.594817,25,Slight,Fine No High Winds,Single Carriageway,55.6,1.44,18.0,0,7,18
3609,52.788715,-1.0180957,25,Slight,Fine No High Winds,Single Carriageway,60.0,1.56,16.0,2,4,19
3610,52.27766,-0.13895561,25,Slight,Fine No High Winds,Single Carriageway,60.0,1.44,8.0,1,7,17
390,54.268253,-0.93390787,25,Slight,Fine No High Winds,Single Carriageway,32.8,1.12,17.0,0,5,20
3647,55.478676,-2.552115,25,Slight,Fine No High Winds,Single Carriageway,31.6,1.28,9.0,0,1,24
3312,51.42287,-1.104422,25,Slight,Fine No High Winds,Single Carriageway,59.2,1.48,16.0,0,6,19
3623,51.20062,-1.8618585,25,Slight,Fine No High Winds,Single Carriageway,57.6,1.28,18.0,0,3,22
3173,50.7183,-3.0859823,25,Slight,Fine No High Winds,Single Carriageway,51.2,1.52,17.0,0,3,22
3629,55.60748,-4.3263974,25,Slight,Fine No High Winds,Single Carriageway,33.6,1.08,8.0,1,4,20
3633,55.080723,-2.0953274,25,Slight,Fine No High Winds,Single Carriageway,60.0,1.28,9.0,0,6,19
3634,54.069023,-2.2799659,25,Slight,Fine No High Winds,Single Carriageway,27.2,1.08,15.0,0,2,23
3636,53.49836,-1.7937175,25,Slight,Fine No High Winds,Single Carriageway,56.8,1.8,17.0,1,7,17
3169,50.401722,-4.6861906,25,Slight,Fine No High Winds,Single Carriageway,56.4,1.4,19.0,1,5,19
3640,51.07028,-1.2068204,25,Serious,Fine No High Winds,Dual Carriageway,69.2,1.68,9.0,0,15,10
3641,51.293793,0.9571226,25,Slight,Fine No High Winds,Dual Carriageway,51.2,1.28,14.0,0,2,23
3167,50.49304,-4.766084,25,Slight,Fine No High Winds,Single Carriageway,52.4,1.68,11.0,1,2,22
3125,51.007668,0.8586045,25,Slight,Fine No High Winds,Single Carriageway,55.6,1.64,10.0,0,6,19
3465,51.344166,-1.3401304,25,Slight,Fine No High Winds,Dual Carriageway,60.4,1.24,17.0,0,4,21
668,53.05556,-2.0484834,25,Slight,Fine No High Winds,Single Carriageway,47.6,1.28,18.0,0,2,23
2931,55.663586,-4.4467726,25,Slight,Fine No High Winds,Dual Carriageway,64.4,1.32,6.0,0,5,20
3428,52.48275,-3.3416877,25,Slight,Fine No High Winds,Single Carriageway,58.8,1.56,9.0,1,8,16
3359,51.634136,-3.129534,25,Slight,Fine No High Winds,Single Carriageway,34.8,2.08,9.0,0,4,21
1630,51.669384,-0.5248526,25,Slight,Fine No High Winds,Single Carriageway,56.0,1.52,11.0,0,5,20
3413,51.21436,-0.4144758,25,Slight,Fine No High Winds,Single Carriageway,44.8,1.56,8.0,1,7,17
3416,50.942543,-0.22541569,25,Slight,Fine No High Winds,Single Carriageway,55.2,1.12,6.0,1,7,17
3417,50.160812,-5.3560314,25,Slight,Fine No High Winds,Single Carriageway,43.2,1.68,18.0,0,6,19
3419,50.65772,-3.4837143,25,Slight,Fine No High Winds,Single Carriageway,51.6,1.2,17.0,1,9,15
3424,51.707848,-2.228663,25,Slight,Fine No High Winds,Single Carriageway,37.6,1.24,0.0,0,4,21
3333,50.79414,0.14835687,25,Slight,Fine No High Winds,Single Carriageway,50.8,1.2,17.0,0,5,20
3050,52.6724,-1.2839019,25,Slight,Fine No High Winds,Dual Carriageway,67.2,1.76,16.0,0,3,22
3407,51.59783,-1.3091912,25,Slight,Fine No High Winds,Single Carriageway,38.4,1.36,17.0,0,4,21
1429,52.086475,-0.48919812,25,Slight,Fine No High Winds,Single Carriageway,45.2,1.36,12.0,0,4,21
3254,53.027145,-2.5586376,25,Slight,Fine No High Winds,Single Carriageway,57.6,1.64,18.0,1,5,19
1688,51.683872,-1.1688076,25,Slight,Fine No High Winds,Single Carriageway,54.0,1.68,12.0,2,8,15
3435,55.905933,-4.1848307,25,Slight,Raining No High Winds,Single Carriageway,56.8,1.28,15.0,0,1,24
3353,53.09254,-3.804408,25,Slight,Fine No High Winds,Single Carriageway,30.0,1.16,17.0,0,6,19
3436,55.690712,-4.0750666,25,Slight,Raining No High Winds,Single Carriageway,60.0,1.32,15.0,2,5,18
2970,55.12791,-1.6416707,25,Slight,Fine No High Winds,Single Carriageway,58.0,1.36,17.0,0,3,22
3438,54.739502,-3.4115644,25,Slight,Fine No High Winds,Single Carriageway,53.2,1.68,16.0,1,6,18
3336,50.99098,-4.1958375,25,Slight,Fine No High Winds,Single Carriageway,49.2,1.28,16.0,1,3,21
3402,52.027573,-0.5540615,25,Slight,Fine No High Winds,Single Carriageway,58.8,1.52,17.0,0,6,19
3439,55.203068,-1.7120559,25,Slight,Fine No High Winds,Single Carriageway,59.6,1.8,14.0,2,1,22
3285,53.02546,-0.89132035,25,Slight,Fine No High Winds,Single Carriageway,58.0,1.48,4.0,1,6,18
220,53.294556,-3.0220013,25,Slight,Fine No High Winds,Single Carriageway,52.4,1.48,13.0,0,7,18
3276,52.09414,-1.6290022,25,Slight,Fine No High Winds,Single Carriageway,50.8,1.16,13.0,0,7,18
236,53.155746,-2.3185182,25,Slight,Fine No High Winds,Single Carriageway,50.8,1.68,17.0,2,5,18
3274,51.928867,-2.6765702,25,Slight,Fine No High Winds,Single Carriageway,60.0,1.48,16.0,0,4,21
3278,53.12847,-1.4897101,25,Slight,Fine No High Winds,Single Carriageway,52.0,1.72,11.0,1,4,20
3376,55.061005,-1.4839555,25,Slight,Fine No High Winds,Single Carriageway,58.4,1.76,23.0,0,3,22
2958,53.664513,-2.7752151,25,Slight,Fine No High Winds,Single Carriageway,29.2,1.16,10.0,0,2,23
3379,53.939274,-2.0131333,25,Slight,Fine No High Winds,Single Carriageway,52.4,1.44,15.0,0,3,22
3382,54.56906,-1.0007786,25,Slight,Fine No High Winds,Single Carriageway,60.0,2.12,13.0,1,4,20
3400,52.14226,1.2189652,25,Slight,Fine No High Winds,Single Carriageway,48.4,1.32,9.0,1,1,23
3387,52.22716,-1.8808014,25,Slight,Fine No High Winds,Single Carriageway,47.6,1.4,22.0,0,5,20
1538,51.6446,0.79292,25,Slight,Fine No High Winds,Single Carriageway,49.6,1.32,8.0,1,6,18
1543,51.836456,0.51272905,25,Slight,Fine No High Winds,Dual Carriageway,65.2,1.24,10.0,0,4,21
185,53.448532,-2.4337668,25,Slight,Fine No High Winds,Dual Carriageway,70.0,2.0,16.0,1,3,21
3391,52.87106,-1.1294621,25,Slight,Fine No High Winds,Single Carriageway,47.2,1.28,7.0,1,6,18
3394,52.485073,-1.1972681,25,Slight,Fine No High Winds,Single Carriageway,62.4,1.52,18.0,2,4,19
3036,53.030487,-0.38389954,25,Slight,Fine No High Winds,Single Carriageway,57.6,1.8,10.0,1,3,21
3362,52.043983,-3.7402172,25,Slight,Fine No High Winds,Single Carriageway,57.2,1.36,7.0,0,8,17
3283,53.225426,-1.1116887,25,Slight,Fine No High Winds,Single Carriageway,58.0,1.48,7.0,1,6,18
303,54.694008,-1.7461166,25,Slight,Fine No High Winds,Single Carriageway,30.0,1.4,11.0,1,5,19
2973,54.772327,-1.4759756,25,Slight,Fine No High Winds,Single Carriageway,36.4,1.72,10.0,0,6,19
3445,53.38533,-1.3532621,25,Slight,Fine No High Winds,Single Carriageway,31.2,1.2,17.0,0,3,22
1426,52.16336,-0.5267183,25,Slight,Fine No High Winds,Single Carriageway,50.4,1.32,8.0,0,1,24
3461,51.68042,-1.1321151,25,Slight,Fine No High Winds,Single Carriageway,41.6,1.28,8.0,0,6,19
1182,52.07387,-0.8847719,25,Slight,Fine No High Winds,Single Carriageway,57.6,1.4,16.0,0,7,18
3448,52.79866,-2.9487915,25,Slight,Fine No High Winds,Single Carriageway,46.8,1.44,9.0,1,3,21
3284,53.087246,-0.87078166,25,Slight,Fine No High Winds,Single Carriageway,53.2,1.36,10.0,1,6,18
1767,50.702736,-1.346025,25,Slight,Fine No High Winds,Single Carriageway,58.4,1.92,11.0,0,8,17
1729,51.429707,-1.0467105,25,Slight,Fine No High Winds,Dual Carriageway,70.0,1.6,8.0,2,2,21
3446,52.340435,-2.1938615,25,Slight,Fine No High Winds,Single Carriageway,57.6,1.48,7.0,0,5,20
3450,53.35268,-1.0046489,25,Slight,Fine No High Winds,Single Carriageway,42.0,1.48,15.0,0,2,23
3458,52.051876,1.033734,25,Slight,Fine No High Winds,Single Carriageway,36.4,1.68,16.0,0,2,23
2975,54.538403,-1.6753651,25,Slight,Fine No High Winds,Single Carriageway,57.6,1.84,16.0,0,6,19
3248,53.90735,-2.960354,25,Slight,Fine No High Winds,Single Carriageway,56.0,1.52,17.0,0,7,18
1185,52.271008,-0.9147051,25,Slight,Fine No High Winds,Single Carriageway,33.6,1.12,8.0,0,6,19
3452,52.67822,-0.7199326,25,Slight,Fine No High Winds,Single Carriageway,40.8,1.24,16.0,0,5,20
3441,54.26415,-0.44255775,25,Slight,Fine No High Winds,Single Carriageway,51.2,1.48,17.0,0,3,22
3453,52.560097,-1.0644574,25,Slight,Fine No High Winds,Single Carriageway,57.6,1.88,10.0,1,6,18
2966,53.3128,-3.0661125,24,Slight,Fine No High Winds,Single Carriageway,42.92,1.58,16.0,2,2,20
3627,56.125122,-3.8320868,24,Slight,Fine No High Winds,Single Carriageway,53.75,1.21,9.0,1,4,19
3159,50.10612,-5.2932177,24,Slight,Fine No High Winds,Single Carriageway,56.25,1.21,17.0,0,3,21
3110,50.85284,-1.298544,24,Slight,Fine No High Winds,Single Carriageway,30.0,1.04,15.0,1,6,17
3631,53.428226,-2.682185,24,Slight,Fine No High Winds,Single Carriageway,49.17,1.71,14.0,0,1,23
3122,51.183746,-0.10907046,24,Slight,Fine No High Winds,Single Carriageway,43.75,1.38,9.0,0,5,19
292,54.918133,-1.4890361,24,Slight,Fine No High Winds,Single Carriageway,50.42,1.5,15.0,1,5,18
2358,50.97392,-3.1766837,24,Slight,Fine No High Winds,Dual Carriageway,65.83,1.96,11.0,0,3,21
3299,52.627453,1.5887543,23,Slight,Fine No High Winds,Single Carriageway,60.0,1.65,17.0,1,6,16
3611,52.6003,1.1774431,23,Slight,Fine No High Winds,Single Carriageway,27.39,1.22,15.0,1,5,17
3613,51.452705,-1.3282921,23,Slight,Fine No High Winds,Dual Carriageway,67.39,1.22,7.0,1,0,22
3444,53.4692,-1.2041774,23,Slight,Fine No High Winds,Single Carriageway,49.57,1.65,17.0,0,7,16
3373,53.482067,-2.6663322,23,Slight,Fine No High Winds,Single Carriageway,43.48,1.39,9.0,0,8,15
1202,52.36455,-1.1589358,23,Slight,Fine No High Winds,Dual Carriageway,70.0,2.0,13.0,0,5,18
614,54.66174,-1.1914091,23,Slight,Fine No High Winds,Single Carriageway,29.57,1.39,7.0,0,3,20
3619,50.399414,-4.9402776,23,Slight,Fine No High Winds,Single Carriageway,46.09,1.39,14.0,0,3,20
3469,51.3511,1.1149675,23,Slight,Fine No High Winds,Single Carriageway,50.43,1.35,9.0,1,2,20
3188,51.130566,-3.0400712,23,Slight,Fine No High Winds,Single Carriageway,52.61,1.61,9.0,1,3,19
3626,57.802807,-4.0459437,23,Slight,Fine No High Winds,Single Carriageway,58.7,2.3,14.0,0,5,18
1035,52.925903,-0.65637696,23,Slight,Fine No High Winds,Single Carriageway,30.0,1.39,8.0,0,2,21
1263,52.388523,0.22748147,23,Slight,Fine No High Winds,Single Carriageway,56.96,1.22,9.0,0,6,17
3017,52.259453,-1.8898796,23,Slight,Fine No High Winds,Single Carriageway,44.78,1.35,17.0,0,5,18
1180,52.3978,-1.1564074,23,Slight,Fine No High Winds,Dual Carriageway,69.13,1.35,7.0,1,5,17
3518,51.91139,-2.1447265,23,Slight,Fine No High Winds,Single Carriageway,50.0,1.83,7.0,0,3,20
3683,50.919968,-0.11530486,22,Slight,Fine No High Winds,Single Carriageway,33.64,1.32,16.0,0,3,19
3399,52.050182,1.2583739,22,Slight,Fine No High Winds,Single Carriageway,60.0,1.64,22.0,1,4,17
2956,53.77676,-2.916088,22,Slight,Fine No High Winds,Single Carriageway,29.55,1.41,14.0,0,5,17
1351,52.655334,1.6992968,22,Slight,Fine No High Winds,Roundabout,60.45,1.32,7.0,0,2,20
3330,50.838566,-0.74056536,22,Slight,Fine No High Winds,Single Carriageway,52.27,1.86,4.0,1,3,18
3369,55.49413,-4.6001897,22,Slight,Fine No High Winds,Single Carriageway,30.0,1.14,17.0,0,6,16
3181,50.424133,-3.831566,22,Slight,Fine No High Winds,Single Carriageway,39.09,1.18,12.0,0,1,21
3051,52.538025,-1.3338451,22,Slight,Fine No High Winds,Single Carriageway,55.0,1.68,12.0,0,2,20
3480,51.3672,-2.8718882,22,Slight,Fine No High Winds,Single Carriageway,47.73,1.36,16.0,0,0,22
3206,53.322937,-3.7877843,22,Slight,Fine No High Winds,Single Carriageway,36.36,1.77,17.0,0,4,18
1136,52.63463,-1.2378389,22,Slight,Fine No High Winds,Single Carriageway,32.73,1.5,16.0,0,2,20
3368,55.897667,-4.0903354,22,Slight,Fine No High Winds,Single Carriageway,34.09,1.36,13.0,0,4,18
3340,50.34996,-3.5978842,22,Slight,Fine No High Winds,Single Carriageway,35.0,1.32,15.0,0,5,17
445,54.01842,-1.0965179,22,Slight,Fine No High Winds,Single Carriageway,47.27,1.41,16.0,0,5,17
3049,52.7572,-1.2335778,22,Slight,Fine No High Winds,Single Carriageway,30.0,1.05,18.0,0,3,19
3255,53.2809,-2.436601,22,Slight,Fine No High Winds,Dual Carriageway,55.91,1.36,7.0,0,2,20
3692,53.279797,-2.9669783,22,Slight,Fine No High Winds,Single Carriageway,56.36,1.45,11.0,1,6,15
2547,53.194016,-3.0006287,22,Slight,Fine No High Winds,Single Carriageway,38.64,1.59,15.0,0,1,21
2955,54.305687,-2.7599466,22,Slight,Fine No High Winds,Dual Carriageway,60.0,1.45,17.0,0,4,18
3157,50.94188,-0.14327332,22,Slight,Fine No High Winds,Single Carriageway,55.45,1.91,17.0,1,6,15
3620,50.545944,-3.631729,22,Slight,Fine No High Winds,Single Carriageway,55.91,1.18,12.0,0,3,19
3472,51.190063,0.37343392,21,Slight,Fine No High Winds,Single Carriageway,57.62,1.38,8.0,0,3,18
2092,50.89567,-0.011399381,21,Slight,Fine No High Winds,Single Carriageway,50.48,1.33,8.0,0,5,16
3701,51.255894,-0.68334436,21,Slight,Fine No High Winds,Single Carriageway,36.19,1.62,18.0,1,4,16
2976,54.04754,-1.5485728,21,Slight,Fine No High Winds,Single Carriageway,60.0,1.76,10.0,1,8,12
3310,51.863804,-0.8321191,21,Slight,Fine No High Winds,Single Carriageway,60.0,1.86,7.0,2,4,15
3597,55.041756,-1.7485439,21,Slight,Fine No High Winds,Single Carriageway,38.57,1.48,9.0,0,3,18
3360,51.49028,-3.2913728,21,Slight,Fine No High Winds,Dual Carriageway,68.1,1.52,10.0,0,1,20
3553,53.76841,-1.0883261,21,Slight,Fine No High Winds,Single Carriageway,33.81,1.14,15.0,0,4,17
3433,55.900604,-3.4182599,21,Slight,Fine No High Winds,Single Carriageway,49.05,1.29,14.0,0,3,18
1199,52.320778,-0.66402084,21,Slight,Fine No High Winds,Single Carriageway,58.57,1.24,12.0,2,7,12
3551,55.89572,-4.1280527,21,Slight,Fine No High Winds,Dual Carriageway,43.81,1.43,23.0,0,4,17
3652,52.909325,-1.0166487,21,Slight,Fine No High Winds,Single Carriageway,60.95,1.38,15.0,0,4,17
3571,51.850727,-0.07553567,21,Slight,Fine No High Winds,Single Carriageway,60.0,1.48,14.0,0,3,18
503,53.891388,-1.6683142,21,Slight,Fine No High Winds,Single Carriageway,54.76,1.67,17.0,0,6,15
254,53.122334,-2.4373355,21,Slight,Fine No High Winds,Single Carriageway,54.29,1.52,15.0,0,2,19
3343,51.701527,-1.9993266,21,Slight,Fine No High Winds,Single Carriageway,59.05,1.9,8.0,2,3,16
2364,50.907127,-3.0392523,20,Slight,Fine No High Winds,Single Carriageway,57.5,1.65,17.0,1,2,17
3471,51.322243,0.4877564,20,Slight,Fine No High Winds,Single Carriageway,49.5,1.2,7.0,0,1,19
490,53.633087,-1.6968448,20,Slight,Fine No High Winds,Single Carriageway,34.5,1.25,12.0,1,3,16
3106,51.10965,-1.0507642,20,Slight,Fine No High Winds,Single Carriageway,33.0,1.15,17.0,0,5,15
3004,52.460438,-1.72855,20,Slight,Fine No High Winds,Single Carriageway,32.0,1.3,17.0,0,0,20
3363,51.664265,-4.090095,20,Slight,Fine No High Winds,Single Carriageway,46.5,1.35,8.0,1,2,17
3616,51.26811,0.3837983,20,Slight,Fine No High Winds,Single Carriageway,39.5,1.25,13.0,0,1,19
3239,55.6325,-4.745791,20,Slight,Fine No High Winds,Single Carriageway,31.5,1.05,19.0,0,1,19
1584,51.61447,0.67819804,20,Slight,Fine No High Winds,Single Carriageway,38.0,1.3,13.0,0,1,19
574,53.589977,-0.39351645,20,Slight,Fine No High Winds,Dual Carriageway,70.0,1.55,14.0,1,4,15
3649,53.378815,-2.3762574,20,Slight,Fine No High Winds,Single Carriageway,41.0,1.35,17.0,0,3,17
3499,52.822487,-1.3775362,20,Slight,Fine No High Winds,Single Carriageway,50.5,2.15,11.0,1,7,12
2500,50.7864,-1.8175637,20,Slight,Fine No High Winds,Single Carriageway,50.0,1.55,5.0,0,5,15
2579,53.262745,-3.2293713,20,Slight,Fine No High Winds,Single Carriageway,53.0,1.6,17.0,0,2,18
638,52.390717,-1.8274711,19,Slight,Fine No High Winds,Single Carriageway,30.53,1.42,17.0,0,7,12
3056,52.537437,-0.22907111,19,Slight,Fine No High Winds,Single Carriageway,30.0,1.32,15.0,0,4,15
3686,56.046593,-3.3964927,19,Slight,Fine No High Winds,Dual Carriageway,64.74,1.53,17.0,1,5,13
3320,51.18013,-0.8416224,19,Slight,Fine No High Winds,Single Carriageway,50.53,1.74,9.0,0,2,17
3268,53.504047,-1.2489574,19,Slight,Fine No High Winds,Single Carriageway,57.37,1.58,10.0,1,4,14
3644,50.91158,0.15782347,19,Slight,Fine No High Winds,Single Carriageway,59.47,1.47,19.0,0,6,13
3653,52.75098,-0.91145396,19,Slight,Fine No High Winds,Single Carriageway,51.58,1.74,16.0,0,2,17
3565,53.0288,-0.76996756,19,Slight,Fine No High Winds,Dual Carriageway,66.32,1.84,18.0,1,0,18
3397,52.78373,1.2562212,19,Slight,Fine No High Winds,Single Carriageway,51.58,1.42,11.0,0,2,17
3412,50.8116,-1.2158576,19,Slight,Fine No High Winds,Single Carriageway,31.05,1.32,17.0,0,6,13
1624,51.670414,-0.9291628,19,Slight,Fine No High Winds,Single Carriageway,55.26,1.16,16.0,0,5,14
2821,55.980217,-3.3750076,19,Slight,Fine No High Winds,Single Carriageway,41.05,1.05,17.0,0,1,18
251,53.269726,-2.8224182,19,Slight,Fine No High Winds,Single Carriageway,47.89,1.79,16.0,0,4,15
3625,51.687607,-4.209717,18,Slight,Fine No High Winds,Single Carriageway,31.67,1.28,12.0,1,1,16
3406,51.64293,-1.3143183,18,Slight,Fine No High Winds,Single Carriageway,47.78,1.56,7.0,1,3,14
952,53.18873,-1.0356845,18,Slight,Fine No High Winds,Single Carriageway,55.0,1.56,7.0,0,2,16
1942,51.22925,0.2194605,18,Slight,Fine No High Winds,Single Carriageway,58.33,1.11,10.0,2,2,14
3535,52.721813,-1.0757194,18,Slight,Fine No High Winds,Dual Carriageway,65.56,1.33,9.0,1,0,17
2477,51.50655,-1.6044717,18,Slight,Fine No High Winds,Dual Carriageway,68.33,1.33,13.0,0,6,12
3578,51.2184,-2.959046,18,Slight,Fine No High Winds,Dual Carriageway,64.44,1.56,12.0,1,5,12
3547,53.22127,-4.2103877,18,Slight,Fine No High Winds,Single Carriageway,38.33,1.33,17.0,0,3,15
3126,51.064102,1.0568603,18,Slight,Fine No High Winds,Single Carriageway,37.22,1.22,9.0,0,3,15
3177,50.767235,-2.9841073,18,Slight,Fine No High Winds,Single Carriageway,57.22,1.39,15.0,1,0,17
3290,52.518654,-1.177381,17,Slight,Fine No High Winds,Dual Carriageway,70.0,2.24,12.0,0,2,15
3141,50.907486,-0.35475194,17,Slight,Fine No High Winds,Single Carriageway,60.0,1.29,13.0,1,2,14
3516,50.941315,0.5130379,17,Slight,Fine No High Winds,Single Carriageway,57.65,1.59,13.0,2,2,13
3454,52.291935,-1.1088349,17,Slight,Fine No High Winds,Dual Carriageway,68.82,1.71,12.0,0,2,15
3073,51.59842,0.46076018,17,Slight,Fine No High Winds,Single Carriageway,48.82,1.35,17.0,0,1,16
3311,51.790688,-1.4111781,17,Slight,Fine No High Winds,Single Carriageway,59.41,1.76,16.0,0,4,13
176,53.36804,-2.3123531,17,Slight,Fine No High Winds,Single Carriageway,30.0,1.41,8.0,0,3,14
3418,50.4941,-4.291852,17,Slight,Fine No High Winds,Single Carriageway,56.47,2.0,8.0,1,0,16
3530,54.52139,-1.1774644,16,Slight,Fine No High Winds,Single Carriageway,35.0,1.44,14.0,0,2,14
3456,52.53747,-0.19739556,16,Slight,Fine No High Winds,Single Carriageway,57.5,1.62,6.0,0,3,13
1514,51.8571,0.58714134,16,Slight,Fine No High Winds,Single Carriageway,36.88,1.19,16.0,0,6,10
3246,51.336815,0.029986188,16,Slight,Fine No High Winds,Single Carriageway,30.62,1.56,15.0,0,1,15
3146,50.896786,0.4490813,16,Slight,Fine No High Winds,Single Carriageway,30.0,1.38,8.0,0,2,14
3229,55.89832,-3.1161592,16,Slight,Fine No High Winds,Dual Carriageway,62.5,1.31,16.0,1,1,14
3124,51.313595,-0.50883734,16,Slight,Fine No High Winds,Single Carriageway,37.5,1.25,7.0,1,3,12
3431,57.19852,-2.1840863,16,Slight,Fine No High Winds,Single Carriageway,34.38,1.12,18.0,0,3,13
3575,50.807,-0.61509836,16,Slight,Fine No High Winds,Single Carriageway,44.38,1.38,17.0,0,1,15
3658,51.077084,-0.64754975,15,Serious,Fine No High Winds,Single Carriageway,60.0,1.67,17.0,0,8,7
2972,54.655266,-1.7096528,15,Slight,Fine No High Winds,Single Carriageway,36.67,1.67,16.0,0,3,12
3642,51.099506,1.0222105,15,Slight,Fine No High Winds,Dual Carriageway,70.0,1.4,2.0,1,2,12
899,53.12946,-1.416505,15,Slight,Fine No High Winds,Single Carriageway,42.0,1.4,12.0,0,2,13
3525,53.367554,-2.0950198,15,Slight,Fine No High Winds,Single Carriageway,34.67,1.6,18.0,0,2,13
253,53.286625,-3.0249155,15,Slight,Fine No High Winds,Dual Carriageway,60.67,1.13,7.0,0,2,13
3319,50.976852,-1.404271,15,Slight,Fine No High Winds,Single Carriageway,35.33,1.2,18.0,0,3,12
3104,51.425514,-0.8242149,15,Slight,Fine No High Winds,Dual Carriageway,64.67,1.07,7.0,0,2,13
3449,52.865505,-1.5479635,15,Slight,Fine No High Winds,Dual Carriageway,60.67,1.4,17.0,0,4,11
3194,51.887363,-2.2105443,15,Slight,Fine No High Winds,Single Carriageway,34.0,1.13,8.0,0,3,12
3115,50.688427,-1.1851583,15,Slight,Fine No High Winds,Single Carriageway,60.0,1.47,15.0,0,4,11
3663,51.610966,-3.024082,15,Slight,Fine No High Winds,Single Carriageway,29.33,1.0,18.0,0,5,10
168,53.534206,-2.5349634,14,Slight,Fine No High Winds,Single Carriageway,30.0,1.36,7.0,0,1,13
3386,51.935055,-2.6825004,14,Slight,Fine No High Winds,Single Carriageway,60.0,1.36,12.0,1,1,12
3046,52.720478,-1.3981751,14,Slight,Fine No High Winds,Single Carriageway,35.0,1.29,15.0,1,0,13
3401,51.876408,-0.46565756,14,Slight,Fine No High Winds,Single Carriageway,58.57,1.71,6.0,0,3,11
3548,51.654903,-4.055197,14,Slight,Fine No High Winds,Single Carriageway,40.71,1.36,14.0,2,0,12
3120,51.340046,-0.5861769,14,Slight,Fine No High Winds,Single Carriageway,50.71,1.79,10.0,0,4,10
3179,50.55398,-3.643719,14,Slight,Fine No High Winds,Single Carriageway,55.0,1.43,8.0,0,2,12
3087,51.669254,-0.93925035,14,Slight,Fine No High Winds,Single Carriageway,57.86,1.43,17.0,1,2,11
3515,51.05971,1.0477334,14,Slight,Fine No High Winds,Single Carriageway,50.0,1.29,21.0,0,1,13
2990,53.549427,-1.0120597,14,Slight,Fine No High Winds,Dual Carriageway,70.0,2.21,17.0,0,2,12
1810,50.919243,-1.241379,13,Slight,Fine No High Winds,Single Carriageway,39.23,1.77,7.0,0,3,10
3117,51.220005,-0.4668328,13,Slight,Fine No High Winds,Single Carriageway,34.62,1.15,13.0,0,2,11
3648,53.52568,-2.030843,13,Slight,Fine No High Winds,Single Carriageway,31.54,1.15,5.0,0,3,10
348,54.89689,-1.7305703,13,Slight,Fine No High Winds,Single Carriageway,37.69,1.77,18.0,0,0,13
3098,51.40905,-0.6225978,13,Slight,Fine No High Winds,Single Carriageway,52.31,1.38,14.0,0,2,11
3630,53.66988,-2.7042613,13,Slight,Fine No High Winds,Single Carriageway,58.46,1.62,15.0,1,3,9
3109,51.3316,-0.83445716,12,Slight,Fine No High Winds,Single Carriageway,32.5,1.33,0.0,0,1,11
3477,51.508602,-2.4625723,12,Slight,Fine No High Winds,Single Carriageway,50.0,1.42,7.0,0,2,10
3023,53.45781,-1.9501195,12,Slight,Fine No High Winds,Single Carriageway,44.17,1.67,0.0,1,0,11
3624,50.872437,-2.15452,12,Slight,Fine No High Winds,Roundabout,54.17,1.5,11.0,1,0,11
3519,53.1003,-2.9601965,12,Slight,Fine No High Winds,Dual Carriageway,52.5,1.08,0.0,1,2,9
3295,52.133556,0.155555,12,Slight,Fine No High Winds,Single Carriageway,60.0,1.33,18.0,1,4,7
2979,54.051876,-1.5406559,11,Slight,Fine No High Winds,Single Carriageway,60.0,1.91,6.0,1,2,8
3526,53.20978,-2.726183,11,Slight,Fine No High Winds,Dual Carriageway,53.64,1.82,13.0,2,2,7
3409,51.60388,-1.3110924,11,Slight,Fine No High Winds,Single Carriageway,54.55,1.45,8.0,0,5,6
965,53.07912,-0.9382839,10,Slight,Fine No High Winds,Single Carriageway,48.0,1.7,8.0,0,1,9
3193,51.65316,-2.6519952,10,Slight,Fine No High Winds,Single Carriageway,52.0,2.0,13.0,1,0,9
3427,50.7755,-1.8397322,10,Slight,Fine No High Winds,Single Carriageway,51.0,1.7,21.0,0,2,8
2340,51.405655,-2.3208253,9,Slight,Fine No High Winds,Single Carriageway,31.11,1.0,8.0,0,0,9
3421,51.158833,-3.3426092,9,Slight,Fine No High Winds,Single Carriageway,47.78,1.78,10.0,0,3,6
3524,53.680763,-2.79732,9,Slight,Fine No High Winds,Single Carriageway,47.78,1.56,17.0,1,2,6
3523,55.910164,-4.177273,9,Slight,Fine No High Winds,Single Carriageway,53.33,1.78,18.0,0,2,7
3650,53.212383,-1.3944931,9,Slight,Fine No High Winds,Single Carriageway,55.56,1.56,7.0,0,1,8
3572,51.847343,0.17698322,9,Slight,Fine No High Winds,Single Carriageway,47.78,1.22,8.0,0,1,8
3682,51.042423,0.16947266,9,Slight,Fine No High Winds,Single Carriageway,30.0,1.44,9.0,0,0,9
3573,51.77343,0.69014686,9,Slight,Fine No High Winds,Single Carriageway,31.11,1.22,17.0,0,2,7
3292,52.261,-0.95997036,9,Slight,Fine No High Winds,Single Carriageway,40.0,2.22,17.0,0,2,7
3698,51.650368,0.19783238,8,Slight,Fine No High Winds,Dual Carriageway,70.0,1.5,1.0,0,0,8
3475,50.239544,-5.282581,8,Slight,Fine No High Winds,Single Carriageway,56.25,1.62,21.0,0,0,8
3513,51.14358,0.643497,8,Slight,Fine No High Winds,Single Carriageway,60.0,1.38,14.0,0,1,7
3679,51.27279,0.38838014,7,Slight,Fine No High Winds,Single Carriageway,37.14,1.0,17.0,0,1,6
3612,52.014294,-1.3105993,7,Slight,Fine No High Winds,Single Carriageway,42.86,1.57,5.0,0,3,4
3505,51.78902,-1.4017422,7,Slight,Fine No High Winds,Single Carriageway,60.0,1.86,13.0,0,3,4
3697,51.845684,-0.071196,5,Slight,Fine No High Winds,Single Carriageway,60.0,1.4,16.0,0,0,5
3655,52.210297,0.18655474,4,Slight,Fine No High Winds,Single Carriageway,52.5,3.0,16.0,0,0,4
3365,55.841545,-4.1403255,4,Slight,Fine No High Winds,Single Carriageway,32.5,1.0,7.0,0,0,4
3639,51.75715,-1.1479571,4,Slight,Raining No High Winds,Dual Carriageway,70.0,1.0,11.0,0,1,3
3646,51.666733,-4.094269,4,Serious,Fine No High Winds,Single Carriageway,47.5,1.5,11.0,0,3,1
3685,51.201492,-1.8716847,3,Slight,Fine No High Winds,Single Carriageway,56.67,1.33,6.0,0,1,2
3509,50.995144,-1.378827,1,Slight,Fine No High Winds,Single Carriageway,30.0,1.0,9.0,0,0,1
3546,51.549995,-2.431771,1,Slight,Fine No High Winds,Single Carriageway,40.0,1.0,21.0,0,0,1
